datetime,aqi,pm25,pm10,co,no2,o3,so2,temp,humidity,pressure,wind
2025-01-01 00:00,185,121.64,170.55,1321.79,24.33,73.67,19.31,,,,
2025-01-01 01:00,184,120.37,166.26,1295.09,25.02,75.82,19.79,,,,
2025-01-01 02:00,189,128.43,174.78,1482.01,33.59,72.96,22.65,,,,
2025-01-01 03:00,209,158.69,214.13,2189.64,61.69,54.36,29.09,,,,
2025-01-01 04:00,229,178.27,247.68,2777.1,82.25,43.27,34.33,,,,
2025-01-01 05:00,233,183.25,262.43,2937.32,80.2,52.93,37.67,,,,
2025-01-01 06:00,234,184.2,267.1,2696.99,70.6,78.68,42.44,,,,
2025-01-01 07:00,214,163.51,242.92,2056.12,53.47,115.87,47.21,,,,
2025-01-01 08:00,199,149.43,226.28,1708.98,45.24,138.76,57.22,,,,
2025-01-01 09:00,193,135.98,213.3,1455.31,41.13,150.2,68.66,,,,
2025-01-01 10:00,185,121.73,197.42,1295.09,40.44,150.2,73.43,,,,
2025-01-01 11:00,185,120.54,196.7,1455.31,51.41,140.19,80.11,,,,
2025-01-01 12:00,185,120.93,198.26,1682.28,65.8,120.16,85.83,,,,
2025-01-01 13:00,191,133.4,215.62,2243.04,94.59,82.25,87.74,,,,
2025-01-01 14:00,212,161.8,254.03,3097.53,127.49,43.27,79.15,,,,
2025-01-01 15:00,245,195.22,298.16,3738.4,142.57,21.28,65.8,,,,
2025-01-01 16:00,269,219.42,331.2,3845.21,127.49,17.34,53.41,,,,
2025-01-01 17:00,267,216.98,331.08,3364.56,97.33,28.97,42.92,,,,
2025-01-01 18:00,254,203.57,312.09,2830.51,72.66,42.92,36.24,,,,
2025-01-01 19:00,233,182.52,278.93,2323.15,56.21,53.64,30.52,,,,
2025-01-01 20:00,210,159.49,240.54,1842.5,44.55,64.37,25.03,,,,
2025-01-01 21:00,197,145.42,213.2,1468.66,32.9,75.1,21.22,,,,
2025-01-01 22:00,198,146.7,207.26,1335.14,26.39,80.82,20.27,,,,
2025-01-01 23:00,204,154.01,211.54,1348.5,24.68,81.54,20.03,,,,
2025-01-02 00:00,209,158.2,214.34,1388.55,24.68,79.39,20.27,,,,
2025-01-02 00:00,209,158.2,214.34,1388.55,24.68,79.39,20.27,,,,
2025-01-02 01:00,211,160.47,215.91,1455.31,27.42,75.82,20.5,,,,
2025-01-02 02:00,222,171.36,228.2,1762.39,39.76,65.8,22.89,,,,
2025-01-02 03:00,268,218.3,284.69,2883.91,81.57,34.33,29.8,,,,
2025-01-02 04:00,313,263.07,343.19,4165.65,113.79,12.7,36.72,,,,
2025-01-02 05:00,325,274.52,364.42,4592.9,113.79,19.49,42.44,,,,
2025-01-02 06:00,326,275.44,369.52,4219.06,108.3,42.56,49.11,,,,
2025-01-02 07:00,284,233.85,322.35,2990.72,84.31,90.12,55.31,,,,
2025-01-02 08:00,265,215.35,301.52,2456.67,69.92,121.59,61.99,,,,
2025-01-02 09:00,263,212.91,299.07,2269.74,67.86,138.76,73.43,,,,
2025-01-02 10:00,304,253.92,348.93,3150.94,109.67,115.87,83.92,,,,
2025-01-02 11:00,380,330.27,442.06,4646.3,178.22,70.1,85.83,,,,
2025-01-02 12:00,417,375.07,497.6,5393.98,227.57,30.76,82.97,,,,
2025-01-02 13:00,446,418.72,544.56,6301.88,260.47,2.7,79.15,,,,
2025-01-02 14:00,485,477.05,599.69,7476.81,268.7,0.0,70.57,,,,
2025-01-02 15:00,500,520.49,633.88,7690.43,268.7,0.02,61.99,,,,
2025-01-02 16:00,500,578.6,687.81,8651.73,276.92,0.03,61.99,,,,
2025-01-02 17:00,500,707.94,829.21,11001.59,290.63,0.0,64.85,,,,
2025-01-02 18:00,500,798.38,930.29,12390.14,274.18,0.0,63.9,,,,
2025-01-02 19:00,500,724.47,857.26,11428.83,230.31,0.0,55.31,,,,
2025-01-02 20:00,500,518.26,640.77,8224.49,175.48,0.0,41.96,,,,
2025-01-02 21:00,382,332.48,445.66,4859.92,122.01,0.03,30.99,,,,
2025-01-02 22:00,292,242.77,348.49,2990.72,84.31,7.33,25.27,,,,
2025-01-02 23:00,270,219.75,318.95,2323.15,54.15,32.54,23.37,,,,
2025-01-03 00:00,269,219.11,313.66,2109.53,42.16,49.35,22.89,,,,
2025-01-03 00:00,269,219.11,313.66,2109.53,42.16,49.35,22.89,,,,
2025-01-03 01:00,277,227.36,317.72,2162.93,42.16,54.36,23.37,,,,
2025-01-03 02:00,299,249.46,338.89,2563.48,57.58,48.64,26.46,,,,
2025-01-03 03:00,367,317.14,414.02,3952.03,108.3,16.09,34.81,,,,
2025-01-03 04:00,432,397.58,510.29,5928.04,138.46,6.71,44.82,,,,
2025-01-03 05:00,468,452.7,581.24,7370.0,153.54,15.56,52.45,,,,
2025-01-03 06:00,500,505.13,646.24,8010.86,189.19,32.9,59.6,,,,
2025-01-03 07:00,266,215.92,287.33,2643.59,78.14,124.45,51.02,,,,
2025-01-03 08:00,244,194.21,253.39,2002.72,55.52,163.08,46.25,,,,
2025-01-03 09:00,262,212.01,272.16,2029.42,54.15,191.69,48.64,,,,
2025-01-03 10:00,271,221.1,278.78,1922.61,50.72,214.58,45.78,,,,
2025-01-03 11:00,251,200.48,250.38,1588.82,40.44,214.58,35.29,,,,
2025-01-03 12:00,215,164.31,206.44,1241.68,29.82,197.41,23.84,,,,
2025-01-03 13:00,192,133.97,169.36,1054.76,26.39,171.66,16.69,,,,
2025-01-03 14:00,184,119.7,152.15,961.3,23.65,155.93,13.59,,,,
2025-01-03 15:00,183,117.6,149.55,894.55,18.16,154.5,12.4,,,,
2025-01-03 16:00,194,139.41,176.87,1174.93,28.1,140.19,14.9,,,,
2025-01-03 17:00,215,164.64,208.87,1508.71,39.41,120.16,16.93,,,,
2025-01-03 18:00,227,176.99,223.61,1682.28,43.87,107.29,16.93,,,,
2025-01-03 19:00,219,168.41,212.82,1642.23,44.55,98.71,15.14,,,,
2025-01-03 20:00,199,147.55,185.93,1482.01,40.1,97.27,12.28,,,,
2025-01-03 21:00,187,125.0,156.83,1308.44,31.87,97.27,9.66,,,,
2025-01-03 22:00,169,90.39,113.14,1094.82,23.31,95.84,7.21,,,,
2025-01-03 23:00,151,56.39,73.1,821.11,16.28,97.27,5.9,,,,
2025-01-04 00:00,107,37.82,53.38,620.84,11.82,95.84,5.54,,,,
2025-01-04 00:00,107,37.82,53.38,620.84,11.82,95.84,5.54,,,,
2025-01-04 01:00,90,30.48,47.55,547.41,10.97,92.98,6.5,,,,
2025-01-04 02:00,104,36.54,56.86,714.3,17.48,82.97,8.82,,,,
2025-01-04 03:00,156,64.41,91.49,1214.98,36.67,62.94,12.87,,,,
2025-01-04 04:00,175,101.25,137.14,1815.8,56.21,44.7,18.36,,,,
2025-01-04 05:00,179,109.24,151.08,1922.61,51.41,46.49,22.89,,,,
2025-01-04 06:00,172,95.6,138.29,1655.58,41.13,59.37,26.7,,,,
2025-01-04 07:00,106,37.51,66.66,694.27,15.42,91.55,20.74,,,,
2025-01-04 08:00,81,26.39,48.78,520.71,9.77,110.15,15.5,,,,
2025-01-04 09:00,74,22.89,41.9,473.98,8.48,120.16,12.64,,,,
2025-01-04 10:00,62,17.22,32.04,423.91,7.54,123.02,10.49,,,,
2025-01-04 11:00,52,12.38,23.24,397.21,7.63,124.45,10.73,,,,
2025-01-04 12:00,40,9.57,18.22,390.53,8.48,120.16,10.61,,,,
2025-01-04 13:00,49,11.74,21.61,560.76,18.34,101.57,10.49,,,,
2025-01-04 14:00,59,15.7,28.35,700.95,26.05,82.97,8.94,,,,
2025-01-04 15:00,65,18.54,33.28,707.63,24.33,78.68,7.75,,,,
2025-01-04 16:00,84,27.8,45.4,881.2,29.13,72.24,8.58,,,,
2025-01-04 17:00,110,39.21,59.26,1081.47,34.62,65.8,9.78,,,,
2025-01-04 18:00,130,47.45,69.34,1214.98,37.01,64.37,10.49,,,,
2025-01-04 19:00,145,53.56,77.19,1361.85,43.18,58.65,10.85,,,,
2025-01-04 20:00,153,58.84,82.34,1535.42,51.41,48.64,11.32,,,,
2025-01-04 21:00,161,75.49,100.48,1869.2,58.95,38.98,13.35,,,,
2025-01-04 22:00,171,95.06,122.45,2109.53,61.01,31.11,14.9,,,,
2025-01-04 23:00,176,103.99,133.09,2136.23,57.58,25.39,15.5,,,,
2025-01-05 00:00,179,109.39,141.13,2136.23,55.52,20.03,16.45,,,,
2025-01-05 00:00,179,109.39,141.13,2136.23,55.52,20.03,16.45,,,,
2025-01-05 01:00,178,108.24,143.22,2082.82,53.47,17.88,17.88,,,,
2025-01-05 02:00,180,112.18,150.63,2189.64,59.63,14.66,19.79,,,,
2025-01-05 03:00,204,153.99,200.82,3097.53,85.68,3.13,25.27,,,,
2025-01-05 04:00,257,206.97,269.18,4379.27,100.08,10.46,31.47,,,,
2025-01-05 05:00,316,265.52,344.98,5607.6,115.16,19.67,37.67,,,,
2025-01-05 06:00,369,318.89,408.61,6141.66,145.32,39.7,44.82,,,,
2025-01-05 07:00,182,115.87,161.57,1842.5,55.52,107.29,61.99,,,,
2025-01-05 08:00,167,86.56,122.0,1241.68,37.01,131.61,54.36,,,,
2025-01-05 09:00,171,94.08,127.67,1148.22,32.9,153.06,47.68,,,,
2025-01-05 10:00,168,88.5,117.78,974.66,25.7,168.8,38.62,,,,
2025-01-05 11:00,158,68.52,92.97,767.71,17.99,173.09,28.13,,,,
2025-01-05 12:00,123,44.45,66.53,600.81,14.22,158.79,19.79,,,,
2025-01-05 13:00,105,37.11,59.8,834.47,32.56,114.44,16.45,,,,
2025-01-05 14:00,125,45.06,70.71,1295.09,58.95,66.52,19.07,,,,
2025-01-05 15:00,153,59.73,87.25,1655.58,71.29,43.99,22.65,,,,
2025-01-05 16:00,168,88.67,118.6,2136.23,83.63,27.18,27.42,,,,
2025-01-05 17:00,197,144.03,178.93,3044.13,104.19,7.06,34.81,,,,
2025-01-05 18:00,281,231.25,275.33,4379.27,124.75,0.19,43.87,,,,
2025-01-05 19:00,331,281.24,336.72,5180.36,138.46,0.01,45.3,,,,
2025-01-05 20:00,276,225.82,285.26,4325.87,119.27,0.08,34.33,,,,
2025-01-05 21:00,196,143.4,196.31,2777.1,80.88,4.2,24.32,,,,
2025-01-05 22:00,173,98.64,141.3,1789.09,45.93,31.47,20.5,,,,
2025-01-05 23:00,169,90.88,128.42,1508.71,32.56,47.21,19.79,,,,
2025-01-06 00:00,171,94.4,131.23,1468.66,30.16,53.64,20.5,,,,
2025-01-06 00:00,171,94.4,131.23,1468.66,30.16,53.64,20.5,,,,
2025-01-06 01:00,175,101.69,139.69,1575.47,33.59,52.93,21.93,,,,
2025-01-06 02:00,188,126.22,168.18,2029.42,50.04,41.84,24.8,,,,
2025-01-06 03:00,252,202.21,255.81,3524.78,98.71,9.21,32.42,,,,
2025-01-06 04:00,343,292.66,362.55,5607.6,117.9,7.96,41.96,,,,
2025-01-06 05:00,401,351.06,433.76,6942.75,132.98,16.99,50.07,,,,
2025-01-06 06:00,431,396.45,487.29,7370.0,165.88,37.91,57.7,,,,
2025-01-06 07:00,182,116.16,162.06,2162.93,60.32,107.29,41.96,,,,
2025-01-06 08:00,163,77.79,114.02,1388.55,36.67,130.18,34.81,,,,
2025-01-06 09:00,160,72.76,105.38,1268.39,33.59,141.62,35.76,,,,
2025-01-06 10:00,160,72.15,101.27,1201.63,32.56,151.63,35.29,,,,
2025-01-06 11:00,159,71.23,98.03,1148.22,31.87,155.93,31.47,,,,
2025-01-06 12:00,153,60.33,87.05,1014.71,31.53,145.91,26.46,,,,
2025-01-06 13:00,139,51.09,79.01,1028.06,37.7,118.73,25.27,,,,
2025-01-06 14:00,148,54.62,84.53,1321.79,52.78,89.41,31.47,,,,
2025-01-06 15:00,157,67.37,101.67,1708.98,67.17,67.23,40.05,,,,
2025-01-06 16:00,172,95.67,140.87,2349.85,85.0,45.42,47.68,,,,
2025-01-06 17:00,186,124.09,179.87,2803.8,89.11,34.33,46.73,,,,
2025-01-06 18:00,186,122.36,177.33,2563.48,70.6,42.56,38.15,,,,
2025-01-06 19:00,174,99.13,145.49,2082.82,52.78,55.79,29.56,,,,
2025-01-06 20:00,159,70.16,105.81,1535.42,38.39,69.38,22.89,,,,
2025-01-06 21:00,143,52.63,80.24,1121.52,26.39,80.11,19.07,,,,
2025-01-06 22:00,127,45.94,70.3,947.95,20.05,84.4,17.88,,,,
2025-01-06 23:00,118,42.45,66.23,867.84,17.82,83.68,17.88,,,,
2025-01-07 00:00,113,40.45,64.69,841.14,17.48,82.97,18.12,,,,
2025-01-07 00:00,113,40.45,64.69,841.14,17.48,82.97,18.12,,,,
2025-01-07 01:00,121,43.46,68.75,921.25,20.39,78.68,19.07,,,,
2025-01-07 02:00,157,66.32,95.68,1401.9,35.3,65.09,22.65,,,,
2025-01-07 03:00,186,124.1,164.18,2643.59,78.83,30.4,30.52,,,,
2025-01-07 04:00,219,168.2,220.38,3845.21,100.08,18.24,37.67,,,,
2025-01-07 05:00,221,170.36,230.22,3952.03,94.59,29.68,42.44,,,,
2025-01-07 06:00,206,155.29,216.54,3311.16,85.0,57.22,46.25,,,,
2025-01-07 07:00,160,72.47,112.3,1482.01,39.76,111.58,37.67,,,,
2025-01-07 08:00,143,52.71,83.8,1054.76,27.42,131.61,35.29,,,,
2025-01-07 09:00,133,48.46,77.57,961.3,25.02,140.19,36.72,,,,
2025-01-07 10:00,133,48.46,77.22,961.3,25.7,144.48,35.29,,,,
2025-01-07 11:00,136,49.79,78.31,1014.71,28.79,141.62,33.38,,,,
2025-01-07 12:00,136,49.67,79.12,1068.12,34.27,130.18,32.9,,,,
2025-01-07 13:00,161,74.64,111.43,1949.31,80.88,79.39,40.05,,,,
2025-01-07 14:00,195,141.24,193.63,3845.21,160.4,11.27,52.93,,,,
2025-01-07 15:00,284,234.17,304.96,5661.01,180.96,0.0,63.9,,,,
2025-01-07 16:00,356,306.27,398.72,6515.5,165.88,0.0,66.76,,,,
2025-01-07 17:00,361,310.83,415.15,5928.04,139.83,0.0,61.04,,,,
2025-01-07 18:00,328,277.96,380.42,4913.33,119.27,0.02,51.98,,,,
2025-01-07 19:00,284,234.08,328.16,4112.24,105.56,0.2,42.92,,,,
2025-01-07 20:00,242,191.44,273.42,3364.56,94.59,1.68,34.81,,,,
2025-01-07 21:00,207,156.86,226.27,2670.29,74.71,15.56,28.85,,,,
2025-01-07 22:00,196,142.81,202.2,2243.04,55.52,35.76,26.46,,,,
2025-01-07 23:00,194,138.32,191.42,2029.42,45.24,48.64,26.46,,,,
2025-01-08 00:00,194,139.06,188.9,1976.01,41.81,54.36,27.42,,,,
2025-01-08 00:00,194,139.06,188.9,1976.01,41.81,54.36,27.42,,,,
2025-01-08 01:00,199,148.29,196.96,2109.53,46.61,50.07,29.09,,,,
2025-01-08 02:00,232,182.11,234.05,2750.4,68.55,32.19,32.42,,,,
2025-01-08 03:00,334,283.99,350.37,4646.3,112.41,2.59,41.96,,,,
2025-01-08 04:00,438,406.82,497.17,7476.81,132.98,5.41,54.84,,,,
2025-01-08 05:00,479,468.73,576.31,8972.17,164.51,15.2,66.76,,,,
2025-01-08 06:00,496,494.57,607.51,9078.98,211.12,39.7,77.25,,,,
2025-01-08 07:00,458,436.65,533.05,7370.0,213.86,92.98,110.63,,,,
2025-01-08 08:00,500,509.48,614.27,7583.62,235.8,141.62,127.79,,,,
2025-01-08 09:00,500,550.34,670.28,7583.62,241.28,180.24,122.07,,,,
2025-01-08 10:00,492,487.92,608.7,6301.88,213.86,191.69,100.14,,,,
2025-01-08 11:00,376,326.03,419.95,4219.06,157.65,165.94,70.57,,,,
2025-01-08 12:00,213,162.19,220.05,2323.15,97.33,128.75,47.68,,,,
2025-01-08 13:00,162,77.52,111.42,1295.09,61.69,105.86,38.15,,,,
2025-01-08 14:00,156,65.11,95.45,1255.04,61.69,85.12,32.9,,,,
2025-01-08 15:00,159,71.2,103.14,1321.79,58.26,82.97,29.33,,,,
2025-01-08 16:00,178,108.64,148.16,1949.31,73.34,67.95,29.8,,,,
2025-01-08 17:00,227,176.72,225.81,3017.43,102.82,42.56,32.42,,,,
2025-01-08 18:00,299,249.54,304.34,3898.62,124.75,26.11,33.86,,,,
2025-01-08 19:00,326,275.79,329.18,4112.24,126.12,20.03,30.52,,,,
2025-01-08 20:00,305,254.6,300.09,3685.0,109.67,26.82,25.75,,,,
2025-01-08 21:00,288,238.68,279.93,3204.35,87.74,45.06,23.84,,,,
2025-01-08 22:00,274,223.67,263.67,2750.4,64.43,66.52,22.89,,,,
2025-01-08 23:00,260,209.99,251.28,2429.96,51.41,78.68,22.89,,,,
2025-01-09 00:00,252,201.78,246.47,2323.15,46.61,79.39,23.6,,,,
2025-01-09 00:00,252,201.78,246.47,2323.15,46.61,79.39,23.6,,,,
2025-01-09 01:00,245,194.5,244.21,2323.15,48.67,71.53,24.8,,,,
2025-01-09 02:00,253,202.58,260.8,2670.29,65.12,51.5,27.89,,,,
2025-01-09 03:00,311,260.65,337.18,3952.03,113.79,11.44,35.76,,,,
2025-01-09 04:00,370,319.78,424.65,5607.6,127.49,7.69,43.39,,,,
2025-01-09 05:00,406,357.82,488.28,6675.72,138.46,17.34,49.59,,,,
2025-01-09 06:00,430,394.93,537.95,6835.94,168.62,40.77,61.99,,,,
2025-01-09 07:00,384,333.76,444.63,4646.3,143.95,110.15,110.63,,,,
2025-01-09 08:00,377,327.58,430.53,3738.4,116.53,168.8,118.26,,,,
2025-01-09 09:00,335,284.9,382.72,2830.51,85.68,203.13,100.14,,,,
2025-01-09 10:00,273,223.48,311.51,2216.34,67.86,191.69,75.34,,,,
2025-01-09 11:00,269,219.15,312.31,2483.37,85.0,158.79,61.04,,,,
2025-01-09 12:00,263,212.87,313.49,2750.4,108.3,114.44,51.02,,,,
2025-01-09 13:00,261,211.41,313.9,3311.16,150.8,48.64,47.21,,,,
2025-01-09 14:00,274,223.86,327.29,3952.03,180.96,5.9,48.64,,,,
2025-01-09 15:00,308,257.86,363.63,4753.11,186.44,0.07,53.41,,,,
2025-01-09 16:00,421,380.53,505.39,7049.56,211.12,0.0,65.8,,,,
2025-01-09 17:00,500,595.74,749.22,10681.15,252.25,0.0,79.15,,,,
2025-01-09 18:00,500,739.2,902.91,12710.57,268.7,0.0,80.11,,,,
2025-01-09 19:00,500,694.23,840.25,11535.64,233.05,0.0,68.66,,,,
2025-01-09 20:00,500,538.57,657.57,8865.36,189.19,0.0,56.27,,,,
2025-01-09 21:00,426,388.58,482.66,6195.07,145.32,0.45,46.25,,,,
2025-01-09 22:00,338,287.85,362.38,4272.46,100.08,13.77,39.1,,,,
2025-01-09 23:00,303,252.38,315.96,3524.78,68.55,28.61,33.86,,,,
2025-01-10 00:00,288,238.4,296.16,3231.05,55.52,37.91,30.52,,,,
2025-01-11 00:00,239,189.09,274.1,1976.01,37.01,64.37,24.08,,,,
2025-01-11 01:00,240,190.31,272.29,1949.31,35.99,71.53,25.03,,,,
2025-01-11 02:00,260,210.42,289.6,2349.85,50.72,65.8,27.18,,,,
2025-01-11 03:00,326,276.05,359.19,3631.59,105.56,28.97,32.9,,,,
2025-01-11 04:00,401,351.23,442.05,5447.39,143.95,9.21,39.58,,,,
2025-01-11 05:00,434,400.2,497.07,6729.13,153.54,20.03,47.21,,,,
2025-01-11 06:00,445,417.2,514.53,6675.72,167.25,46.49,51.98,,,,
2025-01-11 07:00,277,226.72,304.05,3017.43,89.11,121.59,51.02,,,,
2025-01-11 08:00,214,163.48,224.77,1895.9,55.52,155.93,47.68,,,,
2025-01-11 09:00,191,132.92,182.7,1455.31,42.5,170.23,40.05,,,,
2025-01-11 10:00,167,87.06,125.22,1001.36,28.79,163.08,25.99,,,,
2025-01-11 11:00,154,61.6,106.2,801.09,25.7,135.9,22.65,,,,
2025-01-11 12:00,154,60.75,130.98,801.09,29.82,103.0,29.56,,,,
2025-01-11 13:00,157,67.54,150.77,1014.71,42.5,79.39,32.42,,,,
2025-01-11 14:00,163,79.49,158.41,1335.14,56.89,65.09,29.8,,,,
2025-01-11 15:00,171,93.55,159.15,1588.82,61.69,63.66,25.51,,,,
2025-01-11 16:00,191,133.05,192.82,2349.85,85.68,44.35,25.03,,,,
2025-01-11 17:00,268,218.61,284.82,3898.62,128.87,8.85,30.52,,,,
2025-01-11 18:00,386,336.51,416.96,5821.23,150.8,0.01,40.53,,,,
2025-01-11 19:00,436,403.9,494.19,7049.56,165.88,0.0,46.25,,,,
2025-01-11 20:00,395,345.33,429.7,6355.29,154.91,0.0,41.96,,,,
2025-01-11 21:00,285,235.51,306.33,4539.49,120.64,0.02,32.42,,,,
2025-01-11 22:00,205,154.4,210.07,2937.32,85.68,3.13,25.51,,,,
2025-01-11 23:00,184,119.51,166.56,2082.82,53.47,24.32,21.7,,,,
2025-01-12 00:00,180,110.76,155.49,1708.98,36.67,47.21,20.27,,,,
2025-01-12 00:00,180,110.76,155.49,1708.98,36.67,47.21,20.27,,,,
2025-01-12 01:00,181,114.3,159.03,1668.93,33.93,60.8,20.03,,,,
2025-01-12 02:00,193,136.02,183.31,2056.12,47.3,57.94,22.41,,,,
2025-01-12 03:00,256,206.44,263.28,3391.27,98.71,25.03,29.56,,,,
2025-01-12 04:00,335,284.6,358.67,5233.76,130.24,12.7,38.62,,,,
2025-01-12 05:00,362,311.7,402.29,6034.85,137.09,24.32,43.39,,,,
2025-01-12 06:00,350,299.49,401.03,5500.79,137.09,49.35,43.39,,,,
2025-01-12 07:00,171,93.85,142.76,1335.14,39.76,127.32,64.85,,,,
2025-01-12 08:00,163,78.78,121.75,907.9,27.08,147.34,68.66,,,,
2025-01-12 09:00,164,80.29,120.59,854.49,25.36,158.79,67.71,,,,
2025-01-12 10:00,166,83.81,122.59,867.84,25.02,165.94,61.04,,,,
2025-01-12 11:00,166,84.65,122.5,881.2,24.33,163.08,51.5,,,,
2025-01-12 12:00,165,83.46,122.36,894.55,25.36,153.06,44.35,,,,
2025-01-12 13:00,166,84.66,124.96,1054.76,33.24,133.04,41.48,,,,
2025-01-12 14:00,166,84.16,125.27,1188.28,37.01,114.44,36.24,,,,
2025-01-12 15:00,169,89.77,132.63,1201.63,32.9,110.15,28.85,,,,
2025-01-12 16:00,176,103.46,148.06,1161.58,27.08,110.15,24.08,,,,
2025-01-12 17:00,182,115.57,159.36,1134.87,22.62,111.58,21.22,,,,
2025-01-12 18:00,186,123.65,165.93,1121.52,20.39,113.01,19.07,,,,
2025-01-12 19:00,187,124.99,165.41,1041.41,18.16,113.01,17.17,,,,
2025-01-12 20:00,186,122.88,161.55,907.9,14.39,115.87,15.5,,,,
2025-01-12 21:00,187,124.26,162.69,867.84,12.85,115.87,16.21,,,,
2025-01-12 22:00,186,122.48,160.27,847.82,11.31,117.3,16.69,,,,
2025-01-12 23:00,186,123.67,162.23,834.47,10.62,118.73,17.4,,,,
2025-01-13 00:00,191,132.22,173.28,847.82,10.62,120.16,19.31,,,,
2025-01-14 00:00,169,89.58,121.96,1041.41,18.68,90.84,19.31,,,,
2025-01-14 01:00,169,90.95,124.84,1094.82,21.25,88.69,20.27,,,,
2025-01-14 02:00,174,100.19,137.46,1308.44,29.47,81.54,22.89,,,,
2025-01-14 03:00,191,132.21,179.02,1976.01,55.52,60.8,28.61,,,,
2025-01-14 04:00,206,155.56,217.04,2590.18,80.2,45.06,34.33,,,,
2025-01-14 05:00,212,161.53,236.52,2750.4,80.2,52.21,41.48,,,,
2025-01-14 06:00,212,161.12,244.02,2536.77,71.29,73.67,51.98,,,,
2025-01-14 07:00,190,131.26,200.65,1789.09,49.35,107.29,60.08,,,,
2025-01-14 08:00,183,117.77,174.13,1508.71,40.44,130.18,57.7,,,,
2025-01-14 09:00,181,114.19,164.03,1401.9,35.99,148.77,49.11,,,,
2025-01-14 10:00,176,104.81,146.4,1201.63,28.79,161.65,33.38,,,,
2025-01-14 11:00,169,90.88,125.93,988.01,23.65,154.5,23.13,,,,
2025-01-14 12:00,161,75.28,106.43,827.79,21.08,135.9,16.93,,,,
2025-01-14 13:00,162,76.55,106.36,1081.47,38.39,100.14,15.97,,,,
2025-01-14 14:00,171,93.28,123.64,1655.58,67.17,60.08,19.07,,,,
2025-01-14 15:00,182,116.47,148.63,2136.23,81.57,42.2,21.46,,,,
2025-01-14 16:00,212,161.91,199.69,2857.21,100.08,26.46,27.42,,,,
2025-01-14 17:00,302,251.53,304.85,4379.27,139.83,4.07,40.05,,,,
2025-01-14 18:00,399,349.21,432.87,5981.45,164.51,0.02,52.45,,,,
2025-01-14 19:00,377,327.69,428.41,5554.2,152.17,0.03,49.59,,,,
2025-01-14 20:00,278,228.43,316.02,3738.4,113.79,3.49,38.62,,,,
2025-01-14 21:00,208,157.71,225.72,2296.45,65.12,31.47,30.99,,,,
2025-01-14 22:00,191,132.63,188.75,1642.23,36.67,59.37,26.94,,,,
2025-01-14 23:00,189,128.4,181.73,1455.31,27.08,72.96,23.84,,,,
2025-01-15 00:00,189,128.37,182.17,1415.25,23.99,78.68,21.22,,,,
2025-01-15 00:00,189,128.37,182.17,1415.25,23.99,78.68,21.22,,,,
2025-01-15 01:00,189,128.35,182.73,1428.6,25.36,78.68,20.03,,,,
2025-01-15 02:00,194,138.61,195.9,1708.98,35.64,70.1,21.93,,,,
2025-01-15 03:00,229,178.97,245.11,2616.88,69.92,42.92,28.13,,,,
2025-01-15 04:00,258,207.97,286.22,3471.37,98.71,23.25,33.86,,,,
2025-01-15 05:00,264,214.08,298.84,3738.4,95.96,34.33,38.62,,,,
2025-01-15 06:00,262,211.58,294.94,3471.37,87.05,60.8,44.35,,,,
2025-01-15 07:00,187,125.75,185.85,1668.93,40.44,117.3,32.42,,,,
2025-01-15 08:00,178,107.61,159.12,1255.04,28.1,143.05,28.85,,,,
2025-01-15 09:00,177,106.14,153.7,1161.58,25.36,158.79,27.89,,,,
2025-01-15 10:00,169,91.31,133.87,961.3,20.91,155.93,21.7,,,,
2025-01-15 11:00,158,69.78,107.7,761.03,16.79,138.76,14.78,,,,
2025-01-15 12:00,152,57.75,92.95,667.57,15.59,121.59,11.21,,,,
2025-01-15 13:00,161,75.45,112.9,1335.14,52.78,73.67,12.28,,,,
2025-01-15 14:00,180,111.88,154.82,2296.45,101.45,18.42,15.74,,,,
2025-01-15 15:00,199,147.77,197.4,2964.02,106.93,0.79,18.6,,,,
2025-01-15 16:00,260,209.78,269.89,4005.43,111.04,0.02,23.84,,,,
2025-01-15 17:00,394,344.58,418.29,6195.07,138.46,0.0,33.38,,,,
2025-01-15 18:00,481,471.01,555.87,7904.05,153.54,0.0,39.1,,,,
2025-01-15 19:00,445,416.88,498.11,6942.75,138.46,0.0,33.86,,,,
2025-01-15 20:00,354,304.4,377.36,5126.95,119.27,0.0,27.66,,,,
2025-01-15 21:00,262,212.31,277.86,3417.97,93.22,0.4,23.37,,,,
2025-01-15 22:00,217,166.58,226.93,2296.45,63.06,15.02,21.22,,,,
2025-01-15 23:00,213,162.56,222.43,1922.61,41.81,41.13,20.5,,,,
2025-01-16 00:00,224,173.55,234.35,1895.9,36.67,51.5,20.74,,,,
2025-01-16 00:00,224,173.55,234.35,1895.9,36.67,51.5,20.74,,,,
2025-01-16 01:00,237,186.57,248.99,2002.72,39.41,51.5,21.7,,,,
2025-01-16 02:00,263,213.39,279.53,2429.96,54.15,41.13,24.8,,,,
2025-01-16 03:00,332,281.58,358.43,3685.0,98.71,11.62,33.86,,,,
2025-01-16 04:00,397,347.73,438.55,5287.17,120.64,6.79,47.21,,,,
2025-01-16 05:00,427,389.89,489.55,6301.88,135.72,17.17,59.13,,,,
2025-01-16 06:00,445,417.13,517.73,6462.1,160.4,42.2,73.43,,,,
2025-01-16 07:00,392,342.17,426.02,4592.9,137.09,105.86,86.78,,,,
2025-01-16 08:00,400,350.1,433.49,4165.65,131.61,153.06,82.97,,,,
2025-01-16 09:00,403,353.6,438.9,3791.81,122.01,181.67,71.53,,,,
2025-01-16 10:00,342,291.75,369.21,2777.1,90.48,188.83,52.45,,,,
2025-01-16 11:00,257,207.42,271.72,1789.09,55.52,181.67,36.72,,,,
2025-01-16 12:00,199,148.18,204.67,1214.98,35.99,173.09,26.46,,,,
2025-01-16 13:00,189,128.76,183.22,1281.74,44.55,143.05,21.7,,,,
2025-01-16 14:00,193,136.78,194.35,1762.39,73.34,92.98,21.22,,,,
2025-01-16 15:00,207,156.79,220.22,2136.23,89.11,66.52,22.65,,,,
2025-01-16 16:00,248,197.79,270.09,2777.1,111.04,43.27,27.89,,,,
2025-01-16 17:00,374,324.4,410.62,5073.55,180.96,7.87,43.39,,,,
2025-01-16 18:00,500,583.17,703.26,9506.23,285.15,0.0,67.71,,,,
2025-01-16 19:00,500,594.57,730.72,9506.23,276.92,0.0,64.85,,,,
2025-01-16 20:00,405,357.09,460.06,5340.58,161.77,1.79,43.87,,,,
2025-01-16 21:00,265,215.48,285.82,2590.18,70.6,33.97,32.9,,,,
2025-01-16 22:00,226,176.04,236.13,1642.23,33.93,74.39,33.86,,,,
2025-01-16 23:00,222,172.02,230.95,1455.31,27.42,85.12,36.24,,,,
2025-01-17 00:00,218,167.84,224.79,1388.55,25.7,86.55,38.15,,,,
2025-01-17 00:00,218,167.84,224.79,1388.55,25.7,86.55,38.15,,,,
2025-01-17 01:00,211,160.37,213.36,1361.85,25.36,87.26,36.72,,,,
2025-01-17 02:00,215,164.62,216.69,1602.17,33.24,85.83,32.42,,,,
2025-01-17 03:00,250,200.23,257.3,2403.26,63.06,65.09,32.9,,,,
2025-01-17 04:00,272,221.99,284.42,3044.13,87.05,47.92,35.76,,,,
2025-01-17 05:00,260,209.75,273.11,2964.02,78.83,58.65,36.72,,,,
2025-01-17 06:00,226,175.34,236.13,2429.96,60.32,85.83,36.72,,,,
2025-01-17 07:00,160,72.26,118.49,1001.36,23.31,123.02,27.66,,,,
2025-01-17 08:00,121,43.69,80.85,727.65,16.96,131.61,27.18,,,,
2025-01-17 09:00,104,36.59,70.72,674.25,16.62,133.04,27.18,,,,
2025-01-17 10:00,101,35.66,69.16,680.92,17.65,133.04,26.46,,,,
2025-01-17 11:00,107,37.89,73.12,714.3,20.22,130.18,27.66,,,,
2025-01-17 12:00,112,40.0,77.73,767.71,23.99,123.02,28.61,,,,
2025-01-17 13:00,119,42.66,82.2,854.49,29.82,111.58,27.42,,,,
2025-01-17 14:00,130,47.15,89.89,921.25,30.16,104.43,25.03,,,,
2025-01-17 15:00,146,53.72,101.0,921.25,26.39,105.86,23.6,,,,
2025-01-17 16:00,160,72.0,129.06,1148.22,31.19,98.71,27.66,,,,
2025-01-17 17:00,167,87.16,152.6,1255.04,31.19,95.84,27.89,,,,
2025-01-17 18:00,173,97.49,166.66,1308.44,29.82,92.98,25.51,,,,
2025-01-17 19:00,172,96.04,163.82,1214.98,26.73,94.41,22.41,,,,
2025-01-17 20:00,164,81.6,141.58,921.25,18.51,101.57,18.36,,,,
2025-01-17 21:00,161,74.89,130.38,720.98,10.71,111.58,14.66,,,,
2025-01-17 22:00,164,80.05,137.17,680.92,8.31,118.73,14.07,,,,
2025-01-17 23:00,168,88.32,146.67,694.27,8.05,120.16,15.02,,,,
2025-01-18 00:00,171,94.2,150.52,707.63,8.31,120.16,16.21,,,,
2025-01-18 00:00,171,94.2,150.52,707.63,8.31,120.16,16.21,,,,
2025-01-18 01:00,172,96.74,149.56,727.65,9.25,118.73,17.4,,,,
2025-01-18 02:00,174,100.14,151.56,827.79,13.02,113.01,18.6,,,,
2025-01-18 03:00,179,109.84,162.95,1108.17,23.99,100.14,20.98,,,,
2025-01-18 04:00,181,114.47,170.49,1335.14,34.96,90.12,22.65,,,,
2025-01-18 05:00,180,112.25,168.97,1348.5,33.24,94.41,23.84,,,,
2025-01-18 06:00,179,109.57,166.29,1241.68,27.42,108.72,25.27,,,,
2025-01-18 07:00,171,93.95,140.77,988.01,19.71,128.75,23.6,,,,
2025-01-18 08:00,165,82.04,120.25,867.84,17.14,141.62,25.27,,,,
2025-01-18 09:00,163,79.33,115.79,847.82,17.99,145.91,29.56,,,,
2025-01-18 10:00,165,82.47,119.4,934.6,22.96,144.48,33.86,,,,
2025-01-18 11:00,170,91.62,131.0,1148.22,33.24,137.33,40.53,,,,
2025-01-18 12:00,172,95.37,136.25,1335.14,46.61,120.16,48.16,,,,
2025-01-18 13:00,173,98.81,141.21,1588.82,63.06,95.84,56.27,,,,
2025-01-18 14:00,177,105.77,150.26,1842.5,70.6,76.53,56.74,,,,
2025-01-18 15:00,181,113.94,161.69,1842.5,62.38,73.67,44.82,,,,
2025-01-18 16:00,186,123.12,176.23,1762.39,52.09,77.96,33.86,,,,
2025-01-18 17:00,188,127.12,181.17,1708.98,44.55,80.11,27.89,,,,
2025-01-18 18:00,189,129.46,180.71,1642.23,38.39,81.54,25.03,,,,
2025-01-18 19:00,188,128.06,175.35,1548.77,34.62,81.54,21.7,,,,
2025-01-18 20:00,184,119.18,160.19,1361.85,29.47,83.68,18.12,,,,
2025-01-18 21:00,181,113.24,149.13,1174.93,22.62,87.98,15.5,,,,
2025-01-18 22:00,181,114.56,147.89,1108.17,18.34,90.84,14.9,,,,
2025-01-18 23:00,182,115.89,147.82,1094.82,16.62,91.55,14.9,,,,
2025-01-19 00:00,182,115.89,147.47,1081.47,16.45,90.84,15.02,,,,
2025-01-19 00:00,182,115.89,147.47,1081.47,16.45,90.84,15.02,,,,
2025-01-19 01:00,181,114.17,145.4,1108.17,17.99,88.69,15.5,,,,
2025-01-19 02:00,185,120.74,153.59,1321.79,26.05,82.25,17.4,,,,
2025-01-19 03:00,201,150.94,191.25,2029.42,52.78,60.8,22.65,,,,
2025-01-19 04:00,228,177.39,228.88,2803.8,78.83,42.92,27.66,,,,
2025-01-19 05:00,230,179.74,238.67,2937.32,76.77,51.5,30.99,,,,
2025-01-19 06:00,224,173.73,234.52,2563.48,65.12,79.39,33.86,,,,
2025-01-19 07:00,176,104.29,145.64,1161.58,26.05,130.18,33.38,,,,
2025-01-19 08:00,171,95.19,132.23,974.66,20.22,145.91,32.9,,,,
2025-01-19 09:00,174,99.09,136.13,1001.36,21.25,155.93,34.81,,,,
2025-01-19 10:00,190,130.41,172.34,1708.98,49.35,141.62,39.58,,,,
2025-01-19 11:00,235,184.9,236.84,2937.32,100.08,105.86,45.3,,,,
2025-01-19 12:00,270,220.39,279.8,3845.21,146.69,65.09,48.64,,,,
2025-01-19 13:00,288,237.87,300.79,4646.3,191.93,12.7,50.07,,,,
2025-01-19 14:00,299,249.27,312.43,5233.76,189.19,0.06,51.02,,,,
2025-01-19 15:00,283,233.71,293.82,4539.49,160.4,6.71,48.16,,,,
2025-01-19 16:00,231,181.18,238.48,2670.29,76.09,60.8,38.62,,,,
2025-01-19 17:00,220,169.88,231.83,2002.72,45.24,85.83,32.42,,,,
2025-01-19 18:00,218,167.44,232.2,1735.69,35.99,94.41,29.56,,,,
2025-01-19 19:00,211,160.09,222.52,1535.42,31.53,98.71,26.7,,,,
2025-01-19 20:00,199,148.09,204.69,1321.79,26.39,100.14,22.17,,,,
2025-01-19 21:00,197,143.7,195.89,1201.63,22.28,101.57,20.74,,,,
2025-01-19 22:00,198,146.53,196.38,1174.93,19.36,104.43,20.98,,,,
2025-01-19 23:00,199,147.67,196.36,1148.22,17.82,105.86,20.98,,,,
2025-01-20 00:00,199,148.98,196.38,1134.87,17.31,105.86,20.98,,,,
2025-01-20 00:00,199,148.98,196.38,1134.87,17.31,105.86,20.98,,,,
2025-01-20 01:00,203,152.43,197.98,1174.93,18.68,105.86,21.22,,,,
2025-01-20 02:00,216,165.83,211.37,1388.55,25.7,101.57,23.37,,,,
2025-01-20 03:00,248,198.35,248.43,2029.42,47.98,83.68,28.37,,,,
2025-01-20 04:00,268,217.64,272.84,2483.37,66.49,71.53,32.42,,,,
2025-01-20 05:00,267,217.44,272.17,2483.37,62.38,82.97,35.76,,,,
2025-01-20 06:00,257,207.14,258.15,2162.93,48.67,113.01,39.1,,,,
2025-01-20 07:00,202,151.81,193.87,1348.5,26.05,145.91,30.99,,,,
2025-01-20 08:00,193,137.63,177.25,1214.98,22.96,158.79,30.52,,,,
2025-01-20 09:00,194,138.23,177.62,1255.04,25.7,164.51,34.33,,,,
2025-01-20 10:00,236,185.81,234.05,2323.15,67.86,140.19,43.39,,,,
2025-01-20 11:00,313,262.81,324.59,3952.03,135.72,97.27,51.02,,,,
2025-01-20 12:00,347,297.34,365.24,4806.52,183.7,57.22,50.07,,,,
2025-01-20 13:00,338,288.04,354.69,5126.95,205.64,10.1,43.39,,,,
2025-01-20 14:00,333,282.36,346.58,5500.79,186.44,0.02,37.19,,,,
2025-01-20 15:00,327,276.48,337.28,5126.95,161.77,0.06,33.86,,,,
2025-01-20 16:00,360,309.61,372.25,5340.58,160.4,0.13,37.67,,,,
2025-01-20 17:00,477,465.5,548.55,7904.05,189.19,0.0,53.41,,,,
2025-01-20 18:00,500,666.6,781.63,10894.78,222.09,0.0,68.66,,,,
2025-01-20 19:00,500,708.52,842.54,11322.02,222.09,0.0,67.71,,,,
2025-01-20 20:00,500,554.35,671.78,8651.73,180.96,0.0,51.5,,,,
2025-01-20 21:00,421,380.59,467.24,5554.2,131.61,0.1,37.19,,,,
2025-01-20 22:00,344,293.47,357.53,3685.0,91.85,7.6,29.8,,,,
2025-01-20 23:00,320,270.12,323.24,2964.02,60.32,28.61,26.46,,,,
2025-01-21 00:00,317,266.85,314.84,2696.99,47.3,45.06,24.8,,,,
2025-01-21 00:00,317,266.85,314.84,2696.99,47.3,45.06,24.8,,,,
2025-01-21 01:00,318,267.41,313.32,2616.88,45.93,51.5,24.08,,,,
2025-01-21 02:00,335,284.48,332.02,2964.02,61.01,47.92,26.94,,,,
2025-01-21 03:00,402,351.27,409.06,4272.46,112.41,20.03,35.76,,,,
2025-01-21 04:00,443,414.52,485.82,5821.23,149.43,12.34,44.35,,,,
2025-01-21 05:00,480,470.16,554.03,7156.37,163.14,22.89,52.93,,,,
2025-01-21 06:00,500,522.28,615.23,7797.24,186.44,43.99,61.99,,,,
2025-01-21 07:00,489,483.5,569.97,6568.91,178.22,98.71,68.66,,,,
2025-01-21 08:00,500,598.55,699.72,7797.24,222.09,140.19,73.43,,,,
2025-01-21 09:00,500,713.16,832.98,8544.92,260.47,188.83,77.25,,,,
2025-01-21 10:00,500,699.69,813.98,7263.18,238.54,226.02,67.71,,,,
2025-01-21 11:00,500,550.87,636.17,4913.33,157.65,240.33,47.68,,,,
2025-01-21 12:00,404,355.32,413.16,2857.21,81.57,234.6,30.99,,,,
2025-01-21 13:00,243,193.07,232.67,1415.25,31.53,203.13,19.79,,,,
2025-01-21 14:00,209,158.15,195.17,1308.44,31.53,164.51,15.5,,,,
2025-01-21 15:00,192,133.98,168.4,1214.98,29.47,140.19,12.64,,,,
2025-01-21 16:00,183,116.91,149.66,1174.93,28.79,121.59,11.56,,,,
2025-01-21 17:00,175,102.78,133.28,1134.87,28.1,110.15,10.97,,,,
2025-01-21 18:00,167,86.55,113.76,1094.82,28.1,100.14,10.49,,,,
2025-01-21 19:00,160,72.57,96.92,1054.76,29.82,91.55,9.42,,,,
2025-01-21 20:00,154,61.32,82.52,1028.06,30.85,85.12,8.34,,,,
2025-01-21 21:00,152,56.82,75.92,1028.06,29.13,81.54,8.34,,,,
2025-01-21 22:00,147,54.3,71.96,1014.71,26.05,79.39,8.34,,,,
2025-01-21 23:00,151,56.13,73.78,1054.76,25.36,77.96,9.06,,,,
2025-01-22 00:00,157,66.3,85.46,1201.63,28.45,72.24,10.73,,,,
2025-01-22 00:00,157,66.3,85.46,1201.63,28.45,72.24,10.73,,,,
2025-01-22 01:00,167,86.59,108.43,1508.71,38.39,60.8,13.47,,,,
2025-01-22 02:00,185,122.0,148.7,2109.53,60.32,41.48,17.4,,,,
2025-01-22 03:00,252,201.82,240.67,3631.59,106.93,5.99,25.03,,,,
2025-01-22 04:00,349,299.41,356.46,5821.23,124.75,6.62,35.29,,,,
2025-01-22 05:00,390,340.44,405.67,6835.94,141.2,17.52,42.44,,,,
2025-01-22 06:00,322,271.36,328.64,5233.76,137.09,52.93,40.53,,,,
2025-01-22 07:00,162,77.67,112.45,1495.36,41.47,120.16,19.07,,,,
2025-01-22 08:00,153,58.54,91.04,1041.41,28.1,135.9,14.9,,,,
2025-01-22 09:00,138,50.4,81.58,907.9,26.05,137.33,12.64,,,,
2025-01-22 10:00,97,34.16,62.24,747.68,22.28,125.89,9.54,,,,
2025-01-22 11:00,78,24.75,49.08,614.17,18.85,114.44,8.23,,,,
2025-01-22 12:00,68,20.12,41.83,520.71,15.77,110.15,7.09,,,,
2025-01-22 13:00,79,25.56,48.04,774.38,31.87,90.12,8.82,,,,
2025-01-22 14:00,104,36.53,62.96,1148.22,52.78,63.66,10.73,,,,
2025-01-22 15:00,125,45.08,74.93,1308.44,55.52,55.79,11.21,,,,
2025-01-22 16:00,155,62.46,96.7,1588.82,61.01,49.35,13.35,,,,
2025-01-22 17:00,172,95.68,134.99,2136.23,74.71,36.84,16.93,,,,
2025-01-22 18:00,190,131.47,175.62,2670.29,87.74,23.25,19.79,,,,
2025-01-22 19:00,195,139.97,183.87,2857.21,93.22,13.23,19.55,,,,
2025-01-22 20:00,195,141.16,182.84,2964.02,97.33,4.92,20.27,,,,
2025-01-22 21:00,199,147.91,192.44,3044.13,94.59,1.01,22.65,,,,
2025-01-22 22:00,192,135.02,182.62,2590.18,78.14,5.99,23.13,,,,
2025-01-22 23:00,187,124.81,172.23,2109.53,56.21,22.17,22.17,,,,
2025-01-23 00:00,188,126.59,172.23,1895.9,44.55,35.41,21.7,,,,
2025-01-23 00:00,188,126.59,172.23,1895.9,44.55,35.41,21.7,,,,
2025-01-23 01:00,190,130.17,172.89,1815.8,42.16,41.48,21.93,,,,
2025-01-23 02:00,198,146.24,188.42,2056.12,53.47,36.12,24.56,,,,
2025-01-23 03:00,248,197.54,246.21,3150.94,93.22,9.21,31.47,,,,
2025-01-23 04:00,296,246.5,303.02,4486.08,106.93,8.58,41.01,,,,
2025-01-23 05:00,312,261.19,321.61,5126.95,109.67,19.49,48.64,,,,
2025-01-23 06:00,297,247.24,306.43,4699.71,115.16,44.35,52.93,,,,
2025-01-23 07:00,163,79.31,112.79,1495.36,38.73,111.58,25.99,,,,
2025-01-23 08:00,122,43.84,69.24,907.9,20.73,127.32,17.88,,,,
2025-01-23 09:00,102,35.73,57.95,847.82,20.22,130.18,16.93,,,,
2025-01-23 10:00,102,35.88,56.62,961.3,26.39,125.89,18.12,,,,
2025-01-23 11:00,116,41.78,63.14,1228.33,39.41,114.44,22.17,,,,
2025-01-23 12:00,131,47.88,71.21,1535.42,56.89,92.98,26.23,,,,
2025-01-23 13:00,148,54.42,80.54,1922.61,80.88,57.22,30.99,,,,
2025-01-23 14:00,156,64.43,94.52,2269.74,90.48,36.12,35.29,,,,
2025-01-23 15:00,159,71.93,106.08,2189.64,76.09,42.92,34.33,,,,
2025-01-23 16:00,164,79.73,117.5,2056.12,61.01,56.51,31.95,,,,
2025-01-23 17:00,168,88.74,128.48,2029.42,54.15,62.23,30.04,,,,
2025-01-23 18:00,168,88.36,126.46,1922.61,47.98,67.95,27.42,,,,
2025-01-23 19:00,159,71.08,103.59,1642.23,41.13,71.53,24.08,,,,
2025-01-23 20:00,123,44.57,69.04,1188.28,30.16,79.39,19.79,,,,
2025-01-23 21:00,91,31.06,50.99,867.84,20.91,86.55,17.4,,,,
2025-01-23 22:00,86,28.58,47.46,761.03,16.79,90.12,16.93,,,,
2025-01-23 23:00,90,30.49,49.49,767.71,16.28,89.41,17.4,,,,
2025-01-24 00:00,96,33.63,53.21,814.44,17.48,87.26,18.36,,,,
2025-01-24 00:00,96,33.63,53.21,814.44,17.48,87.26,18.36,,,,
2025-01-24 01:00,112,39.86,60.61,947.95,21.59,81.54,19.55,,,,
2025-01-24 02:00,154,62.26,86.38,1428.6,37.01,66.52,23.13,,,,
2025-01-24 03:00,184,120.37,154.16,2696.99,83.63,29.68,31.47,,,,
2025-01-24 04:00,224,173.89,219.67,4165.65,109.67,17.17,41.01,,,,
2025-01-24 05:00,233,182.48,235.13,4486.08,108.3,28.97,44.82,,,,
2025-01-24 06:00,208,157.32,207.75,3631.59,94.59,60.08,44.35,,,,
2025-01-24 07:00,154,61.65,91.37,1321.79,32.9,127.32,29.33,,,,
2025-01-24 08:00,137,50.22,74.82,1041.41,24.33,143.05,28.61,,,,
2025-01-24 09:00,132,48.04,72.07,1068.12,26.73,144.48,31.95,,,,
2025-01-24 10:00,131,47.6,71.97,1121.52,30.85,140.19,33.86,,,,
2025-01-24 11:00,130,47.14,71.4,1174.93,34.96,134.47,36.24,,,,
2025-01-24 12:00,126,45.7,69.49,1228.33,41.47,123.02,38.62,,,,
2025-01-24 13:00,135,49.27,73.98,1468.66,56.89,98.71,41.96,,,,
2025-01-24 14:00,154,62.15,91.18,1869.2,71.97,74.39,43.39,,,,
2025-01-24 15:00,164,80.34,116.12,2109.53,74.03,65.09,41.96,,,,
2025-01-24 16:00,181,113.06,159.67,2536.77,78.83,57.94,42.44,,,,
2025-01-24 17:00,197,145.27,200.26,2964.02,81.57,50.07,41.01,,,,
2025-01-24 18:00,208,158.0,214.38,3017.43,76.09,48.64,38.15,,,,
2025-01-24 19:00,194,139.27,189.13,2723.69,67.86,50.78,32.9,,,,
2025-01-24 20:00,171,93.48,130.53,1949.31,48.67,61.51,25.03,,,,
2025-01-24 21:00,152,56.83,82.93,1214.98,27.42,77.96,17.64,,,,
2025-01-24 22:00,120,43.18,64.86,894.55,17.48,87.98,14.31,,,,
2025-01-24 23:00,116,41.45,62.32,841.14,15.42,90.84,13.95,,,,
2025-01-25 00:00,119,42.82,64.15,854.49,15.77,90.84,14.31,,,,
2025-01-25 00:00,119,42.82,64.15,854.49,15.77,90.84,14.31,,,,
2025-01-25 01:00,126,45.71,67.86,921.25,17.99,87.98,14.78,,,,
2025-01-25 02:00,153,58.48,82.84,1201.63,27.76,78.68,17.17,,,,
2025-01-25 03:00,172,97.06,127.94,2082.82,58.95,53.64,23.13,,,,
2025-01-25 04:00,189,130.05,168.96,3017.43,85.0,37.19,29.09,,,,
2025-01-25 05:00,190,131.77,174.17,3177.64,82.25,46.49,31.95,,,,
2025-01-25 06:00,182,116.45,157.68,2643.59,68.55,76.53,32.9,,,,
2025-01-25 07:00,127,46.24,80.12,1001.36,22.96,130.18,20.5,,,,
2025-01-25 08:00,107,37.94,69.5,807.76,17.48,143.05,19.79,,,,
2025-01-25 09:00,111,39.36,70.45,847.82,20.05,147.34,23.6,,,,
2025-01-25 10:00,159,70.56,107.13,1575.47,48.67,133.04,30.28,,,,
2025-01-25 11:00,185,121.62,166.12,2723.69,94.59,108.72,34.81,,,,
2025-01-25 12:00,193,136.22,181.99,3257.75,122.01,76.53,33.38,,,,
2025-01-25 13:00,189,128.89,173.01,3685.0,148.06,22.35,32.42,,,,
2025-01-25 14:00,193,136.17,181.79,4219.06,148.06,0.09,34.33,,,,
2025-01-25 15:00,211,160.32,210.33,4592.9,135.72,0.0,35.76,,,,
2025-01-25 16:00,279,229.09,290.42,5607.6,138.46,0.0,41.48,,,,
2025-01-25 17:00,413,368.24,449.5,7797.24,160.4,0.0,52.93,,,,
2025-01-25 18:00,500,516.07,621.45,9933.47,178.22,0.0,60.56,,,,
2025-01-25 19:00,500,553.08,670.73,10360.72,175.48,0.0,57.22,,,,
2025-01-25 20:00,455,433.01,538.06,8331.3,150.8,0.0,44.82,,,,
2025-01-25 21:00,304,253.45,334.97,5073.55,106.93,0.01,30.99,,,,
2025-01-25 22:00,194,139.11,202.7,2590.18,69.23,9.48,22.89,,,,
2025-01-25 23:00,179,108.79,164.93,1789.09,39.41,42.2,19.79,,,,
2025-01-26 00:00,177,106.14,159.95,1615.52,30.85,61.51,18.84,,,,
2025-01-26 00:00,177,106.14,159.95,1615.52,30.85,61.51,18.84,,,,
2025-01-26 01:00,180,111.78,164.9,1682.28,32.9,66.52,18.84,,,,
2025-01-26 02:00,191,132.07,187.05,2109.53,47.98,59.37,20.98,,,,
2025-01-26 03:00,251,200.9,264.95,3471.37,100.08,26.11,28.85,,,,
2025-01-26 04:00,331,280.59,356.52,5340.58,131.61,18.06,38.62,,,,
2025-01-26 05:00,377,327.5,409.94,6462.1,149.43,33.62,47.68,,,,
2025-01-26 06:00,409,363.36,446.27,6568.91,169.99,75.1,55.31,,,,
2025-01-26 07:00,411,365.78,439.39,5821.23,163.14,151.63,62.94,,,,
2025-01-26 08:00,480,470.25,546.9,6248.47,178.22,228.88,62.94,,,,
2025-01-26 09:00,500,554.37,633.63,6301.88,178.22,300.41,58.65,,,,
2025-01-26 10:00,485,477.04,545.92,4753.11,134.35,311.85,42.92,,,,
2025-01-26 11:00,350,299.9,354.24,2990.72,87.05,248.91,24.56,,,,
2025-01-26 12:00,215,164.77,210.45,1815.8,58.26,180.24,13.83,,,,
2025-01-26 13:00,170,91.48,133.62,1281.74,47.98,130.18,9.66,,,,
2025-01-26 14:00,157,67.09,109.85,1268.39,53.47,87.98,9.06,,,,
2025-01-26 15:00,153,59.17,103.58,1268.39,52.78,67.23,9.54,,,,
2025-01-26 16:00,161,74.12,122.43,1588.82,60.32,52.21,12.04,,,,
2025-01-26 17:00,182,114.64,168.01,2296.45,78.14,34.69,15.74,,,,
2025-01-26 18:00,213,162.54,220.03,3017.43,97.33,17.88,18.36,,,,
2025-01-26 19:00,218,167.46,224.18,3097.53,98.71,9.92,16.93,,,,
2025-01-26 20:00,192,134.24,184.61,2590.18,83.63,13.95,13.47,,,,
2025-01-26 21:00,181,113.76,160.58,2162.93,67.86,21.64,13.11,,,,
2025-01-26 22:00,175,102.19,147.09,1842.5,52.78,29.68,12.99,,,,
2025-01-26 23:00,175,102.8,147.77,1735.69,45.93,32.19,13.35,,,,
2025-01-27 00:00,183,118.07,165.66,1922.61,48.67,30.4,15.26,,,,
2025-01-27 00:00,183,118.07,165.66,1922.61,48.67,30.4,15.26,,,,
2025-01-27 01:00,198,145.57,197.31,2296.45,60.32,27.18,18.6,,,,
2025-01-27 02:00,240,190.01,248.2,3044.13,87.05,17.34,24.08,,,,
2025-01-27 03:00,344,294.04,367.32,4966.74,131.61,1.42,34.81,,,,
2025-01-27 04:00,438,406.41,500.13,7583.62,154.91,8.05,49.11,,,,
2025-01-27 05:00,491,486.25,592.5,9292.6,189.19,20.21,61.04,,,,
2025-01-27 06:00,500,569.78,678.35,9826.66,252.25,59.37,72.48,,,,
2025-01-27 07:00,500,656.46,762.69,9506.23,285.15,154.5,76.29,,,,
2025-01-27 08:00,500,767.46,875.11,9292.6,279.66,263.21,69.62,,,,
2025-01-27 09:00,500,800.31,905.66,8438.11,244.02,340.46,57.7,,,,
2025-01-27 10:00,500,600.89,690.97,5981.45,167.25,314.71,38.62,,,,
2025-01-27 11:00,394,344.18,419.05,3631.59,108.3,217.44,22.41,,,,
2025-01-27 12:00,229,179.03,245.7,2216.34,76.09,131.61,13.59,,,,
2025-01-27 13:00,171,93.35,154.34,1562.12,67.86,68.66,10.01,,,,
2025-01-27 14:00,159,70.58,130.04,1522.06,72.66,25.75,9.78,,,,
2025-01-27 15:00,157,67.6,125.3,1482.01,65.8,13.95,10.13,,,,
2025-01-27 16:00,176,104.05,166.46,2189.64,71.97,2.77,14.54,,,,
2025-01-27 17:00,235,184.99,258.12,3631.59,74.03,0.0,20.98,,,,
2025-01-27 18:00,339,288.64,372.21,5180.36,78.83,0.0,26.46,,,,
2025-01-27 19:00,402,351.42,439.34,6195.07,87.05,0.0,27.42,,,,
2025-01-27 20:00,377,326.93,404.97,5821.23,91.85,0.0,22.41,,,,
2025-01-27 21:00,306,255.3,321.61,4539.49,90.48,0.0,18.12,,,,
2025-01-27 22:00,217,166.33,223.32,2830.51,74.71,0.2,14.9,,,,
2025-01-27 23:00,189,128.93,184.73,2002.72,60.32,4.47,14.66,,,,
2025-01-28 00:00,188,126.69,184.06,1842.5,52.78,15.2,16.93,,,,
2025-01-28 00:00,188,126.69,184.06,1842.5,52.78,15.2,16.93,,,,
2025-01-28 01:00,195,141.23,202.72,1976.01,55.52,21.99,20.5,,,,
2025-01-28 02:00,218,167.84,234.59,2376.56,71.97,17.7,25.27,,,,
2025-01-28 03:00,281,231.56,308.25,3578.19,101.45,1.5,33.86,,,,
2025-01-28 04:00,372,322.1,412.22,5607.6,119.27,2.48,46.73,,,,
2025-01-28 05:00,429,392.36,493.15,7263.18,134.35,9.21,57.7,,,,
2025-01-28 06:00,442,413.32,514.58,7263.18,168.62,31.83,61.04,,,,
2025-01-28 07:00,370,319.96,406.43,4966.74,149.43,97.27,51.02,,,,
2025-01-28 08:00,296,246.68,322.15,3311.16,102.82,151.63,34.81,,,,
2025-01-28 09:00,239,188.63,255.72,2376.56,73.34,161.65,21.93,,,,
2025-01-28 10:00,185,121.38,181.59,1655.58,51.41,131.61,13.11,,,,
2025-01-28 11:00,163,78.84,135.6,1295.09,42.16,91.55,9.89,,,,
2025-01-28 12:00,152,57.68,111.85,1161.58,40.44,60.08,8.82,,,,
2025-01-28 13:00,140,51.33,105.42,1201.63,51.41,29.33,9.06,,,,
2025-01-28 14:00,138,50.52,105.86,1188.28,56.89,11.98,8.82,,,,
2025-01-28 15:00,138,50.39,104.03,1014.71,44.55,23.25,8.34,,,,
2025-01-28 16:00,140,51.23,100.7,921.25,35.64,37.55,8.46,,,,
2025-01-28 17:00,136,49.76,94.35,854.49,29.82,47.92,8.11,,,,
2025-01-28 18:00,126,45.65,84.83,774.38,25.02,56.51,7.21,,,,
2025-01-28 19:00,109,38.91,72.74,680.92,21.76,61.51,6.02,,,,
2025-01-28 20:00,94,32.76,62.6,560.76,18.34,64.37,4.89,,,,
2025-01-28 21:00,100,35.38,67.04,507.35,14.74,66.52,4.71,,,,
2025-01-28 22:00,115,41.06,79.96,494.0,11.65,67.95,4.59,,,,
2025-01-28 23:00,123,44.62,94.86,500.68,10.71,68.66,4.77,,,,
2025-01-29 00:00,128,46.49,106.53,527.38,11.48,69.38,5.25,,,,
2025-01-29 00:00,128,46.49,106.53,527.38,11.48,69.38,5.25,,,,
2025-01-29 01:00,135,49.41,112.66,627.52,15.08,67.95,6.26,,,,
2025-01-29 02:00,152,58.01,119.51,867.84,25.02,60.08,7.75,,,,
2025-01-29 03:00,168,88.15,150.99,1628.88,57.58,28.97,11.68,,,,
2025-01-29 04:00,186,122.82,190.23,2670.29,73.34,12.16,16.45,,,,
2025-01-29 05:00,186,122.77,188.45,2777.1,66.49,22.35,16.69,,,,
2025-01-29 06:00,172,95.34,154.85,1949.31,52.09,48.64,13.83,,,,
2025-01-29 07:00,132,48.12,97.09,801.09,21.25,87.98,9.18,,,,
2025-01-29 08:00,116,41.6,89.05,654.22,16.79,95.84,8.58,,,,
2025-01-29 09:00,116,41.61,91.0,694.27,18.34,97.27,8.94,,,,
2025-01-29 10:00,112,39.85,92.12,680.92,18.51,92.98,8.11,,,,
2025-01-29 11:00,107,37.98,91.43,674.25,19.71,84.4,7.57,,,,
2025-01-29 12:00,104,36.86,91.0,687.6,23.31,75.1,7.15,,,,
2025-01-29 13:00,106,37.58,96.12,767.71,32.9,62.23,7.09,,,,
2025-01-29 14:00,112,39.79,109.07,781.06,34.96,56.51,6.44,,,,
2025-01-29 15:00,126,45.54,133.62,714.3,28.1,62.23,5.78,,,,
2025-01-29 16:00,140,51.38,149.66,680.92,22.62,66.52,5.66,,,,
2025-01-29 17:00,142,52.07,147.8,587.46,16.62,74.39,5.07,,,,
2025-01-29 18:00,141,51.67,142.3,520.71,12.68,82.25,4.53,,,,
2025-01-29 19:00,144,52.94,138.59,487.33,11.31,87.26,4.23,,,,
2025-01-29 20:00,145,53.57,126.4,520.71,12.85,88.69,5.42,,,,
2025-01-29 21:00,151,55.74,122.01,607.49,15.42,85.12,7.87,,,,
2025-01-29 22:00,154,61.26,128.52,674.25,17.31,77.25,8.82,,,,
2025-01-29 23:00,156,65.5,137.54,720.98,16.96,69.38,8.82,,,,
2025-01-30 00:00,158,69.45,150.0,801.09,19.19,59.37,10.01,,,,
2025-01-30 00:00,158,69.45,150.0,801.09,19.19,59.37,10.01,,,,
2025-01-30 01:00,162,76.61,164.36,988.01,26.05,46.49,12.4,,,,
2025-01-30 02:00,174,100.83,192.46,1548.77,46.61,25.75,17.17,,,,
2025-01-30 03:00,224,174.18,272.99,3097.53,80.2,1.61,27.66,,,,
2025-01-30 04:00,329,278.51,386.64,5447.39,97.33,4.56,41.96,,,,
2025-01-30 05:00,403,352.87,462.21,7049.56,123.38,11.8,53.41,,,,
2025-01-30 06:00,423,384.45,486.22,7156.37,164.51,33.26,61.99,,,,
2025-01-30 07:00,245,194.55,271.06,3204.35,94.59,98.71,51.98,,,,
2025-01-30 08:00,193,137.79,208.92,1895.9,53.47,144.48,39.1,,,,
2025-01-30 09:00,179,110.1,178.09,1295.09,33.93,167.37,28.37,,,,
2025-01-30 10:00,158,68.79,131.28,787.73,19.02,158.79,16.45,,,,
2025-01-30 11:00,120,43.3,101.81,540.73,13.37,137.33,10.61,,,,
2025-01-30 12:00,96,33.51,87.96,467.3,12.51,123.02,10.01,,,,
2025-01-30 13:00,92,31.36,81.39,567.44,20.05,110.15,13.11,,,,
2025-01-30 14:00,93,31.85,79.63,654.22,26.39,98.71,14.31,,,,
2025-01-30 15:00,95,32.92,81.44,654.22,24.68,98.71,12.87,,,,
2025-01-30 16:00,96,33.63,83.21,654.22,21.93,97.27,11.44,,,,
2025-01-30 17:00,89,30.31,78.27,574.11,16.96,100.14,9.3,,,,
2025-01-30 18:00,79,25.58,68.99,507.35,13.37,100.14,6.26,,,,
2025-01-30 19:00,75,23.42,66.71,494.0,12.51,98.71,5.13,,,,
2025-01-30 20:00,75,23.54,68.76,494.0,13.54,97.27,6.5,,,,
2025-01-30 21:00,78,25.07,71.54,507.35,13.54,95.84,8.94,,,,
2025-01-30 22:00,78,25.15,69.71,487.33,12.0,88.69,10.85,,,,
2025-01-30 23:00,77,24.37,66.32,460.62,12.0,80.82,16.21,,,,
2025-01-31 00:00,76,24.19,64.27,460.62,13.37,76.53,20.98,,,,
2025-01-31 00:00,76,24.19,64.27,460.62,13.37,76.53,20.98,,,,
2025-01-31 01:00,78,25.12,64.85,494.0,15.25,75.1,22.89,,,,
2025-01-31 02:00,90,30.81,71.53,647.54,21.08,69.38,24.32,,,,
2025-01-31 03:00,124,44.79,87.8,1041.41,37.36,53.64,26.94,,,,
2025-01-31 04:00,153,58.66,103.29,1495.36,51.41,41.48,31.47,,,,
2025-01-31 05:00,154,61.4,104.63,1588.82,47.3,48.64,33.86,,,,
2025-01-31 06:00,146,53.88,94.66,1335.14,38.04,67.23,34.33,,,,
2025-01-31 07:00,93,32.11,64.56,774.38,22.62,94.41,30.52,,,,
2025-01-31 08:00,79,25.57,54.72,620.84,17.82,107.29,28.85,,,,
2025-01-31 09:00,76,24.09,51.68,560.76,15.77,115.87,27.18,,,,
2025-01-31 10:00,71,21.5,47.61,487.33,13.19,121.59,23.84,,,,
2025-01-31 11:00,68,20.26,48.22,467.3,13.02,121.59,22.65,,,,
2025-01-31 12:00,66,19.01,48.36,467.3,14.22,114.44,19.55,,,,
2025-01-31 13:00,64,18.28,48.35,527.38,20.05,100.14,14.07,,,,
2025-01-31 14:00,65,18.74,50.79,567.44,22.96,87.26,8.34,,,,
2025-01-31 15:00,70,21.15,57.72,554.08,20.56,85.12,6.14,,,,
2025-01-31 16:00,80,25.66,67.26,580.79,19.54,85.12,6.26,,,,
2025-01-31 17:00,90,30.84,84.52,580.79,17.82,85.83,6.32,,,,
2025-01-31 18:00,110,39.29,118.99,600.81,16.96,85.83,6.26,,,,
2025-01-31 19:00,110,39.19,117.52,600.81,17.99,84.4,6.26,,,,
2025-01-31 20:00,102,35.78,99.2,627.52,20.05,81.54,7.33,,,,
2025-01-31 21:00,500,35.41,92.27,634.19,19.19,79.39,8.46,,,,
2025-01-31 22:00,500,35.44,87.93,620.84,17.14,75.82,8.7,,,,
2025-01-31 23:00,100,35.29,83.52,607.49,15.25,71.53,8.46,,,,
2025-02-01 00:00,105,37.25,83.98,634.19,15.42,66.52,8.94,,,,
2025-02-01 00:00,105,37.25,83.98,634.19,15.42,66.52,8.94,,,,
2025-02-01 01:00,118,42.43,89.74,747.68,19.54,59.37,10.13,,,,
2025-02-01 02:00,153,59.66,110.12,1134.87,34.62,44.35,13.11,,,,
2025-02-01 03:00,179,109.79,168.42,2243.04,76.09,12.87,19.55,,,,
2025-02-01 04:00,236,186.3,257.24,4112.24,100.08,10.37,30.04,,,,
2025-02-01 05:00,291,241.67,324.7,5554.2,116.53,17.88,39.58,,,,
2025-02-01 06:00,314,263.38,356.17,5767.82,138.46,35.76,47.21,,,,
2025-02-01 07:00,190,131.35,210.16,2590.18,82.25,91.55,64.85,,,,
2025-02-01 08:00,197,144.8,225.48,2536.77,83.63,114.44,73.43,,,,
2025-02-01 09:00,237,186.9,273.66,2830.51,97.33,140.19,71.53,,,,
2025-02-01 10:00,279,228.97,318.14,2803.8,101.45,173.09,67.71,,,,
2025-02-01 11:00,270,220.63,303.37,2269.74,82.94,188.83,64.85,,,,
2025-02-01 12:00,216,165.5,239.71,1628.88,61.01,175.95,55.31,,,,
2025-02-01 13:00,180,110.78,177.23,1375.2,56.89,133.04,39.58,,,,
2025-02-01 14:00,168,89.21,148.89,1615.52,71.29,87.26,27.18,,,,
2025-02-01 15:00,170,92.42,149.37,1922.61,78.83,69.38,23.84,,,,
2025-02-01 16:00,180,111.84,169.42,2243.04,83.63,58.65,27.18,,,,
2025-02-01 17:00,192,135.08,192.58,2590.18,90.48,42.92,31.47,,,,
2025-02-01 18:00,201,150.99,207.7,2910.61,97.33,26.46,33.86,,,,
2025-02-01 19:00,193,136.64,190.72,2750.4,90.48,23.25,30.99,,,,
2025-02-01 20:00,173,98.25,146.94,2109.53,65.8,36.12,24.08,,,,
2025-02-01 21:00,159,70.04,113.14,1468.66,41.47,54.36,19.31,,,,
2025-02-01 22:00,153,58.87,97.89,1121.52,27.42,67.95,17.17,,,,
2025-02-01 23:00,151,55.75,91.86,1001.36,21.93,73.67,16.45,,,,
2025-02-02 00:00,150,55.32,89.45,974.66,20.56,74.39,16.69,,,,
2025-02-02 00:00,150,55.32,89.45,974.66,20.56,74.39,16.69,,,,
2025-02-02 01:00,152,56.56,89.76,1014.71,22.28,72.96,17.17,,,,
2025-02-02 02:00,157,67.66,103.07,1295.09,32.56,65.8,19.55,,,,
2025-02-02 03:00,177,106.66,149.98,2216.34,67.86,38.27,25.99,,,,
2025-02-02 04:00,197,144.5,198.3,3337.86,97.33,19.67,32.9,,,,
2025-02-02 05:00,200,150.37,210.91,3738.4,94.59,27.54,35.76,,,,
2025-02-02 06:00,188,127.37,186.05,3017.43,80.2,53.64,35.76,,,,
2025-02-02 07:00,157,66.82,109.2,988.01,23.65,131.61,28.37,,,,
2025-02-02 08:00,154,61.36,100.19,720.98,14.57,151.63,27.42,,,,
2025-02-02 09:00,155,62.69,101.53,727.65,15.77,157.36,30.28,,,,
2025-02-02 10:00,155,63.75,101.84,754.36,17.82,157.36,31.95,,,,
2025-02-02 11:00,155,64.05,101.32,781.06,20.39,154.5,32.9,,,,
2025-02-02 12:00,156,64.45,101.89,821.11,24.33,148.77,34.81,,,,
2025-02-02 13:00,159,70.76,109.78,1081.47,37.7,130.18,38.62,,,,
2025-02-02 14:00,166,83.9,125.61,1522.06,54.84,103.0,40.05,,,,
2025-02-02 15:00,172,96.82,141.31,1789.09,60.32,87.98,36.72,,,,
2025-02-02 16:00,175,101.95,147.83,1789.09,50.72,85.83,31.95,,,,
2025-02-02 17:00,172,95.91,141.33,1562.12,38.39,90.84,26.46,,,,
2025-02-02 18:00,168,88.46,132.6,1388.55,31.53,94.41,22.17,,,,
2025-02-02 19:00,163,79.5,122.59,1214.98,28.1,94.41,19.07,,,,
2025-02-02 20:00,159,71.39,111.69,1041.41,23.65,98.71,18.12,,,,
2025-02-02 21:00,160,72.18,108.28,974.66,20.73,104.43,20.98,,,,
2025-02-02 22:00,160,72.11,104.72,961.3,18.34,107.29,22.65,,,,
2025-02-02 23:00,157,67.71,98.7,921.25,17.14,105.86,22.89,,,,
2025-02-03 00:00,155,63.12,93.87,881.2,16.79,104.43,22.89,,,,
2025-02-03 00:00,155,63.12,93.87,881.2,16.79,104.43,22.89,,,,
2025-02-03 01:00,156,64.63,95.62,934.6,19.19,101.57,24.08,,,,
2025-02-03 02:00,166,84.15,118.16,1335.14,32.22,88.69,28.85,,,,
2025-02-03 03:00,195,141.29,185.77,2563.48,77.46,52.21,38.62,,,,
2025-02-03 04:00,252,202.14,260.83,4165.65,123.38,19.67,49.59,,,,
2025-02-03 05:00,280,230.67,299.13,4913.33,128.87,26.82,58.17,,,,
2025-02-03 06:00,285,235.28,305.84,4646.3,128.87,51.5,65.8,,,,
2025-02-03 07:00,183,117.57,169.5,1842.5,52.78,123.02,43.39,,,,
2025-02-03 08:00,175,101.23,146.53,1268.39,32.22,154.5,32.42,,,,
2025-02-03 09:00,173,97.75,140.4,1068.12,24.33,174.52,24.8,,,,
2025-02-03 10:00,159,71.4,110.48,727.65,14.39,170.23,14.42,,,,
2025-02-03 11:00,136,49.88,86.07,540.73,9.68,148.77,9.06,,,,
2025-02-03 12:00,125,45.34,79.09,507.35,8.48,138.76,8.23,,,,
2025-02-03 13:00,131,47.52,79.48,547.41,10.28,133.04,9.3,,,,
2025-02-03 14:00,135,49.44,80.71,560.76,10.97,131.61,9.54,,,,
2025-02-03 15:00,132,48.27,79.12,534.06,9.6,131.61,8.7,,,,
2025-02-03 16:00,130,47.38,77.76,560.76,11.82,125.89,9.06,,,,
2025-02-03 17:00,117,42.0,70.86,547.41,12.68,120.16,8.46,,,,
2025-02-03 18:00,100,35.4,62.98,514.03,11.82,117.3,7.33,,,,
2025-02-03 19:00,89,30.28,56.88,473.98,11.14,115.87,6.26,,,,
2025-02-03 20:00,81,26.47,51.74,410.56,9.42,115.87,5.48,,,,
2025-02-03 21:00,76,24.16,48.55,380.52,7.63,115.87,5.25,,,,
2025-02-03 22:00,67,19.66,43.05,350.48,6.08,114.44,4.65,,,,
2025-02-03 23:00,56,14.48,34.35,330.45,5.48,114.44,4.35,,,,
2025-02-04 00:00,45,10.87,23.75,330.45,5.57,118.73,4.59,,,,
2025-02-04 00:00,45,10.87,23.75,330.45,5.57,118.73,4.59,,,,
2025-02-04 01:00,48,11.44,20.72,393.87,7.88,120.16,5.42,,,,
2025-02-04 02:00,68,19.99,30.56,627.52,17.31,108.72,7.63,,,,
2025-02-04 03:00,137,50.3,67.43,1388.55,50.72,76.53,13.11,,,,
2025-02-04 04:00,169,89.8,114.9,2510.07,90.48,44.7,20.03,,,,
2025-02-04 05:00,166,84.83,111.67,2429.96,78.14,56.51,20.5,,,,
2025-02-04 06:00,146,53.82,78.1,1495.36,46.61,92.98,16.45,,,,
2025-02-04 07:00,59,15.95,34.27,460.62,10.02,131.61,6.79,,,,
2025-02-04 08:00,57,14.76,35.36,403.88,7.37,134.47,5.78,,,,
2025-02-04 09:00,58,15.58,38.75,407.22,7.71,134.47,5.72,,,,
2025-02-04 10:00,60,16.21,42.48,410.56,8.23,131.61,5.42,,,,
2025-02-04 11:00,64,18.2,51.11,447.27,10.45,125.89,5.6,,,,
2025-02-04 12:00,69,20.62,61.98,487.33,13.88,115.87,5.72,,,,
2025-02-04 13:00,77,24.33,69.6,674.25,26.73,97.27,7.39,,,,
2025-02-04 14:00,85,28.36,75.19,827.79,37.7,79.39,8.58,,,,
2025-02-04 15:00,96,33.7,83.38,867.84,37.36,75.82,8.82,,,,
2025-02-04 16:00,122,44.2,96.47,1028.06,40.1,70.81,10.25,,,,
2025-02-04 17:00,151,55.53,109.26,1188.28,42.16,67.95,11.32,,,,
2025-02-04 18:00,155,63.36,118.87,1295.09,42.5,67.23,11.68,,,,
2025-02-04 19:00,152,58.32,112.77,1214.98,40.1,67.95,10.49,,,,
2025-02-04 20:00,123,44.53,93.3,961.3,32.56,75.82,8.82,,,,
2025-02-04 21:00,105,36.94,80.7,767.71,23.99,85.12,8.34,,,,
2025-02-04 22:00,99,34.86,76.65,667.57,17.99,91.55,8.23,,,,
2025-02-04 23:00,113,40.54,81.92,741.0,19.19,86.55,9.78,,,,
2025-02-05 00:00,145,53.18,95.03,947.95,25.36,70.81,12.99,,,,
2025-02-05 00:00,145,53.18,95.03,947.95,25.36,70.81,12.99,,,,
2025-02-05 01:00,159,70.94,117.08,1268.39,36.67,50.78,16.93,,,,
2025-02-05 02:00,175,101.71,156.84,1869.2,58.95,30.76,21.22,,,,
2025-02-05 03:00,228,177.88,247.33,3471.37,104.19,3.98,30.28,,,,
2025-02-05 04:00,334,283.81,371.14,5981.45,127.49,8.23,43.39,,,,
2025-02-05 05:00,408,360.8,459.72,7904.05,153.54,16.27,55.79,,,,
2025-02-05 06:00,442,412.3,513.95,8544.92,202.89,36.48,67.71,,,,
2025-02-05 07:00,415,372.36,461.85,6942.75,205.64,83.68,76.29,,,,
2025-02-05 08:00,468,452.64,544.45,7263.18,235.8,135.9,82.97,,,,
2025-02-05 09:00,500,532.25,628.28,7583.62,263.21,185.97,84.88,,,,
2025-02-05 10:00,455,432.29,515.32,5767.82,208.38,197.41,63.9,,,,
2025-02-05 11:00,292,242.36,307.25,3631.59,135.72,148.77,37.19,,,,
2025-02-05 12:00,181,113.26,166.79,2162.93,87.74,97.27,21.7,,,,
2025-02-05 13:00,146,53.84,101.05,1441.96,69.92,64.37,15.26,,,,
2025-02-05 14:00,500,55.46,104.56,1762.39,90.48,22.53,16.69,,,,
2025-02-05 15:00,158,69.43,120.01,1922.61,90.48,10.82,22.17,,,,
2025-02-05 16:00,178,108.37,163.84,2563.48,94.59,2.66,30.99,,,,
2025-02-05 17:00,230,179.45,242.8,3738.4,98.71,0.02,39.1,,,,
2025-02-05 18:00,317,266.74,337.71,5073.55,102.82,0.0,44.82,,,,
2025-02-05 19:00,361,311.22,384.2,5821.23,106.93,0.0,44.82,,,,
2025-02-05 20:00,322,271.48,336.45,5287.17,106.93,0.0,38.62,,,,
2025-02-05 21:00,245,194.57,254.56,3898.62,98.71,0.01,32.42,,,,
2025-02-05 22:00,186,122.32,180.14,2403.26,78.83,1.81,27.18,,,,
2025-02-05 23:00,177,106.29,166.65,1922.61,60.32,15.38,26.94,,,,
2025-02-06 00:00,179,109.44,173.29,1789.09,49.35,30.76,29.8,,,,
2025-02-06 00:00,179,109.44,173.29,1789.09,49.35,30.76,29.8,,,,
2025-02-06 01:00,182,115.68,182.55,1815.8,47.3,37.19,32.42,,,,
2025-02-06 02:00,190,131.47,201.13,2136.23,60.32,31.47,34.33,,,,
2025-02-06 03:00,237,186.73,266.4,3391.27,100.08,6.17,39.58,,,,
2025-02-06 04:00,298,248.28,347.97,5180.36,115.16,8.67,45.78,,,,
2025-02-06 05:00,321,270.38,388.69,6034.85,130.24,18.06,50.07,,,,
2025-02-06 06:00,309,258.09,379.66,5554.2,142.57,38.62,56.27,,,,
2025-02-06 07:00,179,110.02,182.22,2109.53,74.03,91.55,93.46,,,,
2025-02-06 08:00,168,88.45,149.25,1575.47,58.26,113.01,91.55,,,,
2025-02-06 09:00,161,74.99,125.53,1441.96,54.15,118.73,79.15,,,,
2025-02-06 10:00,158,68.22,114.58,1455.31,56.21,117.3,70.57,,,,
2025-02-06 11:00,156,64.39,110.28,1441.96,54.84,118.73,64.85,,,,
2025-02-06 12:00,155,63.48,112.17,1415.25,55.52,124.45,62.94,,,,
2025-02-06 13:00,156,65.96,116.98,1535.42,63.75,117.3,60.56,,,,
2025-02-06 14:00,159,70.57,125.55,1735.69,69.23,101.57,55.79,,,,
2025-02-06 15:00,161,75.01,133.24,1735.69,62.38,97.27,47.68,,,,
2025-02-06 16:00,162,76.14,135.99,1628.88,52.09,97.27,40.53,,,,
2025-02-06 17:00,162,77.46,138.25,1562.12,45.24,94.41,35.29,,,,
2025-02-06 18:00,163,79.28,140.77,1522.06,41.81,92.98,31.95,,,,
2025-02-06 19:00,161,75.71,137.2,1428.6,38.73,94.41,28.37,,,,
2025-02-06 20:00,155,63.86,119.29,1161.58,30.5,101.57,22.89,,,,
2025-02-06 21:00,150,55.23,103.44,921.25,21.59,108.72,19.07,,,,
2025-02-06 22:00,138,50.47,92.05,801.09,16.79,108.72,17.88,,,,
2025-02-06 23:00,126,45.58,82.85,734.33,15.25,105.86,17.88,,,,
2025-02-07 00:00,117,42.19,77.13,687.6,14.91,103.0,18.12,,,,
2025-02-07 00:00,117,42.19,77.13,687.6,14.91,103.0,18.12,,,,
2025-02-07 01:00,118,42.3,76.54,700.95,16.45,103.0,19.31,,,,
2025-02-07 02:00,143,52.6,88.94,921.25,24.33,95.84,22.65,,,,
2025-02-07 03:00,163,79.46,122.56,1548.77,48.67,74.39,28.37,,,,
2025-02-07 04:00,173,97.26,147.33,2109.53,67.86,58.65,32.9,,,,
2025-02-07 05:00,172,95.36,149.86,2056.12,61.69,69.38,35.29,,,,
2025-02-07 06:00,167,85.53,143.29,1655.58,47.3,97.27,37.19,,,,
2025-02-07 07:00,153,60.16,120.02,1001.36,28.79,124.45,35.76,,,,
2025-02-07 08:00,155,62.42,125.78,1068.12,32.22,131.61,42.92,,,,
2025-02-07 09:00,157,67.6,135.62,1188.28,38.04,135.9,50.07,,,,
2025-02-07 10:00,161,74.28,144.63,1335.14,45.24,137.33,54.36,,,,
2025-02-07 11:00,163,78.18,148.54,1455.31,52.09,133.04,58.65,,,,
2025-02-07 12:00,164,80.39,151.21,1588.82,62.38,123.02,63.9,,,,
2025-02-07 13:00,168,87.99,160.91,1922.61,82.94,97.27,67.71,,,,
2025-02-07 14:00,176,103.88,180.29,2429.96,101.45,69.38,64.85,,,,
2025-02-07 15:00,187,125.44,206.74,2777.1,105.56,57.94,57.7,,,,
2025-02-07 16:00,194,139.53,224.78,2750.4,90.48,60.08,50.54,,,,
2025-02-07 17:00,194,138.69,224.41,2403.26,69.92,70.1,42.44,,,,
2025-02-07 18:00,192,134.8,219.35,2109.53,55.52,79.39,36.24,,,,
2025-02-07 19:00,189,129.85,210.45,1949.31,50.72,82.25,31.47,,,,
2025-02-07 20:00,183,117.34,189.79,1708.98,45.24,82.97,26.46,,,,
2025-02-07 21:00,175,101.36,164.72,1321.79,30.85,91.55,20.74,,,,
2025-02-07 22:00,172,95.98,153.29,1108.17,22.28,95.84,17.64,,,,
2025-02-07 23:00,173,97.36,151.07,1081.47,20.05,94.41,17.4,,,,
2025-02-08 00:00,173,98.7,150.07,1094.82,20.05,91.55,17.88,,,,
2025-02-08 00:00,173,98.7,150.07,1094.82,20.05,91.55,17.88,,,,
2025-02-08 01:00,174,100.34,150.55,1148.22,22.96,87.26,18.6,,,,
2025-02-08 02:00,180,111.59,162.84,1441.96,33.93,75.82,20.98,,,,
2025-02-08 03:00,202,151.51,209.98,2403.26,71.29,47.21,27.42,,,,
2025-02-08 04:00,237,186.52,256.87,3524.78,102.82,28.97,33.86,,,,
2025-02-08 05:00,241,191.05,271.64,3845.21,102.82,38.62,36.72,,,,
2025-02-08 06:00,231,180.79,266.5,3391.27,93.22,67.23,38.62,,,,
2025-02-08 07:00,199,147.92,231.3,2323.15,67.86,118.73,42.92,,,,
2025-02-08 08:00,203,152.7,238.88,2136.23,63.06,151.63,50.07,,,,
2025-02-08 09:00,206,155.43,243.01,2029.42,65.12,171.66,57.7,,,,
2025-02-08 10:00,223,172.34,265.53,2323.15,82.94,168.8,53.88,,,,
2025-02-08 11:00,254,204.04,307.05,2883.91,109.67,151.63,43.39,,,,
2025-02-08 12:00,277,227.47,332.44,3097.53,124.75,137.33,32.42,,,,
2025-02-08 13:00,322,271.34,371.35,3631.59,152.17,113.01,28.13,,,,
2025-02-08 14:00,375,324.68,413.68,4058.84,164.51,97.27,27.89,,,,
2025-02-08 15:00,360,309.65,383.82,3524.78,127.49,111.58,25.75,,,,
2025-02-08 16:00,304,254.03,320.21,2964.02,97.33,103.0,24.08,,,,
2025-02-08 17:00,295,245.45,311.08,3284.45,106.93,60.08,26.46,,,,
2025-02-08 18:00,313,262.51,329.2,3791.81,122.01,27.54,29.56,,,,
2025-02-08 19:00,323,272.39,337.83,4112.24,131.61,9.3,30.04,,,,
2025-02-08 20:00,287,237.47,295.63,3631.59,117.9,8.49,25.99,,,,
2025-02-08 21:00,246,195.54,247.36,2883.91,91.85,21.82,22.41,,,,
2025-02-08 22:00,213,162.69,209.37,2136.23,61.01,43.63,19.55,,,,
2025-02-08 23:00,199,149.28,192.44,1762.39,45.93,60.8,19.31,,,,
2025-02-09 00:00,199,148.97,190.6,1708.98,41.81,70.1,20.74,,,,
2025-02-09 00:00,199,148.97,190.6,1708.98,41.81,70.1,20.74,,,,
2025-02-09 01:00,200,150.23,190.8,1789.09,43.53,71.53,21.93,,,,
2025-02-09 02:00,214,163.88,204.91,2162.93,58.95,61.51,24.32,,,,
2025-02-09 03:00,271,220.89,268.19,3471.37,112.41,24.68,30.99,,,,
2025-02-09 04:00,348,297.6,356.08,5554.2,146.69,16.09,41.01,,,,
2025-02-09 05:00,402,351.55,418.87,6942.75,165.88,28.61,50.54,,,,
2025-02-09 06:00,432,396.83,467.64,7263.18,194.67,62.94,56.74,,,,
2025-02-09 07:00,496,495.0,571.86,7797.24,233.05,133.04,60.08,,,,
2025-02-09 08:00,500,611.17,691.06,8010.86,252.25,226.02,54.84,,,,
2025-02-09 09:00,500,635.71,712.15,6835.94,222.09,300.41,43.39,,,,
2025-02-09 10:00,466,448.7,508.23,4272.46,137.09,288.96,26.46,,,,
2025-02-09 11:00,299,249.56,296.9,2403.26,80.2,214.58,15.14,,,,
2025-02-09 12:00,199,147.68,190.53,1562.12,60.32,144.48,10.01,,,,
2025-02-09 13:00,173,97.36,134.73,1108.17,49.35,104.43,7.63,,,,
2025-02-09 14:00,166,84.03,118.99,1041.41,47.98,85.12,7.15,,,,
2025-02-09 15:00,163,79.42,111.75,907.9,36.67,92.98,6.79,,,,
2025-02-09 16:00,163,79.47,110.19,854.49,29.47,104.43,7.21,,,,
2025-02-09 17:00,165,82.59,112.9,867.84,26.73,108.72,7.63,,,,
2025-02-09 18:00,166,85.49,115.53,894.55,25.36,110.15,7.63,,,,
2025-02-09 19:00,165,82.65,110.59,854.49,23.99,111.58,6.97,,,,
2025-02-09 20:00,162,76.56,101.34,767.71,21.59,113.01,6.14,,,,
2025-02-09 21:00,162,77.27,101.13,767.71,20.22,111.58,6.97,,,,
2025-02-09 22:00,163,78.58,102.31,767.71,17.65,110.15,7.27,,,,
2025-02-09 23:00,164,80.3,104.27,774.38,16.45,110.15,7.45,,,,
2025-02-10 00:00,166,83.59,108.12,827.79,17.48,107.29,8.11,,,,
2025-02-10 00:00,166,83.59,108.12,827.79,17.48,107.29,8.11,,,,
2025-02-10 01:00,169,89.92,115.62,934.6,21.59,103.0,8.94,,,,
2025-02-10 02:00,175,101.09,129.7,1148.22,31.19,92.98,10.25,,,,
2025-02-10 03:00,190,131.38,167.26,1869.2,63.75,65.09,13.59,,,,
2025-02-10 04:00,215,164.69,208.69,2857.21,93.22,41.84,17.88,,,,
2025-02-10 05:00,212,161.47,205.92,2883.91,90.48,52.93,18.12,,,,
2025-02-10 06:00,188,127.78,165.29,1895.9,58.95,95.84,14.78,,,,
2025-02-10 07:00,165,82.71,107.75,754.36,18.34,140.19,9.42,,,,
2025-02-10 08:00,162,77.53,99.47,640.87,12.51,145.91,8.11,,,,
2025-02-10 09:00,163,77.78,98.4,640.87,11.65,145.91,7.75,,,,
2025-02-10 10:00,164,80.21,101.14,654.22,11.65,140.19,6.97,,,,
2025-02-10 11:00,169,89.79,113.32,714.3,14.22,133.04,7.03,,,,
2025-02-10 12:00,172,97.05,122.79,774.38,18.16,123.02,6.91,,,,
2025-02-10 13:00,174,99.1,125.61,854.49,25.36,110.15,7.09,,,,
2025-02-10 14:00,171,93.79,119.9,841.14,25.7,103.0,6.62,,,,
2025-02-10 15:00,167,86.83,113.46,761.03,20.56,105.86,6.02,,,,
2025-02-10 16:00,166,83.84,113.6,727.65,17.31,108.72,6.08,,,,
2025-02-10 17:00,164,80.78,112.98,660.9,14.05,110.15,5.72,,,,
2025-02-10 18:00,161,75.44,105.96,607.49,12.0,110.15,5.19,,,,
2025-02-10 19:00,157,66.29,92.04,547.41,11.14,107.29,4.59,,,,
2025-02-10 20:00,151,55.91,76.77,473.98,9.94,104.43,4.23,,,,
2025-02-10 21:00,135,49.41,68.11,427.25,8.31,103.0,4.41,,,,
2025-02-10 22:00,122,44.15,62.66,407.22,6.68,100.14,4.47,,,,
2025-02-10 23:00,108,38.35,56.71,390.53,5.91,97.27,4.53,,,,
2025-02-11 00:00,95,33.06,50.55,380.52,5.74,94.41,4.77,,,,
2025-02-11 00:00,95,33.06,50.55,380.52,5.74,94.41,4.77,,,,
2025-02-11 01:00,90,30.42,46.55,390.53,6.51,92.98,5.19,,,,
2025-02-11 02:00,92,31.76,48.24,447.27,9.08,90.12,5.66,,,,
2025-02-11 03:00,106,37.36,57.88,627.52,17.99,78.68,6.79,,,,
2025-02-11 04:00,120,43.28,69.3,854.49,29.82,65.8,8.7,,,,
2025-02-11 05:00,130,47.24,78.03,934.6,29.47,66.52,10.25,,,,
2025-02-11 06:00,137,49.92,84.32,881.2,24.33,79.39,11.21,,,,
2025-02-11 07:00,130,47.23,83.49,761.03,19.02,92.98,10.13,,,,
2025-02-11 08:00,124,44.81,82.0,714.3,16.96,101.57,9.06,,,,
2025-02-11 09:00,120,43.36,81.43,720.98,17.82,103.0,8.7,,,,
2025-02-11 10:00,117,42.16,81.49,720.98,19.19,95.84,7.87,,,,
2025-02-11 11:00,116,41.54,82.78,747.68,22.28,85.12,7.57,,,,
2025-02-11 12:00,112,39.91,84.32,781.06,27.08,71.53,7.09,,,,
2025-02-11 13:00,112,40.05,88.95,921.25,40.44,51.5,7.39,,,,
2025-02-11 14:00,114,40.78,98.53,961.3,47.3,39.34,7.57,,,,
2025-02-11 15:00,121,43.58,116.05,907.9,40.44,47.92,7.57,,,,
2025-02-11 16:00,140,51.4,135.15,1001.36,39.41,52.21,8.94,,,,
2025-02-11 17:00,154,61.61,147.39,1161.58,42.16,51.5,10.49,,,,
2025-02-11 18:00,159,71.91,155.31,1321.79,45.24,50.78,11.56,,,,
2025-02-11 19:00,162,76.58,156.69,1441.96,50.04,46.49,11.56,,,,
2025-02-11 20:00,163,79.14,154.91,1548.77,56.89,37.91,11.56,,,,
2025-02-11 21:00,169,90.35,164.25,1762.39,62.38,30.4,13.23,,,,
2025-02-11 22:00,177,105.83,180.14,1949.31,64.43,24.68,15.14,,,,
2025-02-11 23:00,185,120.94,196.15,2082.82,65.12,20.03,16.93,,,,
2025-02-12 00:00,195,141.36,219.46,2376.56,69.92,16.45,19.31,,,,
2025-02-12 00:00,195,141.36,219.46,2376.56,69.92,16.45,19.31,,,,
2025-02-12 01:00,204,153.87,236.32,2563.48,72.66,14.66,21.46,,,,
2025-02-12 02:00,212,161.2,246.97,2830.51,80.2,8.31,23.84,,,,
2025-02-12 03:00,260,210.0,301.09,4058.84,100.08,0.87,30.28,,,,
2025-02-12 04:00,330,279.51,380.58,6034.85,115.16,5.99,39.58,,,,
2025-02-12 05:00,394,344.67,464.6,7797.24,141.2,12.34,49.11,,,,
2025-02-12 06:00,443,413.78,557.21,8758.54,197.41,27.54,58.17,,,,
2025-02-12 07:00,500,503.94,668.13,9078.98,263.21,70.81,61.99,,,,
2025-02-12 08:00,500,607.35,784.5,9078.98,293.37,148.77,59.13,,,,
2025-02-12 09:00,500,672.04,851.55,8331.3,271.44,223.16,51.5,,,,
2025-02-12 10:00,500,692.76,852.05,6942.75,216.6,283.24,39.1,,,,
2025-02-12 11:00,500,589.17,717.19,5233.76,156.28,303.27,28.13,,,,
2025-02-12 12:00,442,412.73,517.76,3738.4,119.27,257.49,21.93,,,,
2025-02-12 13:00,344,293.46,385.58,3257.75,124.75,171.66,20.98,,,,
2025-02-12 14:00,290,239.83,324.95,3284.45,138.46,94.41,22.17,,,,
2025-02-12 15:00,265,215.33,297.15,3177.64,131.61,72.24,24.8,,,,
2025-02-12 16:00,297,247.31,331.34,3898.62,148.06,44.7,30.99,,,,
2025-02-12 17:00,374,323.81,412.76,5340.58,180.96,4.6,37.67,,,,
2025-02-12 18:00,435,402.18,494.1,6515.5,183.7,0.01,42.92,,,,
2025-02-12 19:00,460,440.38,532.0,7156.37,183.7,0.0,44.35,,,,
2025-02-12 20:00,457,434.98,521.25,7156.37,186.44,0.0,41.48,,,,
2025-02-12 21:00,433,398.6,481.42,6462.1,178.22,0.0,38.15,,,,
2025-02-12 22:00,363,312.88,392.33,4859.92,145.32,0.31,34.33,,,,
2025-02-12 23:00,306,255.88,334.33,3738.4,115.16,4.43,31.95,,,,
2025-02-13 00:00,283,233.53,315.16,3311.16,93.22,12.16,31.95,,,,
2025-02-13 00:00,283,233.53,315.16,3311.16,93.22,12.16,31.95,,,,
2025-02-13 01:00,276,225.7,311.43,3177.64,85.0,14.48,33.86,,,,
2025-02-13 02:00,287,237.03,328.26,3524.78,94.59,6.53,38.62,,,,
2025-02-13 03:00,362,312.1,416.78,5287.17,115.16,0.41,50.07,,,,
2025-02-13 04:00,449,423.82,549.86,8224.49,142.57,4.25,66.76,,,,
2025-02-13 05:00,500,509.83,653.99,10360.72,191.93,12.7,82.97,,,,
2025-02-13 06:00,500,594.48,748.86,11322.02,282.41,39.7,97.27,,,,
2025-02-13 07:00,500,651.81,807.58,10147.09,326.28,133.04,98.23,,,,
2025-02-13 08:00,500,629.53,777.39,7476.81,254.99,257.49,81.06,,,,
2025-02-13 09:00,500,522.24,652.43,4806.52,150.8,320.43,58.17,,,,
2025-02-13 10:00,428,390.71,492.17,2964.02,79.51,320.43,40.05,,,,
2025-02-13 11:00,368,318.19,401.69,2296.45,54.84,300.41,31.47,,,,
2025-02-13 12:00,357,306.54,382.85,2296.45,53.47,274.66,28.13,,,,
2025-02-13 13:00,384,334.37,408.13,2616.88,63.75,248.91,28.37,,,,
2025-02-13 14:00,411,365.37,439.99,2803.8,59.63,234.6,28.13,,,,
2025-02-13 15:00,376,325.7,403.75,2429.96,45.93,228.88,25.03,,,,
2025-02-13 16:00,275,225.62,304.86,1789.09,37.36,185.97,19.55,,,,
2025-02-13 17:00,190,130.61,204.84,1134.87,29.82,130.18,13.11,,,,
2025-02-13 18:00,160,72.88,134.67,781.06,23.99,95.84,9.06,,,,
2025-02-13 19:00,129,46.82,93.81,600.81,19.19,87.98,7.03,,,,
2025-02-13 20:00,99,34.85,71.01,480.65,15.08,88.69,5.9,,,,
2025-02-13 21:00,89,30.22,63.71,423.91,11.31,90.12,5.54,,,,
2025-02-13 22:00,86,28.91,67.62,393.87,8.31,90.12,5.01,,,,
2025-02-13 23:00,88,29.5,75.04,383.85,7.03,88.69,4.77,,,,
2025-02-14 00:00,92,31.54,82.18,387.19,6.85,86.55,4.83,,,,
2025-02-14 00:00,92,31.54,82.18,387.19,6.85,86.55,4.83,,,,
2025-02-14 01:00,100,35.17,91.18,427.25,8.4,84.4,5.42,,,,
2025-02-14 02:00,115,41.01,101.56,554.08,13.71,80.11,6.44,,,,
2025-02-14 03:00,150,55.4,120.51,947.95,33.24,62.23,8.7,,,,
2025-02-14 04:00,159,70.21,136.49,1522.06,56.21,42.2,11.8,,,,
2025-02-14 05:00,160,72.4,136.74,1642.23,53.47,48.64,13.23,,,,
2025-02-14 06:00,157,67.5,129.56,1401.9,42.84,69.38,13.47,,,,
2025-02-14 07:00,152,57.58,117.66,1041.41,30.85,91.55,11.68,,,,
2025-02-14 08:00,140,51.2,109.44,867.84,24.68,101.57,10.13,,,,
2025-02-14 09:00,130,47.46,104.93,807.76,22.96,101.57,9.06,,,,
2025-02-14 10:00,119,42.77,99.4,734.33,20.91,95.84,7.39,,,,
2025-02-14 11:00,114,40.69,96.12,714.3,21.76,87.98,6.85,,,,
2025-02-14 12:00,111,39.58,93.1,720.98,25.36,78.68,6.68,,,,
2025-02-14 13:00,110,39.15,91.32,801.09,35.99,62.23,6.79,,,,
2025-02-14 14:00,108,38.43,89.17,787.73,37.7,54.36,6.38,,,,
2025-02-14 15:00,108,38.4,87.98,694.27,29.13,62.23,5.84,,,,
2025-02-14 16:00,108,38.21,85.47,640.87,22.62,69.38,5.78,,,,
2025-02-14 17:00,99,34.77,77.29,527.38,15.77,77.25,4.89,,,,
2025-02-14 18:00,92,31.67,70.74,453.95,11.14,85.12,4.05,,,,
2025-02-14 19:00,85,28.38,66.44,383.85,8.23,91.55,3.13,,,,
2025-02-14 20:00,80,25.83,62.39,320.43,5.65,95.84,2.47,,,,
2025-02-14 21:00,77,24.56,59.33,277.04,2.96,98.71,1.85,,,,
2025-02-14 22:00,76,23.95,57.09,267.03,2.03,101.57,1.65,,,,
2025-02-14 23:00,75,23.56,55.65,267.03,2.03,100.14,1.83,,,,
2025-02-15 00:00,75,23.34,54.64,270.37,2.27,98.71,2.15,,,,
2025-02-15 00:00,75,23.34,54.64,270.37,2.27,98.71,2.15,,,,
2025-02-15 01:00,75,23.35,54.78,283.72,2.87,97.27,2.53,,,,
2025-02-15 02:00,76,23.77,55.03,307.08,4.07,92.98,2.8,,,,
2025-02-15 03:00,80,25.84,57.61,393.87,8.48,85.83,3.37,,,,
2025-02-15 04:00,86,28.97,62.32,540.73,15.77,77.25,4.53,,,,
2025-02-15 05:00,94,32.47,69.5,647.54,18.85,75.1,5.9,,,,
2025-02-15 06:00,103,36.28,78.06,700.95,18.85,80.11,7.21,,,,
2025-02-15 07:00,107,37.98,84.09,674.25,17.14,87.98,7.39,,,,
2025-02-15 08:00,111,39.56,90.26,647.54,16.45,94.41,6.97,,,,
2025-02-15 09:00,115,41.15,96.68,654.22,17.31,95.84,6.62,,,,
2025-02-15 10:00,111,39.59,98.58,600.81,16.28,92.98,5.48,,,,
2025-02-15 11:00,105,37.3,97.91,560.76,15.59,83.68,4.77,,,,
2025-02-15 12:00,99,35.1,94.27,540.73,16.62,72.24,4.29,,,,
2025-02-15 13:00,97,34.1,90.99,587.46,22.62,57.22,4.17,,,,
2025-02-15 14:00,98,34.44,90.46,587.46,24.68,50.78,3.93,,,,
2025-02-15 15:00,102,35.8,91.18,540.73,19.54,57.22,3.7,,,,
2025-02-15 16:00,106,37.53,93.31,527.38,16.45,62.23,3.93,,,,
2025-02-15 17:00,106,37.59,94.24,487.33,13.19,66.52,3.87,,,,
2025-02-15 18:00,105,37.31,93.68,453.95,11.14,70.1,3.78,,,,
2025-02-15 19:00,102,36.09,88.49,427.25,10.45,70.81,3.58,,,,
2025-02-15 20:00,96,33.5,78.31,393.87,9.77,72.24,3.4,,,,
2025-02-15 21:00,92,31.69,69.55,380.52,8.23,74.39,3.7,,,,
2025-02-15 22:00,89,30.28,64.28,373.84,6.6,76.53,3.81,,,,
2025-02-15 23:00,87,29.31,61.92,360.49,5.74,77.96,3.81,,,,
2025-02-16 00:00,88,29.58,62.19,360.49,5.57,78.68,4.05,,,,
2025-02-16 00:00,88,29.58,62.19,360.49,5.57,78.68,4.05,,,,
2025-02-16 01:00,90,30.83,63.69,373.84,6.34,78.68,4.53,,,,
2025-02-16 02:00,94,32.7,65.88,403.88,8.05,78.68,4.71,,,,
2025-02-16 03:00,104,36.53,71.77,527.38,14.57,73.67,5.3,,,,
2025-02-16 04:00,111,39.68,77.77,687.6,22.62,67.23,6.2,,,,
2025-02-16 05:00,117,41.83,82.3,774.38,23.99,69.38,7.15,,,,
2025-02-16 06:00,122,43.83,86.17,754.36,21.08,79.39,7.75,,,,
2025-02-16 07:00,120,43.02,86.41,680.92,17.48,90.12,7.21,,,,
2025-02-16 08:00,119,42.71,85.46,667.57,16.79,94.41,6.62,,,,
2025-02-16 09:00,118,42.3,83.83,694.27,18.16,91.55,6.26,,,,
2025-02-16 10:00,109,38.83,79.31,647.54,17.14,86.55,5.25,,,,
2025-02-16 11:00,96,33.72,72.98,587.46,15.77,78.68,4.59,,,,
2025-02-16 12:00,86,28.76,65.03,547.41,15.77,71.53,4.11,,,,
2025-02-16 13:00,78,24.98,57.17,574.11,20.39,62.23,3.99,,,,
2025-02-16 14:00,74,22.94,52.2,567.44,21.59,57.22,3.81,,,,
2025-02-16 15:00,72,22.19,49.53,514.03,16.62,62.94,3.58,,,,
2025-02-16 16:00,73,22.45,48.54,507.35,14.05,66.52,3.78,,,,
2025-02-16 17:00,73,22.51,47.37,500.68,12.68,68.66,3.93,,,,
2025-02-16 18:00,74,22.89,47.46,507.35,12.34,70.1,4.11,,,,
2025-02-16 19:00,70,21.12,45.49,473.98,11.48,71.53,3.87,,,,
2025-02-16 20:00,62,17.54,40.93,397.21,8.91,74.39,3.37,,,,
2025-02-16 21:00,61,16.73,40.03,383.85,7.71,76.53,4.17,,,,
2025-02-16 22:00,68,20.17,43.47,467.3,9.68,72.96,4.95,,,,
2025-02-16 23:00,88,29.56,53.56,674.25,15.94,64.37,7.03,,,,
2025-02-17 00:00,138,50.41,77.14,1094.82,29.13,50.78,11.32,,,,
2025-02-17 00:00,138,50.41,77.14,1094.82,29.13,50.78,11.32,,,,
2025-02-17 01:00,171,93.36,127.01,1922.61,54.15,28.61,18.84,,,,
2025-02-17 02:00,195,139.79,181.7,2830.51,82.94,6.79,25.99,,,,
2025-02-17 03:00,256,205.83,262.12,4325.87,98.71,0.67,34.81,,,,
2025-02-17 04:00,325,274.47,351.17,6248.47,105.56,5.05,43.87,,,,
2025-02-17 05:00,388,338.18,435.39,7904.05,138.46,12.34,51.98,,,,
2025-02-17 06:00,436,404.14,516.84,8438.11,202.89,35.41,60.56,,,,
2025-02-17 07:00,500,557.2,687.02,9506.23,285.15,107.29,68.66,,,,
2025-02-17 08:00,500,818.79,960.5,10574.34,329.02,237.46,65.8,,,,
2025-02-17 09:00,500,967.96,1096.63,9292.6,265.96,371.93,50.07,,,,
2025-02-17 10:00,500,776.46,871.77,5874.63,142.57,446.32,33.86,,,,
2025-02-17 11:00,468,451.77,527.51,3524.78,89.11,377.66,26.23,,,,
2025-02-17 12:00,299,249.59,319.25,2349.85,77.46,254.63,22.17,,,,
2025-02-17 13:00,202,151.88,219.25,1789.09,72.66,164.51,19.79,,,,
2025-02-17 14:00,182,115.28,182.15,1682.28,75.4,103.0,17.17,,,,
2025-02-17 15:00,172,95.27,160.1,1535.42,65.8,80.11,14.66,,,,
2025-02-17 16:00,170,92.52,155.62,1522.06,58.26,70.1,15.02,,,,
2025-02-17 17:00,170,93.08,153.26,1735.69,62.38,45.42,15.02,,,,
2025-02-17 18:00,171,94.1,152.63,1895.9,66.49,23.25,14.9,,,,
2025-02-17 19:00,165,83.18,137.49,1815.8,64.43,9.57,13.35,,,,
2025-02-17 20:00,157,67.37,114.47,1588.82,57.58,7.06,10.97,,,,
2025-02-17 21:00,154,60.85,103.59,1401.9,50.72,12.7,9.89,,,,
2025-02-17 22:00,148,54.74,94.45,1188.28,38.73,24.32,8.94,,,,
2025-02-17 23:00,133,48.54,86.13,1001.36,29.47,33.97,8.58,,,,
2025-02-18 00:00,127,45.86,82.17,934.6,25.7,37.91,9.18,,,,
2025-02-18 00:00,127,45.86,82.17,934.6,25.7,37.91,9.18,,,,
2025-02-18 01:00,131,47.61,83.33,988.01,27.42,36.84,10.37,,,,
2025-02-18 02:00,148,54.53,90.77,1201.63,37.7,28.61,11.92,,,,
2025-02-18 03:00,163,78.06,118.53,1895.9,59.63,6.88,15.74,,,,
2025-02-18 04:00,178,108.32,154.03,2964.02,61.01,8.67,20.98,,,,
2025-02-18 05:00,181,112.95,160.19,3204.35,64.43,17.7,22.89,,,,
2025-02-18 06:00,171,93.76,139.15,2510.07,63.06,43.99,20.5,,,,
2025-02-18 07:00,127,46.19,84.07,1201.63,32.9,85.83,14.07,,,,
2025-02-18 08:00,91,31.17,63.93,794.41,20.73,100.14,10.25,,,,
2025-02-18 09:00,80,25.98,57.14,707.63,17.99,98.71,8.7,,,,
2025-02-18 10:00,76,23.9,57.33,694.27,18.34,87.26,7.39,,,,
2025-02-18 11:00,74,23.16,58.83,720.98,21.08,72.24,6.85,,,,
2025-02-18 12:00,72,22.01,56.8,761.03,25.02,57.94,6.38,,,,
2025-02-18 13:00,72,22.2,54.16,894.55,37.7,34.69,6.56,,,,
2025-02-18 14:00,74,22.87,51.12,961.3,45.93,16.63,6.62,,,,
2025-02-18 15:00,77,24.56,50.09,921.25,40.44,19.31,6.68,,,,
2025-02-18 16:00,82,26.88,51.39,907.9,35.3,26.82,7.21,,,,
2025-02-18 17:00,75,23.73,46.76,761.03,26.05,38.62,6.68,,,,
2025-02-18 18:00,67,19.6,42.3,627.52,18.85,47.92,5.84,,,,
2025-02-18 19:00,58,15.46,40.36,500.68,13.37,56.51,4.65,,,,
2025-02-18 20:00,57,14.93,43.28,407.22,10.02,63.66,3.87,,,,
2025-02-18 21:00,64,18.34,51.26,360.49,7.28,68.66,3.87,,,,
2025-02-18 22:00,72,22.23,56.96,350.48,6.08,70.1,3.99,,,,
2025-02-18 23:00,79,25.24,57.67,383.85,7.03,67.23,4.95,,,,
2025-02-19 00:00,85,28.05,57.69,440.6,9.08,62.94,6.56,,,,
2025-02-19 00:00,85,28.05,57.69,440.6,9.08,62.94,6.56,,,,
2025-02-19 01:00,92,31.58,59.85,527.38,12.51,58.65,8.46,,,,
2025-02-19 02:00,97,33.94,60.7,574.11,15.08,55.79,8.58,,,,
2025-02-19 03:00,109,38.69,66.52,720.98,22.96,50.07,8.58,,,,
2025-02-19 04:00,110,39.08,68.95,801.09,26.73,51.5,8.7,,,,
2025-02-19 05:00,106,37.36,67.81,720.98,21.25,61.51,8.23,,,,
2025-02-19 06:00,101,35.54,66.23,580.79,13.71,72.96,7.15,,,,
2025-02-19 07:00,92,31.69,60.36,453.95,7.97,80.11,4.83,,,,
2025-02-19 08:00,87,29.39,56.64,410.56,6.25,82.97,3.99,,,,
2025-02-19 09:00,84,27.76,55.13,387.19,5.48,84.4,3.31,,,,
2025-02-19 10:00,87,29.24,59.84,380.52,5.74,81.54,3.16,,,,
2025-02-19 11:00,88,29.88,59.4,393.87,7.03,75.82,3.37,,,,
2025-02-19 12:00,86,28.92,54.54,407.22,8.74,69.38,3.13,,,,
2025-02-19 13:00,85,28.32,51.61,440.6,12.34,62.23,3.07,,,,
2025-02-19 14:00,81,26.39,48.49,433.92,12.51,65.09,2.8,,,,
2025-02-19 15:00,77,24.66,46.48,407.22,9.34,73.67,2.56,,,,
2025-02-19 16:00,78,24.74,47.89,407.22,8.23,77.25,2.77,,,,
2025-02-19 17:00,79,25.41,50.31,403.88,7.54,77.96,2.95,,,,
2025-02-19 18:00,80,25.92,51.84,413.89,7.54,77.96,3.22,,,,
2025-02-19 19:00,78,25.09,50.88,403.88,7.54,77.96,3.22,,,,
2025-02-19 20:00,75,23.54,48.04,363.83,6.51,80.11,3.16,,,,
2025-02-19 21:00,74,23.25,46.75,357.15,5.48,82.25,3.49,,,,
2025-02-19 22:00,78,24.98,47.36,397.21,6.25,80.82,3.67,,,,
2025-02-19 23:00,84,27.67,50.11,460.62,8.23,77.25,4.23,,,,
2025-02-20 00:00,90,30.83,54.48,534.06,10.8,72.24,5.36,,,,
2025-02-20 00:00,90,30.83,54.48,534.06,10.8,72.24,5.36,,,,
2025-02-20 01:00,110,38.97,64.77,727.65,18.16,62.94,7.75,,,,
2025-02-20 02:00,152,58.29,87.82,1188.28,37.01,42.92,11.8,,,,
2025-02-20 03:00,181,114.52,156.86,2536.77,77.46,6.88,20.5,,,,
2025-02-20 04:00,278,228.5,295.37,5287.17,100.08,7.06,35.76,,,,
2025-02-20 05:00,403,353.19,444.8,8010.86,148.06,14.66,49.11,,,,
2025-02-20 06:00,446,418.13,526.73,8331.3,219.35,47.21,54.84,,,,
2025-02-20 07:00,342,291.96,398.12,4966.74,156.28,128.75,49.59,,,,
2025-02-20 08:00,280,230.5,319.86,3471.37,106.93,185.97,36.24,,,,
2025-02-20 09:00,232,181.37,254.09,2723.69,84.31,191.69,26.7,,,,
2025-02-20 10:00,177,105.31,162.01,1922.61,63.06,157.36,19.07,,,,
2025-02-20 11:00,152,57.61,102.74,1455.31,52.78,120.16,17.4,,,,
2025-02-20 12:00,116,41.44,81.63,1268.39,50.72,97.27,16.45,,,,
2025-02-20 13:00,110,39.22,78.55,1482.01,70.6,62.94,15.97,,,,
2025-02-20 14:00,130,47.36,88.99,1922.61,100.08,18.24,16.69,,,,
2025-02-20 15:00,151,56.45,101.08,2029.42,95.96,5.05,17.4,,,,
2025-02-20 16:00,157,66.83,115.18,2082.82,90.48,4.56,18.12,,,,
2025-02-20 17:00,155,62.77,112.38,1735.69,72.66,24.32,15.5,,,,
2025-02-20 18:00,139,51.07,100.27,1281.74,47.98,60.8,12.04,,,,
2025-02-20 19:00,104,36.67,83.72,881.2,30.5,87.26,9.3,,,,
2025-02-20 20:00,85,28.27,72.58,647.54,22.62,98.71,8.11,,,,
2025-02-20 21:00,82,26.77,70.78,534.06,16.79,105.86,8.11,,,,
2025-02-20 22:00,92,31.75,76.8,560.76,14.91,107.29,9.3,,,,
2025-02-20 23:00,121,43.64,91.07,741.0,19.71,98.71,11.56,,,,
2025-02-21 00:00,155,62.79,113.03,1081.47,30.16,80.82,14.78,,,,
2025-02-21 00:00,155,62.79,113.03,1081.47,30.16,80.82,14.78,,,,
2025-02-21 01:00,170,92.51,146.62,1655.58,50.04,57.22,20.27,,,,
2025-02-21 02:00,189,129.5,188.67,2483.37,82.25,31.47,26.23,,,,
2025-02-21 03:00,259,208.84,279.76,4379.27,130.24,2.64,36.72,,,,
2025-02-21 04:00,354,303.94,392.21,7049.56,156.28,5.36,50.54,,,,
2025-02-21 05:00,413,369.19,475.23,8972.17,186.44,11.98,61.99,,,,
2025-02-21 06:00,437,405.34,525.56,9399.41,227.57,27.18,72.48,,,,
2025-02-21 07:00,463,444.54,577.22,9613.04,282.41,24.68,81.06,,,,
2025-02-21 08:00,500,555.76,710.76,11535.64,339.98,18.78,86.78,,,,
2025-02-21 09:00,500,649.05,821.76,12817.38,389.34,17.52,87.74,,,,
2025-02-21 10:00,500,683.9,853.88,12390.14,422.24,18.6,85.83,,,,
2025-02-21 11:00,500,656.98,812.7,11001.59,416.76,17.7,83.92,,,,
2025-02-21 12:00,500,596.91,738.38,9719.85,394.82,11.18,81.06,,,,
2025-02-21 13:00,500,535.65,665.61,9078.98,367.4,6.88,79.15,,,,
2025-02-21 14:00,441,411.59,527.28,7156.37,287.89,0.17,63.9,,,,
2025-02-21 15:00,300,250.06,349.73,4325.87,175.48,0.02,37.19,,,,
2025-02-21 16:00,204,153.13,241.42,2723.69,112.41,0.89,20.74,,,,
2025-02-21 17:00,180,111.12,190.31,2109.53,83.63,7.15,15.26,,,,
2025-02-21 18:00,167,86.1,153.31,1708.98,64.43,23.25,12.52,,,,
2025-02-21 19:00,159,71.69,126.02,1482.01,54.15,37.91,10.97,,,,
2025-02-21 20:00,163,79.66,127.61,1735.69,65.8,30.4,12.52,,,,
2025-02-21 21:00,177,105.7,152.99,2189.64,80.88,18.6,15.5,,,,
2025-02-21 22:00,185,120.5,169.44,2296.45,77.46,12.52,16.21,,,,
2025-02-21 23:00,181,112.98,163.96,2002.72,61.69,16.09,15.97,,,,
2025-02-22 00:00,175,102.83,156.2,1815.8,52.09,17.88,16.93,,,,
2025-02-22 00:00,175,102.83,156.2,1815.8,52.09,17.88,16.93,,,,
2025-02-22 01:00,170,92.8,148.91,1588.82,43.53,20.56,18.12,,,,
2025-02-22 02:00,175,101.39,160.26,1628.88,43.53,28.25,20.03,,,,
2025-02-22 03:00,197,145.16,206.72,2429.96,69.23,21.99,25.75,,,,
2025-02-22 04:00,215,164.15,224.72,2910.61,78.83,35.76,32.42,,,,
2025-02-22 05:00,224,173.46,234.48,3124.24,82.94,55.79,37.19,,,,
2025-02-22 06:00,240,190.24,252.18,3124.24,84.31,94.41,43.39,,,,
2025-02-22 07:00,317,267.11,338.62,4058.84,111.04,137.33,51.02,,,,
2025-02-22 08:00,425,387.24,473.92,5340.58,150.8,200.27,55.79,,,,
2025-02-22 09:00,484,475.96,575.05,5661.01,167.25,274.66,51.98,,,,
2025-02-22 10:00,472,458.4,555.24,4486.08,143.95,308.99,39.1,,,,
2025-02-22 11:00,397,347.83,430.81,3044.13,98.71,283.24,28.37,,,,
2025-02-22 12:00,276,226.63,295.28,2002.72,66.49,231.74,25.51,,,,
2025-02-22 13:00,193,136.6,184.88,1295.09,47.3,183.11,30.99,,,,
2025-02-22 14:00,182,115.0,157.64,1268.39,48.67,141.62,27.42,,,,
2025-02-22 15:00,181,113.35,156.47,1241.68,44.55,125.89,22.41,,,,
2025-02-22 16:00,183,117.94,163.61,1295.09,43.18,115.87,19.07,,,,
2025-02-22 17:00,187,125.26,172.06,1375.2,42.16,110.15,17.4,,,,
2025-02-22 18:00,193,137.1,185.29,1495.36,42.84,107.29,17.17,,,,
2025-02-22 19:00,194,138.66,186.64,1468.66,42.16,104.43,15.5,,,,
2025-02-22 20:00,190,130.88,175.64,1308.44,37.01,104.43,12.87,,,,
2025-02-22 21:00,190,130.55,172.95,1174.93,29.13,108.72,11.68,,,,
2025-02-22 22:00,192,135.06,175.56,1081.47,21.59,115.87,10.85,,,,
2025-02-22 23:00,200,149.7,189.56,1081.47,17.65,127.32,10.73,,,,
2025-02-23 00:00,229,178.88,219.49,1228.33,17.31,141.62,11.68,,,,
2025-02-23 00:00,229,178.88,219.49,1228.33,17.31,141.62,11.68,,,,
2025-02-23 01:00,262,212.17,254.04,1455.31,20.39,151.63,12.99,,,,
2025-02-23 02:00,292,242.07,285.38,1789.09,28.45,154.5,13.83,,,,
2025-02-23 03:00,320,270.07,317.08,2456.67,55.52,130.18,15.5,,,,
2025-02-23 04:00,338,287.61,339.03,3417.97,98.71,94.41,19.55,,,,
2025-02-23 05:00,343,292.74,345.18,4005.43,115.16,91.55,23.13,,,,
2025-02-23 06:00,313,262.19,310.68,3471.37,98.71,124.45,24.56,,,,
2025-02-23 07:00,185,121.75,152.41,1508.71,36.67,138.76,18.12,,,,
2025-02-23 08:00,165,83.52,108.89,1001.36,22.96,140.19,12.99,,,,
2025-02-23 09:00,153,59.73,83.08,807.76,19.36,120.16,9.66,,,,
2025-02-23 10:00,109,38.8,59.4,654.22,16.28,82.97,6.68,,,,
2025-02-23 11:00,88,29.59,48.17,614.17,15.59,60.8,5.78,,,,
2025-02-23 12:00,81,26.55,43.97,634.19,17.82,47.92,5.54,,,,
2025-02-23 13:00,82,26.65,43.5,720.98,26.39,31.83,5.84,,,,
2025-02-23 14:00,83,27.37,43.95,741.0,32.56,18.6,5.9,,,,
2025-02-23 15:00,86,28.58,45.43,680.92,27.08,20.92,5.84,,,,
2025-02-23 16:00,91,31.3,48.98,680.92,24.68,23.25,6.74,,,,
2025-02-23 17:00,99,34.98,53.36,734.33,25.02,22.53,7.99,,,,
2025-02-23 18:00,116,41.6,60.99,854.49,28.1,19.85,9.42,,,,
2025-02-23 19:00,131,47.73,69.12,1014.71,34.27,13.23,9.78,,,,
2025-02-23 20:00,136,49.76,71.09,1094.82,38.04,7.33,8.94,,,,
2025-02-23 21:00,141,51.61,71.81,1108.17,37.7,6.62,9.18,,,,
2025-02-23 22:00,137,50.3,67.79,1014.71,32.22,10.82,9.06,,,,
2025-02-23 23:00,131,47.65,62.51,907.9,27.08,16.09,9.3,,,,
2025-02-24 00:00,133,48.49,62.42,894.55,26.05,17.7,10.49,,,,
2025-02-24 00:00,133,48.49,62.42,894.55,26.05,17.7,10.49,,,,
2025-02-24 01:00,141,51.9,65.36,1014.71,30.5,14.48,12.87,,,,
2025-02-24 02:00,155,62.46,77.8,1361.85,42.5,5.23,16.69,,,,
2025-02-24 03:00,172,96.59,118.73,2403.26,54.15,0.19,24.32,,,,
2025-02-24 04:00,197,145.35,177.86,3845.21,68.55,0.78,39.58,,,,
2025-02-24 05:00,225,175.0,215.09,4699.71,83.63,1.65,55.79,,,,
2025-02-24 06:00,231,180.53,224.05,4699.71,94.59,2.82,69.62,,,,
2025-02-24 07:00,284,233.92,285.71,5287.17,131.61,31.83,73.43,,,,
2025-02-24 08:00,388,338.6,400.41,5928.04,191.93,78.68,62.94,,,,
2025-02-24 09:00,390,340.47,400.07,4806.52,161.77,124.45,41.96,,,,
2025-02-24 10:00,258,207.87,253.52,2696.99,89.11,125.89,20.27,,,,
2025-02-24 11:00,173,98.43,136.15,1642.23,56.21,85.12,11.09,,,,
2025-02-24 12:00,137,50.22,82.18,1201.63,43.87,40.77,7.99,,,,
2025-02-24 13:00,102,36.09,62.27,1041.41,42.16,14.48,7.51,,,,
2025-02-24 14:00,99,34.88,59.4,1041.41,43.18,2.41,7.87,,,,
2025-02-24 15:00,104,36.8,61.9,974.66,38.73,3.62,7.99,,,,
2025-02-24 16:00,127,46.1,74.38,1121.52,40.1,3.08,10.01,,,,
2025-02-24 17:00,156,65.47,98.4,1508.71,42.16,0.46,13.11,,,,
2025-02-24 18:00,170,92.69,130.4,2029.42,43.87,0.04,16.45,,,,
2025-02-24 19:00,178,107.84,147.12,2349.85,44.55,0.0,17.88,,,,
2025-02-24 20:00,177,106.4,141.5,2376.56,45.24,0.0,16.69,,,,
2025-02-24 21:00,176,104.04,134.31,2296.45,45.24,0.0,15.97,,,,
2025-02-24 22:00,170,92.65,116.89,1949.31,41.81,0.02,14.19,,,,
2025-02-24 23:00,163,77.9,98.6,1548.77,35.99,0.09,12.64,,,,
2025-02-25 00:00,159,71.44,91.2,1361.85,32.56,0.25,12.76,,,,
2025-02-25 00:00,159,71.44,91.2,1361.85,32.56,0.25,12.76,,,,
2025-02-25 01:00,161,74.58,95.72,1428.6,34.96,0.31,14.42,,,,
2025-02-25 02:00,170,92.32,119.97,1869.2,41.81,0.09,17.88,,,,
2025-02-25 03:00,199,147.86,188.11,3231.05,52.09,0.1,25.03,,,,
2025-02-25 04:00,298,248.81,307.22,5928.04,70.6,1.72,38.15,,,,
2025-02-25 05:00,415,371.66,450.33,8865.36,112.41,5.1,53.88,,,,
2025-02-25 06:00,500,516.63,613.29,11108.4,219.35,17.7,69.62,,,,
2025-02-25 07:00,500,704.53,818.4,12176.51,372.89,76.53,75.34,,,,
2025-02-25 08:00,500,859.42,981.04,11535.64,394.82,214.58,66.76,,,,
2025-02-25 09:00,500,857.95,973.64,9185.79,307.08,329.02,52.93,,,,
2025-02-25 10:00,500,586.94,674.09,5607.6,180.96,320.43,34.81,,,,
2025-02-25 11:00,369,319.27,380.97,3417.97,116.53,231.74,23.6,,,,
2025-02-25 12:00,225,174.83,222.37,2510.07,101.45,133.04,17.4,,,,
2025-02-25 13:00,175,102.33,139.07,2216.34,106.93,49.35,14.9,,,,
2025-02-25 14:00,162,76.63,110.39,2269.74,105.56,3.4,14.07,,,,
2025-02-25 15:00,158,69.42,104.57,2109.53,78.14,0.12,13.59,,,,
2025-02-25 16:00,161,74.48,112.27,2082.82,65.12,0.08,14.78,,,,
2025-02-25 17:00,162,77.7,114.48,1976.01,59.63,0.34,15.5,,,,
2025-02-25 18:00,160,72.35,105.78,1708.98,54.84,2.62,14.66,,,,
2025-02-25 19:00,153,59.49,88.54,1401.9,47.98,7.6,12.52,,,,
2025-02-25 20:00,134,48.8,74.2,1174.93,42.84,11.35,10.61,,,,
2025-02-25 21:00,129,46.97,70.64,1081.47,38.04,15.56,10.49,,,,
2025-02-25 22:00,130,47.28,69.87,988.01,31.53,20.03,10.13,,,,
2025-02-25 23:00,127,46.03,67.18,894.55,26.05,23.25,9.42,,,,
2025-02-26 00:00,126,45.82,64.89,854.49,23.99,24.68,9.3,,,,
2025-02-26 00:00,126,45.82,64.89,854.49,23.99,24.68,9.3,,,,
2025-02-26 01:00,138,50.34,67.23,961.3,28.1,21.1,10.13,,,,
2025-02-26 02:00,157,66.54,84.6,1361.85,42.16,8.14,12.99,,,,
2025-02-26 03:00,183,116.56,142.7,2616.88,52.78,0.2,20.03,,,,
2025-02-26 04:00,243,193.38,232.74,4753.11,62.38,0.44,30.52,,,,
2025-02-26 05:00,275,224.71,271.99,5767.82,67.86,0.73,36.24,,,,
2025-02-26 06:00,244,194.05,239.27,5020.14,69.23,1.92,33.86,,,,
2025-02-26 07:00,182,116.02,148.64,2803.8,63.75,37.19,25.51,,,,
2025-02-26 08:00,169,89.42,115.39,1815.8,53.47,82.97,18.36,,,,
2025-02-26 09:00,160,72.46,94.85,1441.96,43.87,97.27,14.19,,,,
2025-02-26 10:00,137,50.1,69.37,1174.93,36.33,77.25,10.61,,,,
2025-02-26 11:00,117,42.06,60.9,1148.22,36.33,51.5,9.54,,,,
2025-02-26 12:00,113,40.44,60.11,1241.68,41.13,30.04,9.54,,,,
2025-02-26 13:00,121,43.81,64.36,1562.12,50.04,9.03,10.97,,,,
2025-02-26 14:00,129,47.07,67.89,1735.69,46.61,0.19,12.04,,,,
2025-02-26 15:00,139,51.0,72.94,1655.58,38.39,0.01,12.76,,,,
2025-02-26 16:00,154,61.7,85.4,1708.98,36.33,0.01,15.14,,,,
2025-02-26 17:00,160,73.4,98.18,1815.8,35.64,0.01,16.45,,,,
2025-02-26 18:00,161,74.39,98.97,1708.98,34.62,0.06,15.26,,,,
2025-02-26 19:00,152,56.9,78.07,1308.44,33.59,0.64,11.8,,,,
2025-02-26 20:00,110,39.02,55.31,934.6,31.19,5.19,9.06,,,,
2025-02-26 21:00,92,31.72,45.04,720.98,23.99,16.63,8.11,,,,
2025-02-26 22:00,83,27.19,38.67,580.79,16.11,28.61,7.15,,,,
2025-02-26 23:00,77,24.37,35.13,507.35,12.17,35.41,6.79,,,,
2025-02-27 00:00,74,22.86,33.72,473.98,10.97,38.27,7.03,,,,
2025-02-27 00:00,74,22.86,33.72,473.98,10.97,38.27,7.03,,,,
2025-02-27 01:00,73,22.42,34.03,467.3,11.65,38.98,7.87,,,,
2025-02-27 02:00,76,23.92,37.11,527.38,14.91,36.84,8.7,,,,
2025-02-27 03:00,87,29.05,45.42,714.3,24.33,28.61,10.01,,,,
2025-02-27 04:00,91,31.21,50.28,854.49,32.56,21.82,10.73,,,,
2025-02-27 05:00,88,29.9,50.72,821.11,30.5,25.39,10.37,,,,
2025-02-27 06:00,82,26.63,48.3,660.9,22.62,36.84,9.18,,,,
2025-02-27 07:00,76,23.91,46.13,560.76,16.11,48.64,7.75,,,,
2025-02-27 08:00,77,24.46,47.55,600.81,17.14,52.21,7.87,,,,
2025-02-27 09:00,79,25.54,49.56,667.57,19.36,52.93,8.11,,,,
2025-02-27 10:00,78,24.89,49.03,647.54,16.62,60.08,7.03,,,,
2025-02-27 11:00,74,22.94,46.63,607.49,17.14,57.22,6.56,,,,
2025-02-27 12:00,71,21.43,45.16,587.46,19.02,50.78,6.14,,,,
2025-02-27 13:00,71,21.51,46.17,627.52,24.68,43.27,6.02,,,,
2025-02-27 14:00,72,22.27,49.11,614.17,24.68,41.84,5.42,,,,
2025-02-27 15:00,75,23.34,52.07,547.41,18.51,47.92,4.83,,,,
2025-02-27 16:00,77,24.26,53.02,520.71,15.25,51.5,4.89,,,,
2025-02-27 17:00,74,22.82,50.09,473.98,11.82,55.07,4.35,,,,
2025-02-27 18:00,68,20.01,45.74,440.6,9.6,61.51,3.81,,,,
2025-02-27 19:00,60,16.27,42.56,397.21,7.8,70.81,3.07,,,,
2025-02-27 20:00,58,15.36,46.97,340.46,5.74,77.25,2.56,,,,
2025-02-27 21:00,64,18.35,58.69,313.76,4.11,83.68,2.5,,,,
2025-02-27 22:00,69,20.87,68.76,293.73,3.13,92.98,2.41,,,,
2025-02-27 23:00,70,21.07,72.23,283.72,2.87,100.14,2.5,,,,
2025-02-28 00:00,66,19.33,69.6,277.04,2.87,104.43,2.65,,,,
2025-02-28 00:00,66,19.33,69.6,277.04,2.87,104.43,2.65,,,,
2025-02-28 01:00,61,16.73,63.05,277.04,3.26,105.86,2.89,,,,
2025-02-28 02:00,55,14.16,53.89,287.06,3.86,107.29,2.95,,,,
2025-02-28 03:00,55,14.01,49.98,347.14,7.03,105.86,3.25,,,,
2025-02-28 04:00,59,16.1,53.36,460.62,13.02,101.57,4.05,,,,
2025-02-28 05:00,65,18.7,59.04,534.06,15.94,100.14,4.95,,,,
2025-02-28 06:00,71,21.61,68.12,540.73,14.57,103.0,5.36,,,,
2025-02-28 07:00,75,23.73,81.54,480.65,11.48,107.29,4.83,,,,
2025-02-28 08:00,81,26.46,95.82,427.25,9.0,110.15,4.29,,,,
2025-02-28 09:00,81,26.53,92.19,397.21,7.8,110.15,3.67,,,,
2025-02-28 10:00,75,23.56,73.48,377.18,7.03,108.72,3.16,,,,
2025-02-28 11:00,72,21.99,58.93,400.54,8.31,103.0,3.37,,,,
2025-02-28 12:00,68,20.09,48.74,433.92,10.71,94.41,3.43,,,,
2025-02-28 13:00,65,18.92,44.68,480.65,15.59,85.83,3.61,,,,
2025-02-28 14:00,64,18.21,43.58,473.98,15.77,85.83,3.34,,,,
2025-02-28 15:00,63,17.93,42.88,433.92,12.0,91.55,3.07,,,,
2025-02-28 16:00,63,17.74,41.7,423.91,10.02,94.41,3.13,,,,
2025-02-28 17:00,61,16.79,39.34,397.21,8.05,95.84,2.95,,,,
2025-02-28 18:00,60,16.43,38.35,387.19,7.03,98.71,2.8,,,,
2025-02-28 19:00,59,15.77,37.99,363.83,6.25,100.14,2.47,,,,
2025-02-28 20:00,57,15.01,37.94,320.43,4.93,101.57,2.26,,,,
2025-02-28 21:00,58,15.56,40.54,290.39,3.0,105.86,1.97,,,,
2025-02-28 22:00,62,17.36,45.7,280.38,2.38,107.29,2.0,,,,
2025-02-28 23:00,67,19.71,51.76,287.06,2.53,108.72,2.38,,,,
2025-03-01 00:00,72,21.94,57.59,297.07,3.0,110.15,2.98,,,,
2025-03-01 00:00,72,21.94,57.59,297.07,3.0,110.15,2.98,,,,
2025-03-01 01:00,75,23.58,62.56,310.42,3.81,111.58,3.55,,,,
2025-03-01 02:00,78,24.97,67.26,330.45,4.97,113.01,3.81,,,,
2025-03-01 03:00,82,27.01,72.53,403.88,8.91,111.58,4.23,,,,
2025-03-01 04:00,86,28.68,76.35,500.68,14.22,110.15,5.01,,,,
2025-03-01 05:00,88,29.57,77.76,527.38,14.39,115.87,5.48,,,,
2025-03-01 06:00,89,30.26,78.19,494.0,11.48,127.32,5.66,,,,
2025-03-01 07:00,90,30.51,77.31,460.62,9.25,137.33,5.36,,,,
2025-03-01 08:00,90,30.47,76.08,467.3,9.51,138.76,5.25,,,,
2025-03-01 09:00,88,29.49,73.96,487.33,10.8,134.47,4.83,,,,
2025-03-01 10:00,83,27.24,70.61,467.3,10.8,125.89,4.05,,,,
2025-03-01 11:00,79,25.51,68.56,460.62,11.14,120.16,3.87,,,,
2025-03-01 12:00,76,24.01,66.51,460.62,12.85,113.01,3.78,,,,
2025-03-01 13:00,73,22.64,64.23,500.68,17.48,104.43,3.93,,,,
2025-03-01 14:00,70,21.07,60.51,480.65,17.48,98.71,3.81,,,,
2025-03-01 15:00,67,19.73,56.92,413.89,12.0,103.0,3.43,,,,
2025-03-01 16:00,66,19.08,54.51,383.85,9.17,103.0,3.34,,,,
2025-03-01 17:00,66,19.01,53.56,377.18,8.23,101.57,3.43,,,,
2025-03-01 18:00,67,19.65,53.69,390.53,8.14,100.14,3.58,,,,
2025-03-01 19:00,74,22.81,57.08,500.68,13.19,91.55,4.47,,,,
2025-03-01 20:00,77,24.27,57.52,554.08,16.96,83.68,4.89,,,,
2025-03-01 21:00,78,25.03,56.79,547.41,15.77,82.97,5.19,,,,
2025-03-01 22:00,81,26.2,57.18,534.06,13.88,82.97,5.3,,,,
2025-03-01 23:00,87,29.07,59.64,580.79,14.57,79.39,6.02,,,,
2025-03-02 00:00,99,35.13,65.96,700.95,18.34,72.96,7.75,,,,
2025-03-02 00:00,99,35.13,65.96,700.95,18.34,72.96,7.75,,,,
2025-03-02 01:00,127,45.94,77.47,934.6,27.08,62.23,11.09,,,,
2025-03-02 02:00,153,60.13,93.44,1281.74,41.13,50.78,14.54,,,,
2025-03-02 03:00,169,89.48,128.6,2056.12,73.34,29.33,19.55,,,,
2025-03-02 04:00,185,121.07,168.55,3070.83,95.96,26.82,26.7,,,,
2025-03-02 05:00,198,146.06,200.72,3791.81,109.67,36.48,34.81,,,,
2025-03-02 06:00,219,168.66,227.83,3845.21,119.27,68.66,43.39,,,,
2025-03-02 07:00,206,155.79,214.57,2723.69,87.74,141.62,47.68,,,,
2025-03-02 08:00,208,157.22,214.59,1922.61,57.58,205.99,42.44,,,,
2025-03-02 09:00,188,127.01,180.49,1214.98,30.16,231.74,29.56,,,,
2025-03-02 10:00,155,63.6,112.33,674.25,15.42,185.97,16.45,,,,
2025-03-02 11:00,96,33.56,77.11,494.0,12.68,130.18,8.82,,,,
2025-03-02 12:00,74,22.99,59.96,447.27,12.68,101.57,5.07,,,,
2025-03-02 13:00,67,19.77,52.06,467.3,16.45,87.98,3.93,,,,
2025-03-02 14:00,65,18.73,49.45,460.62,16.62,84.4,3.25,,,,
2025-03-02 15:00,66,19.03,51.87,417.23,12.51,89.41,2.98,,,,
2025-03-02 16:00,68,20.06,54.9,407.22,10.54,92.98,3.28,,,,
2025-03-02 17:00,68,20.12,54.09,397.21,9.34,94.41,3.46,,,,
2025-03-02 18:00,66,19.4,50.9,397.21,9.0,94.41,3.64,,,,
2025-03-02 19:00,61,17.0,45.89,373.84,8.31,97.27,3.43,,,,
2025-03-02 20:00,56,14.32,48.2,327.11,6.6,103.0,2.98,,,,
2025-03-02 21:00,57,15.01,63.43,320.43,5.74,105.86,3.55,,,,
2025-03-02 22:00,62,17.29,79.19,310.42,4.5,108.72,3.61,,,,
2025-03-02 23:00,68,20.41,89.41,307.08,3.9,110.15,3.64,,,,
2025-03-03 00:00,77,24.27,95.94,307.08,3.68,108.72,3.78,,,,
2025-03-03 00:00,77,24.27,95.94,307.08,3.68,108.72,3.78,,,,
2025-03-03 01:00,87,29.1,103.61,313.76,3.73,108.72,3.73,,,,
2025-03-03 02:00,97,34.15,120.27,347.14,5.18,107.29,4.05,,,,
2025-03-03 03:00,105,37.22,134.5,440.6,9.94,101.57,4.71,,,,
2025-03-03 04:00,104,36.59,124.5,527.38,14.74,97.27,5.42,,,,
2025-03-03 05:00,500,35.43,109.86,507.35,12.34,97.27,5.36,,,,
2025-03-03 06:00,105,37.24,108.38,447.27,8.4,98.71,4.95,,,,
2025-03-03 07:00,108,38.48,114.41,393.87,5.91,100.14,4.17,,,,
2025-03-03 08:00,110,39.34,124.09,377.18,5.18,105.86,3.99,,,,
2025-03-03 09:00,114,40.66,136.72,367.16,5.14,111.58,3.81,,,,
2025-03-03 10:00,116,41.72,141.16,403.88,7.37,110.15,4.53,,,,
2025-03-03 11:00,118,42.45,139.72,453.95,10.88,103.0,4.95,,,,
2025-03-03 12:00,118,42.56,141.4,494.0,14.39,95.84,4.59,,,,
2025-03-03 13:00,120,43.16,145.2,574.11,21.59,86.55,4.71,,,,
2025-03-03 14:00,123,44.42,150.19,600.81,24.68,84.4,4.89,,,,
2025-03-03 15:00,128,46.58,156.47,580.79,21.08,90.84,5.13,,,,
2025-03-03 16:00,135,49.21,161.26,594.14,19.36,95.84,5.78,,,,
2025-03-03 17:00,136,49.88,161.58,547.41,16.11,100.14,5.84,,,,
2025-03-03 18:00,138,50.41,161.43,534.06,14.05,103.0,5.72,,,,
2025-03-03 19:00,131,47.85,149.8,534.06,14.39,103.0,6.02,,,,
2025-03-03 20:00,130,47.15,135.43,627.52,20.22,94.41,10.25,,,,
2025-03-03 21:00,148,54.43,138.48,801.09,26.39,80.82,17.64,,,,
2025-03-03 22:00,152,57.49,143.54,747.68,22.28,77.25,16.69,,,,
2025-03-03 23:00,143,52.58,124.52,694.27,19.19,76.53,15.97,,,,
2025-03-04 00:00,129,46.91,102.3,741.0,20.39,74.39,17.4,,,,
2025-03-04 00:00,129,46.91,102.3,741.0,20.39,74.39,17.4,,,,
2025-03-04 01:00,118,42.54,89.15,814.44,23.99,75.82,19.31,,,,
2025-03-04 02:00,122,43.86,92.01,988.01,31.87,77.25,20.98,,,,
2025-03-04 03:00,152,57.77,113.98,1415.25,52.09,69.38,22.65,,,,
2025-03-04 04:00,160,72.33,130.36,1976.01,67.86,60.8,27.18,,,,
2025-03-04 05:00,166,84.12,139.22,2323.15,72.66,66.52,33.86,,,,
2025-03-04 06:00,168,88.14,138.1,2189.64,67.86,92.98,39.58,,,,
2025-03-04 07:00,158,69.38,107.69,1602.17,48.67,131.61,35.76,,,,
2025-03-04 08:00,161,74.9,108.9,1495.36,44.55,164.51,35.76,,,,
2025-03-04 09:00,167,86.31,121.02,1522.06,44.55,197.41,39.1,,,,
2025-03-04 10:00,184,119.74,159.37,2162.93,74.03,200.27,41.96,,,,
2025-03-04 11:00,211,160.7,206.23,3177.64,122.01,173.09,42.92,,,,
2025-03-04 12:00,218,167.45,216.01,3898.62,160.4,120.16,42.92,,,,
2025-03-04 13:00,210,159.53,208.6,4753.11,202.89,43.63,45.3,,,,
2025-03-04 14:00,210,160.01,210.28,5607.6,216.6,1.54,49.59,,,,
2025-03-04 15:00,211,160.71,212.0,5554.2,197.41,0.0,52.45,,,,
2025-03-04 16:00,197,143.71,195.97,4592.9,169.99,0.14,50.54,,,,
2025-03-04 17:00,193,137.31,196.28,3898.62,135.72,2.64,45.78,,,,
2025-03-04 18:00,185,121.93,183.19,3124.24,94.59,20.74,38.15,,,,
2025-03-04 19:00,172,96.35,152.5,2403.26,67.17,45.42,31.47,,,,
2025-03-04 20:00,153,59.84,103.41,1642.23,46.61,65.8,24.32,,,,
2025-03-04 21:00,105,37.19,69.71,1014.71,27.76,83.68,18.6,,,,
2025-03-04 22:00,88,29.73,56.83,747.68,18.16,92.98,16.69,,,,
2025-03-04 23:00,87,29.0,54.42,694.27,16.11,94.41,16.93,,,,
2025-03-05 00:00,87,29.27,54.33,694.27,16.11,94.41,17.64,,,,
2025-03-05 00:00,87,29.27,54.33,694.27,16.11,94.41,17.64,,,,
2025-03-07 01:00,171,94.77,135.48,1789.09,55.52,14.66,14.78,,,,
2025-03-07 02:00,186,122.35,169.48,2456.67,72.66,1.61,19.31,,,,
2025-03-07 03:00,235,185.24,246.77,4165.65,85.68,1.81,28.13,,,,
2025-03-07 04:00,345,295.33,375.59,7476.81,112.41,6.26,43.39,,,,
2025-03-07 05:00,461,440.71,538.32,11215.21,194.67,13.23,61.99,,,,
2025-03-07 06:00,500,633.52,742.1,13671.88,367.4,44.35,77.25,,,,
2025-03-07 07:00,500,759.85,867.4,12924.19,444.17,164.51,74.39,,,,
2025-03-07 08:00,500,671.18,761.0,9292.6,309.82,320.43,53.88,,,,
2025-03-07 09:00,461,441.89,511.84,5607.6,172.73,337.6,34.81,,,,
2025-03-07 10:00,236,186.26,241.25,2830.51,89.11,205.99,19.79,,,,
2025-03-07 11:00,158,68.7,121.63,1708.98,59.63,107.29,12.4,,,,
2025-03-07 12:00,113,40.27,92.48,1228.33,46.61,67.95,8.58,,,,
2025-03-07 13:00,95,33.09,83.01,1121.52,50.04,45.06,7.39,,,,
2025-03-07 14:00,97,34.1,80.57,1148.22,59.63,24.68,7.87,,,,
2025-03-07 15:00,104,36.91,80.42,1041.41,49.35,33.26,8.23,,,,
2025-03-07 16:00,111,39.55,82.85,988.01,41.13,42.2,7.99,,,,
2025-03-07 17:00,118,42.29,87.41,1001.36,38.73,42.2,8.11,,,,
2025-03-07 18:00,131,47.78,94.33,1081.47,39.41,40.05,8.82,,,,
2025-03-07 19:00,127,46.07,90.01,1028.06,38.04,41.48,8.23,,,,
2025-03-07 20:00,106,37.58,75.8,801.09,30.5,50.78,6.74,,,,
2025-03-07 21:00,93,32.09,67.83,580.79,18.85,65.8,5.42,,,,
2025-03-07 22:00,88,29.74,66.49,447.27,10.54,80.82,4.41,,,,
2025-03-07 23:00,86,28.54,66.13,380.52,7.03,89.41,3.76,,,,
2025-03-08 00:00,83,27.23,63.88,347.14,5.65,91.55,3.37,,,,
2025-03-08 00:00,83,27.23,63.88,347.14,5.65,91.55,3.37,,,,
2025-03-08 01:00,101,35.51,73.49,580.79,14.39,80.82,6.97,,,,
2025-03-08 02:00,132,48.24,89.67,947.95,29.13,61.51,10.97,,,,
2025-03-08 03:00,157,67.6,114.56,1575.47,55.52,35.05,15.02,,,,
2025-03-08 04:00,170,92.8,146.49,2563.48,72.66,23.25,21.22,,,,
2025-03-08 05:00,175,101.6,159.55,2937.32,76.77,30.76,25.51,,,,
2025-03-08 06:00,167,86.49,145.29,2269.74,67.17,64.37,32.42,,,,
2025-03-08 07:00,500,55.42,103.8,1148.22,34.96,110.15,46.73,,,,
2025-03-08 08:00,113,40.3,73.78,787.73,21.08,131.61,28.61,,,,
2025-03-08 09:00,97,34.01,62.5,720.98,18.16,137.33,16.69,,,,
2025-03-08 10:00,89,30.32,60.94,647.54,16.45,127.32,11.21,,,,
2025-03-08 11:00,87,29.03,67.02,614.17,16.62,108.72,7.15,,,,
2025-03-08 12:00,85,28.49,73.92,580.79,17.48,87.98,4.35,,,,
2025-03-08 13:00,88,29.51,77.03,640.87,23.99,69.38,3.61,,,,
2025-03-08 14:00,92,31.51,76.37,720.98,31.19,54.36,3.81,,,,
2025-03-08 15:00,96,33.66,76.85,734.33,30.5,50.07,4.29,,,,
2025-03-08 16:00,105,37.11,78.82,807.76,31.19,47.21,5.42,,,,
2025-03-08 17:00,109,38.88,76.93,821.11,29.47,49.35,6.2,,,,
2025-03-08 18:00,115,41.08,76.74,854.49,27.76,55.07,6.97,,,,
2025-03-08 19:00,111,39.48,72.94,814.44,25.7,60.08,6.68,,,,
2025-03-08 20:00,99,34.98,64.94,700.95,21.76,62.94,5.6,,,,
2025-03-08 21:00,97,33.81,60.77,620.84,17.48,65.8,5.25,,,,
2025-03-08 22:00,103,36.19,60.92,627.52,15.77,65.09,5.25,,,,
2025-03-08 23:00,115,41.26,64.94,714.3,17.82,58.65,6.08,,,,
2025-03-09 00:00,133,48.42,73.04,854.49,22.28,48.64,7.75,,,,
2025-03-09 00:00,133,48.42,73.04,854.49,22.28,48.64,7.75,,,,
2025-03-09 01:00,153,58.56,88.47,1094.82,31.19,35.76,10.49,,,,
2025-03-09 02:00,160,73.49,112.23,1522.06,48.67,21.99,15.02,,,,
2025-03-09 03:00,178,106.98,155.58,2536.77,74.71,9.39,23.37,,,,
2025-03-09 04:00,201,150.7,209.35,4058.84,91.85,16.45,32.9,,,,
2025-03-09 05:00,249,198.47,265.53,5393.98,126.12,28.61,40.05,,,,
2025-03-09 06:00,311,260.63,334.45,6034.85,175.48,80.11,46.25,,,,
2025-03-09 07:00,415,372.19,450.58,6462.1,197.41,214.58,52.45,,,,
2025-03-09 08:00,500,545.2,625.0,6782.53,191.93,406.27,56.27,,,,
2025-03-09 09:00,500,701.07,778.56,6408.69,159.03,572.2,49.59,,,,
2025-03-09 10:00,500,574.12,637.85,4325.87,97.33,537.87,30.04,,,,
2025-03-09 11:00,355,304.85,359.37,2590.18,65.8,357.63,16.93,,,,
2025-03-09 12:00,187,125.27,174.77,1642.23,54.15,181.67,10.37,,,,
2025-03-09 13:00,152,57.15,99.9,1321.79,57.58,74.39,7.51,,,,
2025-03-09 14:00,118,42.26,80.87,1281.74,64.43,24.68,7.09,,,,
2025-03-09 15:00,115,41.14,78.58,1121.52,52.78,23.6,7.15,,,,
2025-03-09 16:00,128,46.65,85.57,1054.76,42.16,41.84,8.23,,,,
2025-03-09 17:00,144,52.97,92.87,1081.47,38.04,50.07,9.3,,,,
2025-03-09 18:00,152,57.35,97.72,1134.87,37.01,51.5,9.78,,,,
2025-03-09 19:00,151,56.34,95.5,1108.17,36.67,50.07,9.06,,,,
2025-03-09 20:00,141,51.69,87.07,1001.36,34.27,50.07,8.11,,,,
2025-03-09 21:00,140,51.37,84.45,974.66,31.87,50.07,8.82,,,,
2025-03-09 22:00,138,50.44,82.95,907.9,26.73,51.5,8.94,,,,
2025-03-09 23:00,131,47.7,81.76,814.44,21.59,52.93,8.46,,,,
2025-03-10 00:00,129,46.67,83.29,767.71,19.36,52.93,8.46,,,,
2025-03-10 00:00,129,46.67,83.29,767.71,19.36,52.93,8.46,,,,
2025-03-10 01:00,138,50.52,88.56,854.49,22.96,48.64,9.54,,,,
2025-03-10 02:00,154,61.89,99.39,1161.58,36.67,35.05,11.56,,,,
2025-03-10 03:00,170,92.58,132.65,2082.82,65.12,7.87,16.21,,,,
2025-03-10 04:00,191,132.73,177.58,3578.19,71.97,7.42,22.41,,,,
2025-03-10 05:00,197,145.31,190.32,4165.65,82.25,16.27,24.8,,,,
2025-03-10 06:00,191,133.11,174.6,3524.78,93.22,46.49,22.89,,,,
2025-03-10 07:00,172,95.68,132.27,2296.45,69.92,101.57,17.17,,,,
2025-03-10 08:00,158,69.34,103.37,1562.12,47.3,130.18,13.23,,,,
2025-03-10 09:00,146,53.96,86.85,1241.68,37.7,123.02,11.21,,,,
2025-03-10 10:00,112,40.11,72.6,1041.41,32.22,100.14,8.94,,,,
2025-03-10 11:00,99,34.92,69.1,1001.36,33.59,81.54,8.23,,,,
2025-03-10 12:00,94,32.47,66.95,1054.76,39.07,63.66,8.11,,,,
2025-03-10 13:00,93,32.28,64.83,1268.39,55.52,31.11,8.82,,,,
2025-03-10 14:00,95,33.23,63.36,1441.96,65.12,3.13,9.18,,,,
2025-03-10 15:00,103,36.5,65.97,1441.96,53.47,0.36,9.42,,,,
2025-03-10 16:00,127,45.95,76.98,1562.12,50.04,0.23,11.09,,,,
2025-03-10 17:00,152,56.52,88.85,1682.28,48.67,0.22,12.99,,,,
2025-03-10 18:00,156,65.76,99.56,1789.09,48.67,0.25,14.19,,,,
2025-03-10 19:00,154,61.27,93.81,1682.28,47.98,0.41,12.99,,,,
2025-03-10 20:00,135,49.27,77.81,1415.25,47.3,1.27,10.85,,,,
2025-03-10 21:00,118,42.44,68.23,1188.28,43.18,5.81,10.01,,,,
2025-03-10 22:00,105,37.06,61.04,947.95,32.22,17.7,9.06,,,,
2025-03-10 23:00,95,33.0,55.9,787.73,23.99,27.18,8.34,,,,
2025-03-11 00:00,93,32.3,55.33,747.68,21.76,31.11,8.58,,,,
2025-03-11 00:00,93,32.3,55.33,747.68,21.76,31.11,8.58,,,,
2025-03-11 01:00,106,37.44,61.6,881.2,27.08,27.89,10.25,,,,
2025-03-11 02:00,149,55.0,82.23,1361.85,45.93,12.7,14.19,,,,
2025-03-11 03:00,178,107.51,143.53,2803.8,63.75,4.6,22.89,,,,
2025-03-11 04:00,273,223.63,277.24,6034.85,91.85,7.6,39.58,,,,
2025-03-11 05:00,425,386.53,459.78,9933.47,180.96,15.91,55.79,,,,
2025-03-11 06:00,500,566.45,652.17,11856.08,337.24,57.22,63.9,,,,
2025-03-11 07:00,500,611.21,693.69,9933.47,339.98,191.69,53.41,,,,
2025-03-11 08:00,500,509.5,579.47,6622.31,213.86,323.3,34.81,,,,
2025-03-11 09:00,399,349.52,409.58,4165.65,126.12,323.3,21.7,,,,
2025-03-11 10:00,210,159.6,209.7,2429.96,77.46,194.55,13.11,,,,
2025-03-11 11:00,157,67.44,110.48,1762.39,58.95,90.12,10.25,,,,
2025-03-11 12:00,120,43.11,80.65,1495.36,50.72,45.78,8.94,,,,
2025-03-11 13:00,95,32.96,65.79,1361.85,50.72,21.28,7.99,,,,
2025-03-11 14:00,93,32.04,63.46,1388.55,50.72,1.74,7.87,,,,
2025-03-11 15:00,96,33.3,64.66,1255.04,37.7,0.08,7.75,,,,
2025-03-11 16:00,105,37.29,69.03,1201.63,35.64,0.33,8.58,,,,
2025-03-11 17:00,113,40.23,71.8,1134.87,38.39,3.53,9.3,,,,
2025-03-11 18:00,113,40.56,72.01,1028.06,35.99,16.45,9.18,,,,
2025-03-11 19:00,98,34.57,65.03,854.49,30.5,29.68,7.87,,,,
2025-03-11 20:00,86,28.76,56.68,714.3,26.73,35.05,6.85,,,,
2025-03-11 21:00,83,27.5,53.44,634.19,22.28,39.7,6.91,,,,
2025-03-11 22:00,83,27.39,51.18,574.11,17.31,43.27,6.74,,,,
2025-03-11 23:00,83,27.13,49.0,534.06,14.39,45.06,6.44,,,,
2025-03-12 00:00,83,27.43,48.16,534.06,13.88,44.35,6.56,,,,
2025-03-12 00:00,83,27.43,48.16,534.06,13.88,44.35,6.56,,,,
2025-03-12 01:00,87,29.15,49.71,580.79,16.45,41.48,7.21,,,,
2025-03-12 02:00,92,31.79,52.66,680.92,22.28,36.12,7.87,,,,
2025-03-12 03:00,113,40.26,64.13,1028.06,36.33,23.25,9.3,,,,
2025-03-12 04:00,136,49.76,77.79,1548.77,42.84,21.46,11.32,,,,
2025-03-12 05:00,136,49.79,79.98,1642.23,43.87,30.4,11.8,,,,
2025-03-12 06:00,123,44.25,74.84,1335.14,37.7,52.21,10.73,,,,
2025-03-12 07:00,100,35.21,63.91,907.9,25.36,75.1,8.34,,,,
2025-03-12 08:00,91,31.03,57.84,720.98,19.71,82.25,7.15,,,,
2025-03-12 09:00,86,28.8,54.41,667.57,18.34,80.11,6.62,,,,
2025-03-12 10:00,81,26.4,52.25,600.81,16.62,74.39,5.6,,,,
2025-03-12 11:00,81,26.5,54.21,587.46,16.79,67.23,5.19,,,,
2025-03-12 12:00,83,27.51,57.69,600.81,19.36,60.08,5.01,,,,
2025-03-12 13:00,86,28.83,61.46,680.92,27.42,47.21,5.07,,,,
2025-03-12 14:00,87,29.43,63.86,660.9,30.5,40.05,4.65,,,,
2025-03-12 15:00,89,30.11,65.91,574.11,22.62,50.07,4.17,,,,
2025-03-12 16:00,91,31.01,68.21,534.06,17.65,59.37,4.17,,,,
2025-03-12 17:00,90,30.79,67.99,494.0,14.05,65.8,4.05,,,,
2025-03-12 18:00,89,30.18,66.24,473.98,11.82,70.81,3.93,,,,
2025-03-12 19:00,84,28.02,61.49,433.92,10.02,75.1,3.43,,,,
2025-03-12 20:00,79,25.46,55.16,370.5,7.45,78.68,2.86,,,,
2025-03-12 21:00,77,24.5,51.18,340.46,5.18,81.54,2.77,,,,
2025-03-12 22:00,76,23.9,48.3,330.45,3.9,82.97,2.77,,,,
2025-03-12 23:00,76,23.97,47.55,340.46,4.03,82.25,3.22,,,,
2025-03-13 00:00,76,24.11,47.45,357.15,4.67,81.54,3.93,,,,
2025-03-13 00:00,76,24.11,47.45,357.15,4.67,81.54,3.93,,,,
2025-03-13 01:00,78,24.73,47.97,387.19,6.25,79.39,4.89,,,,
2025-03-13 02:00,80,25.85,49.93,433.92,9.0,76.53,5.36,,,,
2025-03-13 03:00,88,29.86,57.02,607.49,17.82,67.95,6.2,,,,
2025-03-13 04:00,97,34.13,65.57,834.47,27.42,60.08,7.63,,,,
2025-03-13 05:00,99,34.9,69.25,827.79,25.36,67.95,8.23,,,,
2025-03-13 06:00,97,33.98,69.99,687.6,18.16,85.12,7.99,,,,
2025-03-13 07:00,93,32.15,69.44,580.79,13.02,95.84,6.68,,,,
2025-03-13 08:00,93,32.29,70.57,587.46,13.02,98.71,6.2,,,,
2025-03-13 09:00,94,32.46,71.41,620.84,14.91,97.27,5.9,,,,
2025-03-13 10:00,90,30.41,68.9,594.14,14.74,90.12,5.01,,,,
2025-03-13 11:00,86,28.63,65.98,574.11,15.08,79.39,4.59,,,,
2025-03-13 12:00,84,27.7,64.64,580.79,17.31,68.66,4.35,,,,
2025-03-13 13:00,83,27.35,64.5,634.19,23.99,55.79,4.29,,,,
2025-03-13 14:00,82,26.83,64.45,600.81,24.33,52.21,3.87,,,,
2025-03-13 15:00,81,26.37,63.06,514.03,16.79,60.8,3.37,,,,
2025-03-13 16:00,81,26.24,61.41,473.98,12.68,67.95,3.4,,,,
2025-03-13 17:00,81,26.52,61.82,447.27,10.28,73.67,3.4,,,,
2025-03-13 18:00,83,27.46,63.32,427.25,9.08,77.25,3.4,,,,
2025-03-13 19:00,83,27.21,63.39,400.54,8.14,80.11,3.13,,,,
2025-03-13 20:00,80,26.03,62.27,350.48,6.34,82.97,2.71,,,,
2025-03-13 21:00,81,26.52,63.14,327.11,4.67,85.83,2.71,,,,
2025-03-13 22:00,85,28.4,63.21,340.46,4.67,84.4,2.53,,,,
2025-03-13 23:00,89,30.15,63.68,353.81,5.06,82.25,2.68,,,,
2025-03-14 00:00,92,31.7,65.81,370.5,5.57,80.82,3.04,,,,
2025-03-14 00:00,92,31.7,65.81,370.5,5.57,80.82,3.04,,,,
2025-03-14 01:00,95,32.93,67.83,393.87,6.94,78.68,3.49,,,,
2025-03-14 02:00,95,32.88,68.15,417.23,8.48,77.25,3.4,,,,
2025-03-14 03:00,99,34.76,71.88,560.76,16.45,70.1,3.93,,,,
2025-03-14 04:00,87,29.06,73.07,554.08,15.25,77.96,4.17,,,,
2025-03-14 05:00,84,27.83,71.29,567.44,14.39,82.25,4.47,,,,
2025-03-14 06:00,85,28.17,71.49,534.06,11.65,90.84,4.59,,,,
2025-03-14 07:00,82,26.94,68.89,487.33,9.25,97.27,4.23,,,,
2025-03-14 08:00,79,25.62,67.28,480.65,8.91,100.14,4.23,,,,
2025-03-14 09:00,77,24.29,67.16,494.0,9.94,100.14,4.23,,,,
2025-03-14 10:00,75,23.28,67.42,487.33,10.62,95.84,3.99,,,,
2025-03-14 11:00,72,22.26,66.46,494.0,11.65,89.41,3.93,,,,
2025-03-14 12:00,70,21.31,66.19,507.35,13.88,82.97,3.7,,,,
2025-03-14 13:00,69,20.71,66.48,554.08,19.71,74.39,3.67,,,,
2025-03-14 14:00,68,20.28,65.52,554.08,21.42,72.96,3.4,,,,
2025-03-14 15:00,69,20.6,65.3,507.35,16.45,80.11,3.16,,,,
2025-03-14 16:00,72,22.1,67.75,494.0,13.54,83.68,3.34,,,,
2025-03-14 17:00,74,23.11,71.08,453.95,10.62,87.98,3.22,,,,
2025-03-14 18:00,76,23.92,73.74,427.25,8.91,92.98,3.13,,,,
2025-03-14 19:00,75,23.46,72.64,410.56,8.4,95.84,3.04,,,,
2025-03-14 20:00,72,22.04,68.92,380.52,7.97,94.41,3.16,,,,
2025-03-14 21:00,69,20.79,65.29,353.81,5.91,95.84,3.22,,,,
2025-03-14 22:00,68,20.19,60.75,367.16,5.57,92.98,3.31,,,,
2025-03-14 23:00,69,20.52,56.42,407.22,6.85,90.84,3.81,,,,
2025-03-15 00:00,72,22.08,55.84,473.98,9.34,87.98,5.01,,,,
2025-03-15 00:00,72,22.08,55.84,473.98,9.34,87.98,5.01,,,,
2025-03-15 01:00,80,25.75,59.77,594.14,14.22,81.54,6.91,,,,
2025-03-15 02:00,93,32.18,69.0,794.41,22.96,71.53,9.3,,,,
2025-03-15 03:00,126,45.6,87.74,1255.04,42.5,54.36,13.59,,,,
2025-03-15 04:00,154,61.44,108.99,1842.5,59.63,47.21,20.98,,,,
2025-03-15 05:00,165,82.22,133.11,2376.56,72.66,55.79,28.37,,,,
2025-03-15 06:00,178,107.63,160.71,2590.18,80.2,95.84,34.33,,,,
2025-03-15 07:00,151,55.51,103.26,1188.28,31.87,160.22,21.93,,,,
2025-03-15 08:00,138,50.46,93.8,867.84,19.36,191.69,15.74,,,,
2025-03-15 09:00,116,41.68,84.47,674.25,15.42,185.97,10.97,,,,
2025-03-15 10:00,87,29.21,78.39,507.35,12.68,154.5,8.23,,,,
2025-03-15 11:00,80,25.95,81.89,467.3,12.0,141.62,9.54,,,,
2025-03-15 12:00,78,24.79,80.32,460.62,12.68,135.9,10.13,,,,
2025-03-15 13:00,79,25.46,80.75,514.03,17.99,125.89,10.73,,,,
2025-03-15 14:00,81,26.56,84.79,540.73,21.59,113.01,10.25,,,,
2025-03-15 15:00,83,27.17,87.67,507.35,17.99,110.15,8.82,,,,
2025-03-15 16:00,85,28.21,89.87,500.68,15.59,108.72,7.75,,,,
2025-03-15 17:00,83,27.09,86.53,453.95,12.17,108.72,6.08,,,,
2025-03-15 18:00,79,25.23,80.14,423.91,9.85,105.86,4.23,,,,
2025-03-15 19:00,72,22.08,71.1,370.5,7.54,105.86,2.83,,,,
2025-03-15 20:00,67,19.83,65.4,310.42,5.1,110.15,2.12,,,,
2025-03-15 21:00,66,19.37,64.38,280.38,3.13,113.01,1.94,,,,
2025-03-15 22:00,75,23.47,76.44,277.04,2.31,114.44,1.86,,,,
2025-03-15 23:00,88,29.65,96.39,287.06,2.74,110.15,2.26,,,,
2025-03-16 00:00,90,30.73,106.13,303.75,3.68,104.43,2.98,,,,
2025-03-16 00:00,90,30.73,106.13,303.75,3.68,104.43,2.98,,,,
2025-03-16 01:00,87,29.4,105.69,357.15,6.17,98.71,4.41,,,,
2025-03-16 02:00,96,33.67,108.73,527.38,13.88,86.55,7.09,,,,
2025-03-16 03:00,142,52.2,128.02,1094.82,38.04,61.51,12.52,,,,
2025-03-16 04:00,168,87.47,170.78,2162.93,68.55,42.56,22.41,,,,
2025-03-16 05:00,181,112.77,202.99,2723.69,81.57,52.93,29.56,,,,
2025-03-16 06:00,189,128.91,221.47,2616.88,80.2,95.84,31.95,,,,
2025-03-16 07:00,151,56.19,135.23,907.9,21.93,153.06,17.17,,,,
2025-03-16 08:00,118,42.38,106.36,574.11,9.25,167.37,10.85,,,,
2025-03-16 09:00,106,37.45,95.12,500.68,7.54,165.94,8.7,,,,
2025-03-16 10:00,99,34.69,100.23,487.33,9.85,144.48,7.87,,,,
2025-03-16 11:00,105,37.2,111.16,527.38,13.71,133.04,10.25,,,,
2025-03-16 12:00,106,37.42,110.11,567.44,17.65,125.89,10.97,,,,
2025-03-16 13:00,102,35.93,107.13,640.87,25.36,110.15,9.66,,,,
2025-03-16 14:00,102,35.83,108.77,647.54,27.76,98.71,8.46,,,,
2025-03-16 15:00,103,36.24,110.82,594.14,22.96,97.27,7.03,,,,
2025-03-16 16:00,106,37.67,112.22,627.52,21.93,94.41,6.79,,,,
2025-03-16 17:00,120,43.41,116.57,774.38,26.05,87.98,8.23,,,,
2025-03-16 18:00,141,51.55,124.27,974.66,32.22,79.39,10.37,,,,
2025-03-16 19:00,137,50.32,120.65,961.3,32.22,75.1,9.89,,,,
2025-03-16 20:00,122,43.91,110.95,827.79,27.76,75.1,8.34,,,,
2025-03-16 21:00,119,42.96,108.45,787.73,24.68,75.82,8.58,,,,
2025-03-16 22:00,119,42.95,106.34,741.0,20.22,76.53,8.34,,,,
2025-03-16 23:00,123,44.37,106.13,754.36,19.19,75.82,8.7,,,,
2025-03-17 00:00,135,49.33,110.12,854.49,22.28,71.53,10.13,,,,
2025-03-17 00:00,135,49.33,110.12,854.49,22.28,71.53,10.13,,,,
2025-03-17 01:00,154,60.35,121.67,1121.52,31.53,61.51,12.76,,,,
2025-03-17 02:00,162,76.44,140.0,1548.77,50.04,44.7,15.5,,,,
2025-03-17 03:00,181,113.54,184.02,2590.18,84.31,18.6,20.27,,,,
2025-03-17 04:00,212,161.77,240.52,4112.24,100.08,18.42,26.46,,,,
2025-03-17 05:00,228,178.11,261.51,4539.49,113.79,32.54,28.37,,,,
2025-03-17 06:00,204,153.36,237.69,3417.97,102.82,80.11,24.8,,,,
2025-03-17 07:00,165,83.29,165.09,1522.06,45.93,140.19,17.4,,,,
2025-03-17 08:00,159,71.11,152.66,1161.58,34.27,155.93,12.99,,,,
2025-03-17 09:00,154,61.44,141.51,1028.06,31.53,141.62,10.25,,,,
2025-03-17 10:00,130,47.35,124.8,867.84,27.42,115.87,7.63,,,,
2025-03-17 11:00,109,38.61,114.17,754.36,25.36,97.27,6.68,,,,
2025-03-17 12:00,97,33.93,105.1,714.3,26.39,85.83,6.38,,,,
2025-03-17 13:00,94,32.32,100.39,801.09,35.3,68.66,6.68,,,,
2025-03-17 14:00,96,33.59,100.21,894.55,45.24,49.35,6.85,,,,
2025-03-17 15:00,103,36.47,102.51,894.55,41.47,47.92,6.91,,,,
2025-03-17 16:00,113,40.22,104.72,921.25,38.04,52.93,7.75,,,,
2025-03-17 17:00,109,38.87,97.83,814.44,29.82,63.66,7.33,,,,
2025-03-17 18:00,102,35.98,90.97,694.27,22.96,72.96,6.44,,,,
2025-03-17 19:00,92,31.6,85.13,574.11,18.34,76.53,5.25,,,,
2025-03-17 20:00,85,28.35,82.39,480.65,14.74,77.25,4.59,,,,
2025-03-17 21:00,85,28.04,83.13,433.92,11.48,77.25,4.89,,,,
2025-03-17 22:00,91,30.98,84.18,473.98,11.31,73.67,5.13,,,,
2025-03-17 23:00,107,37.77,88.7,620.84,15.25,67.23,6.14,,,,
2025-03-18 00:00,131,47.62,100.24,827.79,21.42,60.08,8.23,,,,
2025-03-18 00:00,131,47.62,100.24,827.79,21.42,60.08,8.23,,,,
2025-03-18 01:00,155,63.03,118.99,1161.58,33.24,47.92,11.21,,,,
2025-03-18 02:00,163,79.7,139.67,1588.82,52.09,31.11,13.83,,,,
2025-03-18 03:00,180,110.73,177.88,2483.37,75.4,10.55,17.88,,,,
2025-03-18 04:00,200,150.1,225.57,3845.21,82.94,13.77,23.13,,,,
2025-03-18 05:00,204,153.22,226.71,4058.84,94.59,26.82,22.89,,,,
2025-03-18 06:00,183,118.42,181.26,2883.91,85.0,67.95,17.64,,,,
2025-03-18 07:00,99,34.93,79.2,747.68,20.39,114.44,9.3,,,,
2025-03-18 08:00,76,24.16,64.79,423.91,9.25,115.87,6.38,,,,
2025-03-18 09:00,69,20.56,59.8,367.16,7.11,110.15,5.07,,,,
2025-03-18 10:00,60,16.55,50.45,360.49,6.94,104.43,3.93,,,,
2025-03-18 11:00,58,15.31,44.94,420.57,10.2,98.71,4.47,,,,
2025-03-18 12:00,55,13.78,38.71,487.33,14.74,90.84,4.83,,,,
2025-03-18 13:00,54,13.31,35.36,600.81,24.33,77.96,5.54,,,,
2025-03-18 14:00,54,13.53,35.26,647.54,30.5,67.23,5.84,,,,
2025-03-18 15:00,57,15.15,38.85,627.52,26.73,70.1,5.78,,,,
2025-03-18 16:00,64,18.3,45.09,640.87,24.68,72.96,6.5,,,,
2025-03-18 17:00,67,19.49,48.74,594.14,21.08,76.53,6.85,,,,
2025-03-18 18:00,68,20.42,52.27,560.76,18.51,78.68,6.97,,,,
2025-03-18 19:00,73,22.66,56.98,620.84,21.59,72.96,7.03,,,,
2025-03-18 20:00,72,22.03,55.95,620.84,23.31,67.23,6.2,,,,
2025-03-18 21:00,69,20.74,52.27,547.41,19.19,69.38,5.54,,,,
2025-03-18 22:00,65,18.81,46.9,453.95,12.85,75.82,4.77,,,,
2025-03-18 23:00,59,15.69,40.61,370.5,8.4,82.25,4.05,,,,
2025-03-19 00:00,53,13.21,36.42,323.77,6.17,86.55,3.81,,,,
2025-03-19 00:00,53,13.21,36.42,323.77,6.17,86.55,3.81,,,,
2025-03-19 01:00,51,12.23,35.63,310.42,5.74,87.98,4.11,,,,
2025-03-19 02:00,54,13.35,38.34,353.81,7.88,85.83,4.71,,,,
2025-03-19 03:00,62,17.25,45.82,500.68,14.91,80.11,5.84,,,,
2025-03-19 04:00,66,19.44,51.79,600.81,18.85,79.39,6.91,,,,
2025-03-19 05:00,68,20.31,54.64,574.11,16.45,87.26,7.39,,,,
2025-03-19 06:00,68,20.04,54.66,487.33,10.97,100.14,7.03,,,,
2025-03-19 07:00,61,17.08,49.13,380.52,6.6,110.15,4.83,,,,
2025-03-19 08:00,58,15.33,43.43,357.15,5.48,114.44,4.23,,,,
2025-03-19 09:00,56,14.43,40.44,347.14,5.27,114.44,3.81,,,,
2025-03-19 10:00,56,14.68,40.35,370.5,6.6,110.15,3.93,,,,
2025-03-19 11:00,61,16.77,44.9,433.92,10.28,100.14,4.71,,,,
2025-03-19 12:00,64,18.17,48.06,494.0,14.57,87.26,4.83,,,,
2025-03-19 13:00,67,19.62,50.72,567.44,21.76,70.81,5.07,,,,
2025-03-19 14:00,69,20.73,53.3,567.44,25.02,60.08,4.89,,,,
2025-03-19 15:00,73,22.55,57.55,514.03,19.71,62.23,4.53,,,,
2025-03-19 16:00,78,25.13,63.36,500.68,16.96,62.23,4.77,,,,
2025-03-19 17:00,80,26.08,66.14,467.3,14.05,63.66,4.77,,,,
2025-03-19 18:00,82,26.62,67.67,447.27,12.34,65.09,4.65,,,,
2025-03-19 19:00,82,26.76,67.63,447.27,13.02,63.66,4.47,,,,
2025-03-19 20:00,79,25.63,64.96,423.91,13.02,61.51,4.23,,,,
2025-03-19 21:00,80,25.86,63.6,400.54,11.14,62.23,4.53,,,,
2025-03-19 22:00,81,26.27,63.27,380.52,8.74,62.94,4.53,,,,
2025-03-19 23:00,79,25.63,62.4,353.81,7.2,64.37,4.59,,,,
2025-03-20 00:00,77,24.67,60.88,343.8,6.68,66.52,5.01,,,,
2025-03-20 00:00,77,24.67,60.88,343.8,6.68,66.52,5.01,,,,
2025-03-20 01:00,74,22.91,58.63,327.11,6.0,68.66,4.95,,,,
2025-03-20 02:00,73,22.72,57.05,367.16,7.88,69.38,5.3,,,,
2025-03-20 03:00,76,24.14,57.5,480.65,13.54,68.66,6.08,,,,
2025-03-20 04:00,80,25.8,58.15,614.17,18.68,70.1,7.45,,,,
2025-03-20 05:00,82,26.66,58.24,620.84,17.99,79.39,8.23,,,,
2025-03-20 06:00,83,27.18,58.53,554.08,13.88,95.84,8.23,,,,
2025-03-20 07:00,87,29.19,60.8,580.79,14.39,104.43,8.34,,,,
2025-03-20 08:00,91,31.25,63.29,667.57,18.16,104.43,8.46,,,,
2025-03-20 09:00,93,31.95,64.38,747.68,22.62,100.14,8.23,,,,
2025-03-20 10:00,85,28.3,59.39,687.6,21.42,91.55,6.62,,,,
2025-03-20 11:00,76,24.06,52.41,587.46,18.16,87.98,5.25,,,,
2025-03-20 12:00,69,20.85,47.28,514.03,16.11,87.26,4.29,,,,
2025-03-20 13:00,67,19.74,46.64,514.03,19.02,85.83,4.05,,,,
2025-03-20 14:00,69,20.63,49.62,567.44,23.31,81.54,4.53,,,,
2025-03-20 15:00,73,22.65,54.29,574.11,21.93,82.25,5.25,,,,
2025-03-20 16:00,80,25.84,60.33,614.17,22.28,81.54,6.62,,,,
2025-03-20 17:00,84,27.6,63.2,614.17,20.56,81.54,7.03,,,,
2025-03-20 18:00,85,28.42,63.95,607.49,19.02,82.25,6.85,,,,
2025-03-20 19:00,81,26.16,60.01,554.08,17.14,82.97,6.2,,,,
2025-03-20 20:00,74,23.14,54.65,480.65,14.57,84.4,5.9,,,,
2025-03-20 21:00,73,22.6,53.24,433.92,11.48,87.26,6.2,,,,
2025-03-20 22:00,83,27.42,57.19,534.06,13.19,82.97,6.14,,,,
2025-03-20 23:00,103,36.15,65.98,714.3,18.16,74.39,6.91,,,,
2025-03-21 00:00,130,47.18,78.87,921.25,24.68,64.37,8.94,,,,
2025-03-21 00:00,130,47.18,78.87,921.25,24.68,64.37,8.94,,,,
2025-03-21 01:00,156,65.5,99.87,1321.79,39.07,48.64,12.4,,,,
2025-03-21 02:00,169,89.86,128.45,1895.9,63.75,25.39,15.97,,,,
2025-03-21 03:00,189,129.94,177.68,3070.83,89.11,7.69,21.46,,,,
2025-03-21 04:00,220,169.86,227.23,4539.49,101.45,14.48,28.61,,,,
2025-03-21 05:00,280,229.84,295.36,5981.45,143.95,26.46,37.19,,,,
2025-03-21 06:00,341,290.43,359.57,6301.88,194.67,76.53,45.3,,,,
2025-03-21 07:00,364,313.8,381.17,5233.76,175.48,185.97,44.35,,,,
2025-03-21 08:00,377,326.78,393.34,4379.27,139.83,277.52,32.42,,,,
2025-03-21 09:00,298,248.71,313.03,3204.35,100.08,277.52,21.22,,,,
2025-03-21 10:00,182,115.29,176.29,2029.42,67.86,173.09,12.16,,,,
2025-03-21 11:00,140,51.36,109.11,1361.85,47.3,87.98,7.87,,,,
2025-03-21 12:00,98,34.45,85.97,947.95,34.27,63.66,5.42,,,,
2025-03-21 13:00,83,27.38,73.1,647.54,26.05,65.8,4.35,,,,
2025-03-21 14:00,84,27.64,67.89,647.54,29.82,61.51,4.47,,,,
2025-03-21 15:00,86,28.88,66.92,607.49,24.68,75.1,4.71,,,,
2025-03-21 16:00,94,32.68,70.95,627.52,22.62,77.25,5.6,,,,
2025-03-21 17:00,500,35.48,74.55,614.17,19.88,76.53,6.02,,,,
2025-03-21 18:00,104,36.71,76.83,600.81,18.16,82.97,6.32,,,,
2025-03-21 19:00,99,35.03,74.15,580.79,18.34,87.98,6.26,,,,
2025-03-21 20:00,92,31.52,66.98,534.06,17.65,88.69,6.14,,,,
2025-03-21 21:00,87,29.4,61.96,467.3,13.19,92.98,5.78,,,,
2025-03-21 22:00,83,27.44,57.03,417.23,9.42,97.27,5.3,,,,
2025-03-21 23:00,77,24.68,50.82,387.19,7.63,100.14,4.89,,,,
2025-03-22 00:00,72,22.32,45.52,373.84,7.11,100.14,4.71,,,,
2025-03-22 00:00,72,22.32,45.52,373.84,7.11,100.14,4.71,,,,
2025-03-22 01:00,70,21.09,42.79,387.19,7.97,98.71,4.89,,,,
2025-03-22 02:00,70,21.2,43.01,433.92,10.71,95.84,5.3,,,,
2025-03-22 03:00,77,24.32,48.57,594.14,19.19,88.69,6.26,,,,
2025-03-22 04:00,89,30.39,58.83,907.9,32.56,76.53,7.99,,,,
2025-03-22 05:00,102,35.96,68.83,1148.22,39.07,75.1,8.7,,,,
2025-03-22 06:00,108,38.3,73.87,1108.17,34.62,91.55,8.23,,,,
2025-03-22 07:00,99,34.72,70.08,847.82,23.99,110.15,6.44,,,,
2025-03-22 08:00,89,30.05,64.22,660.9,17.14,114.44,5.19,,,,
2025-03-22 09:00,80,26.03,59.85,560.76,13.71,108.72,4.47,,,,
2025-03-22 10:00,72,22.31,56.48,467.3,10.97,100.14,3.73,,,,
2025-03-22 11:00,70,21.07,55.5,453.95,11.14,91.55,3.61,,,,
2025-03-22 12:00,67,19.79,53.78,460.62,13.02,83.68,3.58,,,,
2025-03-22 13:00,66,19.18,52.22,520.71,19.02,73.67,3.87,,,,
2025-03-22 14:00,66,19.02,51.01,540.73,22.96,66.52,3.99,,,,
2025-03-22 15:00,67,19.58,50.2,514.03,19.36,69.38,3.99,,,,
2025-03-22 16:00,70,20.95,51.32,520.71,17.65,71.53,4.47,,,,
2025-03-22 17:00,70,21.29,51.33,507.35,15.59,73.67,4.59,,,,
2025-03-22 18:00,71,21.58,51.54,494.0,14.39,75.1,4.59,,,,
2025-03-22 19:00,68,20.36,49.83,453.95,13.19,76.53,4.11,,,,
2025-03-22 20:00,64,18.13,46.2,387.19,10.97,78.68,3.64,,,,
2025-03-22 21:00,63,17.65,44.7,347.14,8.31,81.54,3.64,,,,
2025-03-22 22:00,62,17.1,42.95,323.77,6.0,83.68,3.52,,,,
2025-03-22 23:00,60,16.15,40.88,310.42,4.93,85.12,3.4,,,,
2025-03-23 00:00,58,15.57,38.93,307.08,4.63,85.83,3.49,,,,
2025-03-23 00:00,58,15.57,38.93,307.08,4.63,85.83,3.49,,,,
2025-03-23 01:00,59,15.94,38.63,317.1,5.31,85.83,3.81,,,,
2025-03-23 02:00,61,16.66,39.12,340.46,6.77,85.12,4.05,,,,
2025-03-23 03:00,67,19.75,43.42,467.3,13.02,80.82,4.77,,,,
2025-03-23 04:00,76,24.13,49.98,700.95,22.62,74.39,6.14,,,,
2025-03-23 05:00,83,27.12,54.77,807.76,25.7,77.96,6.85,,,,
2025-03-23 06:00,86,28.83,57.86,761.03,21.93,92.98,6.85,,,,
2025-03-23 07:00,83,27.38,56.56,620.84,15.94,105.86,5.78,,,,
2025-03-23 08:00,81,26.18,55.53,554.08,13.37,108.72,5.3,,,,
2025-03-23 09:00,78,25.06,55.73,540.73,13.19,105.86,5.19,,,,
2025-03-23 10:00,73,22.64,55.75,507.35,12.68,98.71,4.71,,,,
2025-03-23 11:00,70,21.34,57.74,500.68,13.37,91.55,4.65,,,,
2025-03-23 12:00,70,21.24,60.47,514.03,15.42,86.55,4.77,,,,
2025-03-23 13:00,74,22.94,63.72,580.79,21.93,79.39,5.25,,,,
2025-03-23 14:00,79,25.54,65.86,614.17,26.39,76.53,5.6,,,,
2025-03-23 15:00,84,27.9,65.24,580.79,22.62,85.12,5.72,,,,
2025-03-23 16:00,89,30.23,63.44,594.14,20.73,87.26,6.2,,,,
2025-03-23 17:00,91,30.94,60.16,587.46,17.99,85.83,6.26,,,,
2025-03-23 18:00,91,31.13,57.83,574.11,16.28,83.68,6.02,,,,
2025-03-23 19:00,87,29.02,53.98,514.03,14.57,83.68,5.19,,,,
2025-03-23 20:00,80,25.77,49.19,427.25,11.48,85.83,4.53,,,,
2025-03-23 21:00,79,25.41,48.31,407.22,9.68,86.55,5.19,,,,
2025-03-23 22:00,77,24.59,46.57,377.18,7.45,88.69,5.07,,,,
2025-03-23 23:00,75,23.31,43.83,360.49,6.25,90.12,4.89,,,,
2025-03-24 00:00,72,22.2,41.63,357.15,6.08,91.55,5.01,,,,
2025-03-24 00:00,72,22.2,41.63,357.15,6.08,91.55,5.01,,,,
2025-03-24 01:00,72,22.0,41.24,377.18,7.11,91.55,5.48,,,,
2025-03-24 02:00,75,23.67,43.49,447.27,10.45,88.69,6.2,,,,
2025-03-24 03:00,88,29.56,51.46,654.22,20.56,79.39,7.57,,,,
2025-03-24 04:00,98,34.66,58.91,894.55,30.16,72.96,9.54,,,,
2025-03-24 05:00,97,33.79,59.01,867.84,27.08,83.68,10.25,,,,
2025-03-24 06:00,88,29.74,55.81,654.22,17.48,105.86,9.78,,,,
2025-03-24 07:00,65,18.63,41.44,377.18,6.34,121.59,4.95,,,,
2025-03-24 08:00,60,16.59,37.15,347.14,5.01,121.59,4.11,,,,
2025-03-24 09:00,60,16.22,35.79,347.14,5.14,121.59,3.99,,,,
2025-03-24 10:00,65,18.73,38.43,410.56,8.14,115.87,5.3,,,,
2025-03-24 11:00,70,20.97,39.96,473.98,11.82,105.86,6.02,,,,
2025-03-24 12:00,73,22.7,41.18,534.06,16.28,92.98,6.08,,,,
2025-03-24 13:00,76,24.22,43.06,634.19,25.02,75.82,6.26,,,,
2025-03-24 14:00,78,24.98,44.47,660.9,30.16,63.66,5.96,,,,
2025-03-24 15:00,80,25.95,46.57,627.52,26.05,65.09,5.6,,,,
2025-03-24 16:00,82,26.97,48.56,614.17,21.93,69.38,5.78,,,,
2025-03-24 17:00,80,25.73,46.89,520.71,16.11,75.82,5.25,,,,
2025-03-24 18:00,77,24.51,45.06,453.95,11.82,80.82,4.59,,,,
2025-03-24 19:00,73,22.71,42.72,397.21,9.34,85.12,3.87,,,,
2025-03-24 20:00,71,21.68,41.18,353.81,7.71,86.55,3.7,,,,
2025-03-24 21:00,72,22.26,41.85,337.12,6.25,86.55,4.05,,,,
2025-03-24 22:00,74,23.01,42.34,340.46,5.48,87.26,4.17,,,,
2025-03-24 23:00,75,23.44,42.45,350.48,5.74,87.26,4.41,,,,
2025-03-25 00:00,75,23.7,42.34,363.83,6.34,87.26,4.89,,,,
2025-03-25 00:00,75,23.7,42.34,363.83,6.34,87.26,4.89,,,,
2025-03-25 01:00,76,24.04,42.59,387.19,7.71,87.26,5.6,,,,
2025-03-25 02:00,75,23.65,42.02,403.88,9.25,87.26,5.78,,,,
2025-03-25 03:00,77,24.65,43.61,480.65,13.71,85.83,5.96,,,,
2025-03-25 04:00,75,23.7,42.46,514.03,14.57,90.12,5.78,,,,
2025-03-25 05:00,75,23.66,42.62,494.0,12.51,97.27,5.48,,,,
2025-03-25 06:00,76,24.0,43.45,433.92,8.48,104.43,4.89,,,,
2025-03-25 07:00,75,23.41,43.59,377.18,6.0,107.29,3.99,,,,
2025-03-25 08:00,76,23.92,45.26,380.52,6.08,105.86,4.11,,,,
2025-03-25 09:00,77,24.63,47.08,400.54,7.11,103.0,4.23,,,,
2025-03-25 10:00,77,24.55,48.11,397.21,7.45,95.84,3.87,,,,
2025-03-25 11:00,77,24.51,49.03,390.53,8.05,85.12,3.7,,,,
2025-03-25 12:00,78,24.8,50.34,393.87,9.42,75.1,3.43,,,,
2025-03-25 13:00,78,25.17,51.75,423.91,13.02,65.09,3.4,,,,
2025-03-25 14:00,80,25.75,54.63,427.25,14.05,60.8,3.34,,,,
2025-03-25 15:00,82,26.91,59.63,407.22,11.65,62.94,3.28,,,,
2025-03-25 16:00,86,28.61,65.67,407.22,10.45,63.66,3.58,,,,
2025-03-25 17:00,89,29.96,70.97,390.53,9.0,65.8,3.61,,,,
2025-03-25 18:00,91,30.96,75.51,383.85,8.31,70.81,3.64,,,,
2025-03-25 19:00,90,30.72,77.01,363.83,7.88,77.25,3.52,,,,
2025-03-25 20:00,88,29.57,76.35,323.77,6.68,82.25,3.37,,,,
2025-03-25 21:00,87,29.39,76.17,300.41,5.31,86.55,3.55,,,,
2025-03-25 22:00,87,29.16,74.45,290.39,4.37,89.41,3.55,,,,
2025-03-25 23:00,85,28.47,70.67,290.39,3.98,92.98,3.52,,,,
2025-03-26 00:00,83,27.25,66.23,290.39,3.9,97.27,3.52,,,,
2025-03-26 00:00,83,27.25,66.23,290.39,3.9,97.27,3.52,,,,
2025-03-27 01:00,104,36.75,147.73,390.53,7.28,111.58,5.72,,,,
2025-03-27 02:00,113,40.23,148.51,527.38,14.39,95.84,10.97,,,,
2025-03-27 03:00,123,44.51,142.0,841.14,30.16,79.39,25.03,,,,
2025-03-27 04:00,119,42.86,120.56,1108.17,39.41,77.96,28.13,,,,
2025-03-27 05:00,108,38.22,99.85,1081.47,34.96,94.41,23.84,,,,
2025-03-27 06:00,101,35.66,88.97,934.6,26.39,123.02,20.98,,,,
2025-03-27 07:00,78,25.14,62.17,647.54,15.25,148.77,13.83,,,,
2025-03-27 08:00,68,20.24,47.63,554.08,12.0,161.65,11.09,,,,
2025-03-27 09:00,66,19.06,43.54,534.06,12.0,168.8,10.37,,,,
2025-03-27 10:00,63,17.58,39.91,527.38,13.37,168.8,10.37,,,,
2025-03-27 11:00,61,16.84,36.48,560.76,17.14,160.22,12.16,,,,
2025-03-27 12:00,59,16.1,33.61,600.81,21.42,151.63,13.11,,,,
2025-03-27 13:00,63,17.71,35.26,787.73,35.3,131.61,13.47,,,,
2025-03-27 14:00,70,20.94,40.77,974.66,48.67,104.43,12.52,,,,
2025-03-27 15:00,78,24.81,48.45,1001.36,45.93,94.41,10.73,,,,
2025-03-27 16:00,88,29.68,56.22,1041.41,42.5,91.55,9.89,,,,
2025-03-27 17:00,85,28.2,53.92,881.2,31.53,101.57,8.7,,,,
2025-03-27 18:00,72,22.3,47.13,667.57,20.05,113.01,6.91,,,,
2025-03-27 19:00,57,15.02,38.52,487.33,12.17,124.45,5.3,,,,
2025-03-27 20:00,54,13.5,36.4,460.62,11.65,120.16,6.44,,,,
2025-03-27 21:00,54,13.58,35.61,460.62,12.51,115.87,10.73,,,,
2025-03-27 22:00,56,14.48,36.79,467.3,12.85,108.72,12.99,,,,
2025-03-27 23:00,59,16.04,38.64,494.0,13.02,105.86,12.76,,,,
2025-03-28 00:00,64,18.45,41.76,547.41,14.91,104.43,13.71,,,,
2025-03-28 00:00,64,18.45,41.76,547.41,14.91,104.43,13.71,,,,
2025-03-28 01:00,73,22.7,48.14,674.25,19.88,98.71,16.69,,,,
2025-03-28 02:00,92,31.64,61.03,961.3,31.87,90.12,20.74,,,,
2025-03-28 03:00,146,53.93,88.43,1655.58,58.95,72.24,27.18,,,,
2025-03-28 04:00,165,83.35,122.73,2643.59,87.74,58.65,36.24,,,,
2025-03-28 05:00,179,110.15,153.96,3284.45,105.56,68.66,45.3,,,,
2025-03-28 06:00,192,135.6,182.66,3391.27,111.04,111.58,51.98,,,,
2025-03-28 07:00,222,172.05,221.21,3471.37,115.16,170.23,55.31,,,,
2025-03-28 08:00,281,230.8,281.84,4058.84,131.61,220.3,52.93,,,,
2025-03-28 09:00,283,233.53,280.78,3845.21,130.24,243.19,41.96,,,,
2025-03-28 10:00,198,146.76,185.86,2696.99,98.71,197.41,27.66,,,,
2025-03-28 11:00,159,71.06,102.41,1869.2,72.66,147.34,21.93,,,,
2025-03-28 12:00,104,36.59,59.04,1201.63,50.04,133.04,17.88,,,,
2025-03-28 13:00,67,19.63,35.52,720.98,33.24,133.04,13.59,,,,
2025-03-28 14:00,71,21.41,36.73,974.66,46.61,107.29,13.11,,,,
2025-03-28 15:00,85,28.2,44.81,1161.58,50.04,95.84,13.95,,,,
2025-03-28 16:00,132,48.04,68.92,1628.88,64.43,77.25,18.36,,,,
2025-03-28 17:00,161,74.77,100.01,2189.64,80.88,57.94,23.6,,,,
2025-03-28 18:00,172,96.64,124.38,2563.48,91.85,44.35,27.66,,,,
2025-03-28 19:00,175,101.61,128.77,2670.29,98.71,34.69,28.85,,,,
2025-03-28 20:00,168,89.28,112.95,2483.37,93.22,33.62,26.94,,,,
2025-03-28 21:00,161,74.19,94.97,2109.53,75.4,40.77,23.6,,,,
2025-03-28 22:00,152,58.14,77.21,1628.88,52.78,50.78,19.31,,,,
2025-03-28 23:00,145,53.32,73.13,1401.9,42.16,55.07,18.84,,,,
2025-03-29 00:00,153,58.75,84.17,1428.6,41.13,54.36,21.46,,,,
2025-03-29 00:00,153,58.75,84.17,1428.6,41.13,54.36,21.46,,,,
2025-03-29 01:00,156,65.62,102.58,1495.36,42.5,52.93,23.84,,,,
2025-03-29 02:00,160,73.49,122.95,1655.58,49.35,50.07,25.27,,,,
2025-03-29 03:00,174,100.63,161.0,2429.96,78.83,35.41,30.28,,,,
2025-03-29 04:00,191,132.5,202.39,3524.78,105.56,30.76,36.72,,,,
2025-03-29 05:00,199,147.72,223.66,4112.24,119.27,46.49,39.58,,,,
2025-03-29 06:00,199,147.86,221.94,3738.4,112.41,98.71,39.58,,,,
2025-03-29 07:00,173,98.9,157.15,2029.42,60.32,188.83,38.62,,,,
2025-03-29 08:00,188,126.23,182.86,2109.53,60.32,246.05,42.92,,,,
2025-03-29 09:00,208,158.02,214.22,2323.15,66.49,283.24,44.35,,,,
2025-03-29 10:00,276,226.21,286.98,2590.18,71.29,340.46,41.01,,,,
2025-03-29 11:00,339,289.19,350.74,2563.48,63.06,400.54,36.72,,,,
2025-03-29 12:00,298,248.67,303.69,1949.31,45.93,377.66,32.9,,,,
2025-03-29 13:00,205,154.31,199.51,1361.85,40.78,286.1,30.99,,,,
2025-03-29 14:00,181,114.14,154.47,1308.44,48.67,208.85,29.8,,,,
2025-03-29 15:00,176,102.95,140.99,1268.39,46.61,173.09,28.85,,,,
2025-03-29 16:00,178,107.08,145.0,1361.85,47.98,151.63,28.37,,,,
2025-03-29 17:00,181,114.27,152.19,1482.01,48.67,134.47,26.94,,,,
2025-03-29 18:00,183,117.45,155.26,1535.42,47.98,120.16,23.84,,,,
2025-03-29 19:00,178,107.99,143.32,1401.9,43.87,111.58,19.79,,,,
2025-03-29 20:00,167,87.22,118.0,1014.71,31.53,117.3,15.02,,,,
2025-03-29 21:00,159,70.25,98.03,654.22,17.65,130.18,11.92,,,,
2025-03-29 22:00,150,55.23,80.66,453.95,9.51,137.33,9.3,,,,
2025-03-29 23:00,139,50.74,74.42,487.33,9.94,130.18,8.46,,,,
2025-03-30 00:00,143,52.51,76.17,580.79,12.85,121.59,9.54,,,,
2025-03-30 00:00,143,52.51,76.17,580.79,12.85,121.59,9.54,,,,
2025-04-04 01:00,156,65.62,102.58,1495.36,42.5,52.93,23.84,,,,
2025-04-04 02:00,160,73.49,122.95,1655.58,49.35,50.07,25.27,,,,
2025-04-04 03:00,174,100.63,161.0,2429.96,78.83,35.41,30.28,,,,
2025-04-04 04:00,191,132.5,202.39,3524.78,105.56,30.76,36.72,,,,
2025-04-04 05:00,199,147.72,223.66,4112.24,119.27,46.49,39.58,,,,
2025-04-04 06:00,199,147.86,221.94,3738.4,112.41,98.71,39.58,,,,
2025-04-04 07:00,173,98.9,157.15,2029.42,60.32,188.83,38.62,,,,
2025-04-04 08:00,188,126.23,182.86,2109.53,60.32,246.05,42.92,,,,
2025-04-04 09:00,208,158.02,214.22,2323.15,66.49,283.24,44.35,,,,
2025-04-04 10:00,276,226.21,286.98,2590.18,71.29,340.46,41.01,,,,
2025-04-04 11:00,339,289.19,350.74,2563.48,63.06,400.54,36.72,,,,
2025-04-04 12:00,298,248.67,303.69,1949.31,45.93,377.66,32.9,,,,
2025-04-04 13:00,205,154.31,199.51,1361.85,40.78,286.1,30.99,,,,
2025-04-04 14:00,181,114.14,154.47,1308.44,48.67,208.85,29.8,,,,
2025-04-04 15:00,176,102.95,140.99,1268.39,46.61,173.09,28.85,,,,
2025-04-04 16:00,178,107.08,145.0,1361.85,47.98,151.63,28.37,,,,
2025-04-04 17:00,181,114.27,152.19,1482.01,48.67,134.47,26.94,,,,
2025-04-04 18:00,183,117.45,155.26,1535.42,47.98,120.16,23.84,,,,
2025-04-04 19:00,178,107.99,143.32,1401.9,43.87,111.58,19.79,,,,
2025-04-04 20:00,167,87.22,118.0,1014.71,31.53,117.3,15.02,,,,
2025-04-04 21:00,159,70.25,98.03,654.22,17.65,130.18,11.92,,,,
2025-04-04 22:00,150,55.23,80.66,453.95,9.51,137.33,9.3,,,,
2025-04-04 23:00,139,50.74,74.42,487.33,9.94,130.18,8.46,,,,
2025-04-05 00:00,143,52.51,76.17,580.79,12.85,121.59,9.54,,,,
2025-04-05 00:00,143,52.51,76.17,580.79,12.85,121.59,9.54,,,,
2025-04-06 01:00,58,15.51,47.59,112.48,0.06,102.7,0.32,,,,
2025-04-06 02:00,59,15.75,47.83,112.4,0.08,102.64,0.32,,,,
2025-04-06 03:00,59,15.97,47.88,112.32,0.1,101.42,0.32,,,,
2025-04-06 04:00,60,16.18,48.08,112.19,0.09,100.18,0.31,,,,
2025-04-06 05:00,60,16.46,48.87,112.02,0.07,99.18,0.31,,,,
2025-04-06 06:00,61,16.77,49.95,111.83,0.06,98.19,0.3,,,,
2025-04-06 07:00,61,17.03,51.09,111.3,0.05,96.93,0.3,,,,
2025-04-06 08:00,62,17.26,52.17,110.62,0.05,95.17,0.3,,,,
2025-04-06 09:00,62,17.46,53.23,109.83,0.05,93.32,0.32,,,,
2025-04-06 10:00,63,17.62,54.02,109.62,0.05,92.13,0.33,,,,
2025-04-06 11:00,63,17.57,53.5,109.17,0.05,91.5,0.35,,,,
2025-04-06 12:00,62,17.44,52.14,109.18,0.06,91.79,0.37,,,,
2025-04-06 13:00,62,17.36,50.6,109.7,0.08,92.83,0.39,,,,
2025-04-06 14:00,62,17.23,48.4,109.93,0.11,93.1,0.41,,,,
2025-04-06 15:00,61,16.98,45.3,110.05,0.11,92.18,0.43,,,,
2025-04-06 16:00,61,16.63,41.96,109.92,0.11,92.29,0.45,,,,
2025-04-06 17:00,60,16.32,38.67,110.13,0.1,92.14,0.47,,,,
2025-04-06 18:00,59,16.08,35.82,110.46,0.09,91.9,0.47,,,,
2025-04-06 19:00,59,15.96,34.38,110.96,0.09,92.48,0.47,,,,
2025-04-06 20:00,59,16.01,34.51,111.47,0.08,93.29,0.47,,,,
2025-04-06 21:00,60,16.15,35.49,111.81,0.08,93.35,0.46,,,,
2025-04-06 22:00,60,16.33,36.99,111.49,0.08,92.7,0.45,,,,
2025-04-06 23:00,60,16.5,38.25,111.11,0.07,91.53,0.44,,,,
2025-04-07 00:00,61,16.64,39.22,110.67,0.07,90.25,0.43,,,,
2025-04-07 00:00,61,16.64,39.22,110.67,0.07,90.25,0.43,,,,
2025-04-07 01:00,61,16.76,40.14,110.26,0.07,89.07,0.42,,,,
2025-04-07 02:00,61,16.92,41.05,110.0,0.08,87.03,0.41,,,,
2025-04-07 03:00,61,17.0,41.79,109.91,0.1,84.92,0.4,,,,
2025-04-07 04:00,61,16.99,42.22,109.55,0.09,82.78,0.39,,,,
2025-04-07 05:00,61,17.0,42.75,109.3,0.07,80.33,0.38,,,,
2025-04-07 06:00,61,17.0,43.33,108.85,0.06,77.68,0.37,,,,
2025-04-07 07:00,61,16.96,43.91,108.13,0.05,75.09,0.36,,,,
2025-04-07 08:00,61,16.94,44.87,107.42,0.05,72.46,0.36,,,,
2025-04-07 09:00,61,16.96,46.03,106.59,0.04,70.07,0.35,,,,
2025-04-07 10:00,61,17.09,47.66,106.53,0.04,68.92,0.36,,,,
2025-04-07 11:00,62,17.42,50.06,106.85,0.05,68.87,0.36,,,,
2025-04-07 12:00,63,17.91,52.44,107.4,0.06,69.0,0.37,,,,
2025-04-07 13:00,64,18.47,54.25,108.46,0.07,68.81,0.37,,,,
2025-04-07 14:00,65,18.96,54.85,109.5,0.1,66.99,0.36,,,,
2025-04-07 15:00,66,19.45,55.38,110.55,0.11,64.82,0.36,,,,
2025-04-07 16:00,67,19.84,56.35,111.2,0.11,63.37,0.36,,,,
2025-04-07 17:00,68,20.14,57.53,111.72,0.11,62.93,0.36,,,,
2025-04-07 18:00,68,20.38,58.64,111.9,0.11,63.01,0.37,,,,
2025-04-07 19:00,69,20.79,61.07,111.71,0.1,63.49,0.37,,,,
2025-04-07 20:00,70,21.2,63.74,111.87,0.1,63.62,0.37,,,,
2025-04-07 21:00,71,21.54,66.35,112.03,0.1,63.49,0.36,,,,
2025-04-07 22:00,72,21.85,69.37,111.96,0.1,63.2,0.34,,,,
2025-04-07 23:00,72,22.11,71.62,112.0,0.1,63.05,0.33,,,,
2025-04-08 00:00,72,22.25,72.72,112.0,0.1,63.13,0.32,,,,
2025-04-08 00:00,72,22.25,72.72,112.0,0.1,63.13,0.32,,,,
2025-04-08 01:00,73,22.37,73.39,112.21,0.1,63.12,0.32,,,,
2025-04-08 02:00,73,22.5,74.02,112.45,0.1,63.31,0.32,,,,
2025-04-08 03:00,73,22.62,74.49,112.78,0.11,63.22,0.32,,,,
2025-04-08 04:00,73,22.62,74.28,112.9,0.09,62.78,0.33,,,,
2025-04-08 05:00,73,22.5,73.82,112.98,0.07,61.83,0.33,,,,
2025-04-08 06:00,73,22.34,73.63,112.84,0.06,60.57,0.33,,,,
2025-04-08 07:00,72,22.11,73.85,112.41,0.05,59.39,0.32,,,,
2025-04-08 08:00,72,21.88,74.18,111.82,0.05,58.38,0.32,,,,
2025-04-08 09:00,71,21.66,74.52,111.33,0.05,57.84,0.32,,,,
2025-04-08 10:00,71,21.52,75.15,111.22,0.05,58.0,0.32,,,,
2025-04-08 11:00,70,21.29,75.25,110.94,0.05,58.56,0.32,,,,
2025-04-08 12:00,70,21.0,75.04,110.86,0.06,59.42,0.32,,,,
2025-04-08 13:00,69,20.82,74.92,111.13,0.08,60.38,0.32,,,,
2025-04-08 14:00,69,20.58,74.47,111.31,0.11,61.28,0.31,,,,
2025-04-08 15:00,68,20.3,73.77,111.48,0.11,61.85,0.3,,,,
2025-04-08 16:00,68,20.0,72.79,111.35,0.11,61.95,0.28,,,,
2025-04-08 17:00,67,19.72,71.65,111.37,0.11,61.96,0.26,,,,
2025-04-08 18:00,66,19.41,70.21,111.46,0.11,61.97,0.25,,,,
2025-04-08 19:00,66,19.0,68.22,111.12,0.11,61.56,0.24,,,,
2025-04-08 20:00,65,18.57,66.29,111.05,0.11,61.4,0.22,,,,
2025-04-08 21:00,64,18.15,64.43,110.94,0.1,61.29,0.21,,,,
2025-04-08 22:00,63,17.63,62.4,110.86,0.1,61.54,0.21,,,,
2025-04-08 23:00,61,17.07,59.86,110.63,0.09,61.84,0.2,,,,
2025-04-09 00:00,60,16.53,57.55,110.24,0.08,62.39,0.2,,,,
2025-04-09 00:00,60,16.53,57.55,110.24,0.08,62.39,0.2,,,,
2025-04-09 01:00,59,16.04,56.02,109.96,0.08,63.23,0.19,,,,
2025-04-09 02:00,59,15.68,54.76,109.6,0.08,64.25,0.19,,,,
2025-04-09 03:00,58,15.44,53.82,109.51,0.09,65.35,0.2,,,,
2025-04-09 04:00,58,15.26,53.46,109.22,0.07,66.23,0.21,,,,
2025-04-09 05:00,57,15.14,53.79,108.97,0.05,66.98,0.21,,,,
2025-04-09 06:00,57,15.05,54.37,108.63,0.04,66.92,0.22,,,,
2025-04-09 07:00,57,14.93,54.64,108.23,0.04,66.04,0.22,,,,
2025-04-09 08:00,57,14.77,54.4,107.74,0.04,64.55,0.22,,,,
2025-04-09 09:00,56,14.59,54.41,107.31,0.04,63.24,0.22,,,,
2025-04-09 10:00,56,14.45,54.88,107.63,0.04,62.41,0.23,,,,
2025-04-09 11:00,56,14.3,55.22,107.78,0.04,61.87,0.23,,,,
2025-04-09 12:00,55,14.22,55.6,108.1,0.05,61.81,0.23,,,,
2025-04-09 13:00,56,14.28,56.35,109.0,0.07,62.2,0.23,,,,
2025-04-09 14:00,56,14.36,56.83,109.64,0.09,62.45,0.22,,,,
2025-04-09 15:00,56,14.47,57.2,110.08,0.09,62.48,0.21,,,,
2025-04-09 16:00,56,14.55,57.17,110.24,0.09,62.62,0.2,,,,
2025-04-09 17:00,56,14.67,56.51,110.4,0.09,63.55,0.2,,,,
2025-04-09 18:00,57,14.86,54.9,110.92,0.09,65.08,0.21,,,,
2025-04-09 19:00,57,15.07,52.34,111.56,0.09,66.61,0.22,,,,
2025-04-09 20:00,58,15.29,50.28,112.22,0.08,68.27,0.23,,,,
2025-04-09 21:00,58,15.57,49.27,112.71,0.08,69.72,0.23,,,,
2025-04-09 22:00,59,15.99,48.98,113.42,0.07,70.79,0.24,,,,
2025-04-09 23:00,60,16.45,49.22,114.35,0.07,71.35,0.25,,,,
2025-04-10 00:00,61,16.92,49.8,115.21,0.07,71.66,0.25,,,,
2025-04-10 00:00,61,16.92,49.8,115.21,0.07,71.66,0.25,,,,
2025-04-10 01:00,62,17.39,50.81,116.19,0.07,71.72,0.26,,,,
2025-04-10 02:00,63,17.92,52.29,117.44,0.07,71.81,0.27,,,,
2025-04-10 03:00,64,18.51,54.22,118.83,0.08,71.75,0.28,,,,
2025-04-10 04:00,66,19.05,56.45,119.82,0.07,71.29,0.28,,,,
2025-04-10 05:00,67,19.55,59.18,120.84,0.05,70.81,0.29,,,,
2025-04-10 06:00,68,19.99,62.68,121.77,0.05,69.95,0.28,,,,
2025-04-10 07:00,68,20.42,67.67,122.33,0.04,68.95,0.27,,,,
2025-04-10 08:00,69,20.79,72.96,122.39,0.04,67.74,0.27,,,,
2025-04-10 09:00,70,21.04,76.68,122.25,0.04,66.41,0.26,,,,
2025-04-10 10:00,70,21.26,79.68,122.43,0.04,65.63,0.26,,,,
2025-04-10 11:00,70,21.19,81.01,121.93,0.04,65.22,0.26,,,,
2025-04-10 12:00,70,20.99,81.03,121.46,0.05,65.0,0.27,,,,
2025-04-10 13:00,69,20.8,80.64,121.6,0.07,65.33,0.27,,,,
2025-04-10 14:00,69,20.56,79.78,121.74,0.09,65.34,0.27,,,,
2025-04-10 15:00,68,20.29,79.15,121.97,0.09,65.29,0.27,,,,
2025-04-10 16:00,68,19.99,78.78,121.99,0.09,64.97,0.27,,,,
2025-04-10 17:00,67,19.64,77.3,122.31,0.09,64.28,0.27,,,,
2025-04-10 18:00,66,19.39,75.8,122.75,0.09,63.62,0.28,,,,
2025-04-10 19:00,66,19.22,74.09,123.24,0.09,62.97,0.29,,,,
2025-04-10 20:00,66,19.17,72.67,123.93,0.09,62.62,0.3,,,,
2025-04-10 21:00,66,19.24,71.89,124.82,0.09,62.65,0.31,,,,
2025-04-10 22:00,67,19.53,72.58,125.87,0.08,63.24,0.32,,,,
2025-04-10 23:00,67,19.86,74.06,126.52,0.08,63.78,0.32,,,,
2025-04-11 00:00,68,20.17,76.1,127.06,0.08,64.32,0.32,,,,
2025-04-11 00:00,68,20.17,76.1,127.06,0.08,64.32,0.32,,,,
2025-04-11 01:00,69,20.53,79.02,127.25,0.08,65.18,0.32,,,,
2025-04-11 02:00,70,20.91,81.94,127.41,0.08,66.5,0.32,,,,
2025-04-11 03:00,70,21.37,84.58,127.57,0.09,67.9,0.32,,,,
2025-04-11 04:00,71,21.83,86.47,127.38,0.08,68.78,0.32,,,,
2025-04-11 05:00,73,22.37,88.18,127.06,0.06,68.86,0.32,,,,
2025-04-11 06:00,74,23.1,90.27,126.54,0.05,68.13,0.33,,,,
2025-04-11 07:00,76,24.19,93.76,125.81,0.05,67.33,0.33,,,,
2025-04-11 08:00,80,25.66,98.65,124.8,0.05,66.98,0.33,,,,
2025-04-11 09:00,84,27.57,104.76,124.3,0.05,67.53,0.34,,,,
2025-04-11 10:00,89,29.99,112.23,124.95,0.05,69.12,0.37,,,,
2025-04-11 11:00,94,32.62,119.91,126.27,0.05,71.71,0.41,,,,
2025-04-11 12:00,99,35.0,126.39,128.34,0.07,74.66,0.46,,,,
2025-04-11 13:00,104,36.73,130.64,130.88,0.09,77.99,0.52,,,,
2025-04-11 14:00,105,37.31,130.88,132.51,0.12,80.49,0.58,,,,
2025-04-11 15:00,104,36.8,127.38,133.0,0.13,81.97,0.61,,,,
2025-04-11 16:00,102,35.8,122.66,132.46,0.12,82.25,0.64,,,,
2025-04-11 17:00,100,35.37,120.13,131.68,0.12,82.64,0.67,,,,
2025-04-11 18:00,102,35.99,121.03,131.1,0.12,84.05,0.72,,,,
2025-04-11 19:00,105,37.2,123.4,130.75,0.12,86.43,0.79,,,,
2025-04-11 20:00,108,38.29,125.29,130.4,0.12,88.15,0.82,,,,
2025-04-11 21:00,109,38.84,126.18,130.11,0.12,88.5,0.83,,,,
2025-04-11 22:00,109,38.7,125.91,129.85,0.11,88.13,0.81,,,,
2025-04-11 23:00,107,38.0,124.35,129.49,0.11,87.34,0.79,,,,
2025-04-12 00:00,105,37.05,121.6,129.36,0.11,86.23,0.76,,,,
2025-04-12 00:00,105,37.05,121.6,129.36,0.11,86.23,0.76,,,,
2025-04-12 01:00,103,36.21,118.43,129.33,0.1,85.47,0.73,,,,
2025-04-12 02:00,100,35.4,115.85,129.55,0.11,84.22,0.7,,,,
2025-04-12 03:00,98,34.53,113.66,129.88,0.12,82.74,0.66,,,,
2025-04-12 04:00,96,33.55,111.59,129.84,0.1,80.81,0.63,,,,
2025-04-12 05:00,93,32.26,108.5,129.67,0.08,78.38,0.58,,,,
2025-04-12 06:00,90,30.51,103.42,129.15,0.07,75.03,0.53,,,,
2025-04-12 07:00,85,28.31,96.15,127.74,0.06,71.24,0.47,,,,
2025-04-12 08:00,81,26.28,88.77,125.98,0.06,68.04,0.42,,,,
2025-04-12 09:00,78,24.72,82.97,124.36,0.06,65.74,0.39,,,,
2025-04-12 10:00,75,23.73,78.86,123.62,0.06,64.68,0.37,,,,
2025-04-12 11:00,74,23.06,75.03,122.92,0.06,64.22,0.35,,,,
2025-04-12 12:00,73,22.54,71.64,122.49,0.07,64.24,0.35,,,,
2025-04-12 13:00,72,22.23,69.35,122.4,0.09,65.0,0.35,,,,
2025-04-12 14:00,72,22.1,67.88,122.13,0.11,65.76,0.35,,,,
2025-04-12 15:00,72,22.12,67.26,121.98,0.11,66.49,0.35,,,,
2025-04-12 16:00,72,22.25,67.02,121.59,0.1,66.85,0.35,,,,
2025-04-12 17:00,73,22.51,67.16,121.61,0.1,67.11,0.34,,,,
2025-04-12 18:00,73,22.78,67.24,121.74,0.09,66.94,0.33,,,,
2025-04-12 19:00,74,22.96,66.95,121.8,0.09,66.07,0.33,,,,
2025-04-12 20:00,74,23.19,66.96,122.21,0.09,64.72,0.33,,,,
2025-04-12 21:00,75,23.47,67.36,122.56,0.09,63.55,0.33,,,,
2025-04-12 22:00,76,23.78,68.07,122.96,0.09,62.55,0.34,,,,
2025-04-12 23:00,76,24.13,69.17,123.22,0.09,61.99,0.34,,,,
2025-04-13 00:00,77,24.5,70.25,123.51,0.09,61.98,0.34,,,,
2025-04-13 00:00,77,24.5,70.25,123.51,0.09,61.98,0.34,,,,
2025-04-13 01:00,78,24.83,71.2,123.61,0.09,62.32,0.33,,,,
2025-04-13 02:00,78,25.12,71.96,123.83,0.1,63.06,0.33,,,,
2025-04-13 03:00,79,25.37,72.59,123.95,0.1,63.93,0.32,,,,
2025-04-13 04:00,79,25.51,72.89,123.41,0.08,64.84,0.31,,,,
2025-04-13 05:00,80,25.73,73.3,123.27,0.07,65.45,0.3,,,,
2025-04-13 06:00,80,25.95,73.6,123.04,0.06,65.43,0.29,,,,
2025-04-13 07:00,81,26.13,73.61,122.62,0.05,64.81,0.28,,,,
2025-04-13 08:00,81,26.27,73.48,122.25,0.05,63.66,0.27,,,,
2025-04-13 09:00,81,26.4,73.3,121.94,0.04,62.07,0.27,,,,
2025-04-13 10:00,81,26.57,73.13,122.17,0.05,60.48,0.27,,,,
2025-04-13 11:00,82,26.64,72.76,122.38,0.05,59.15,0.28,,,,
2025-04-13 12:00,82,26.61,72.2,122.47,0.06,58.63,0.28,,,,
2025-04-13 13:00,81,26.46,71.39,122.86,0.07,58.93,0.29,,,,
2025-04-13 14:00,81,26.22,70.61,123.13,0.09,59.21,0.3,,,,
2025-04-13 15:00,80,25.94,70.17,123.29,0.09,59.35,0.31,,,,
2025-04-13 16:00,79,25.58,69.55,123.3,0.09,59.43,0.31,,,,
2025-04-13 17:00,79,25.25,68.75,123.48,0.09,59.83,0.31,,,,
2025-04-13 18:00,78,24.89,67.55,123.68,0.08,60.44,0.31,,,,
2025-04-13 19:00,77,24.5,65.85,123.76,0.08,61.22,0.31,,,,
2025-04-13 20:00,76,24.22,64.29,123.81,0.08,61.86,0.3,,,,
2025-04-13 21:00,76,24.07,63.11,124.13,0.08,62.02,0.3,,,,
2025-04-13 22:00,76,23.99,62.14,124.88,0.08,61.87,0.31,,,,
2025-04-13 23:00,76,23.92,61.19,125.56,0.08,61.79,0.31,,,,
2025-04-14 00:00,76,23.87,60.25,126.08,0.08,62.02,0.31,,,,
2025-04-14 00:00,76,23.87,60.25,126.08,0.08,62.02,0.31,,,,
2025-04-14 01:00,75,23.72,58.92,126.86,0.08,62.59,0.31,,,,
2025-04-14 02:00,75,23.56,57.59,127.62,0.09,63.11,0.3,,,,
2025-04-14 03:00,75,23.46,56.5,128.76,0.09,63.68,0.3,,,,
2025-04-14 04:00,75,23.34,55.54,129.52,0.08,63.97,0.3,,,,
2025-04-14 05:00,74,23.24,54.79,130.23,0.06,64.06,0.3,,,,
2025-04-14 06:00,74,23.13,54.24,130.64,0.05,63.52,0.29,,,,
2025-04-14 07:00,74,22.96,53.66,131.2,0.05,62.49,0.29,,,,
2025-04-14 08:00,73,22.69,52.75,131.41,0.04,61.27,0.28,,,,
2025-04-14 09:00,72,22.16,51.39,131.53,0.04,60.07,0.28,,,,
2025-04-14 10:00,70,21.33,49.95,131.44,0.04,59.35,0.27,,,,
2025-04-14 11:00,68,20.42,49.36,130.49,0.05,58.28,0.28,,,,
2025-04-14 12:00,67,19.52,49.57,129.3,0.05,57.19,0.3,,,,
2025-04-14 13:00,65,18.76,50.35,128.78,0.07,56.69,0.31,,,,
2025-04-14 14:00,63,17.97,50.7,127.99,0.09,56.39,0.32,,,,
2025-04-14 15:00,62,17.14,50.59,127.15,0.09,56.14,0.32,,,,
2025-04-14 16:00,60,16.31,50.21,126.06,0.09,55.77,0.33,,,,
2025-04-14 17:00,58,15.61,50.08,125.22,0.09,55.21,0.33,,,,
2025-04-14 18:00,57,14.96,49.89,124.51,0.09,54.56,0.34,,,,
2025-04-14 19:00,56,14.34,49.48,123.44,0.09,53.83,0.35,,,,
2025-04-14 20:00,55,13.86,49.7,122.43,0.09,53.31,0.36,,,,
2025-04-14 21:00,54,13.46,50.25,121.27,0.09,52.9,0.37,,,,
2025-04-14 22:00,53,13.11,51.18,120.19,0.09,52.99,0.37,,,,
2025-04-14 23:00,53,12.99,52.86,119.13,0.09,53.47,0.36,,,,
2025-04-15 00:00,53,13.04,54.9,118.09,0.09,54.11,0.35,,,,
2025-04-15 00:00,53,13.04,54.9,118.09,0.09,54.11,0.35,,,,
2025-04-15 01:00,53,13.21,57.3,117.63,0.09,54.64,0.35,,,,
2025-04-15 02:00,54,13.39,59.95,117.25,0.1,54.67,0.34,,,,
2025-04-15 03:00,54,13.54,62.45,116.92,0.1,54.11,0.34,,,,
2025-04-15 04:00,54,13.66,64.71,116.79,0.09,53.45,0.34,,,,
2025-04-15 05:00,55,13.8,66.7,117.04,0.07,53.02,0.34,,,,
2025-04-15 06:00,55,13.92,67.88,117.21,0.06,52.53,0.33,,,,
2025-04-15 07:00,55,14.02,67.95,117.12,0.06,51.77,0.32,,,,
2025-04-15 08:00,55,14.09,66.75,116.87,0.05,50.59,0.31,,,,
2025-04-15 09:00,55,14.16,64.94,116.54,0.05,49.27,0.31,,,,
2025-04-15 10:00,56,14.31,63.28,116.8,0.05,48.46,0.31,,,,
2025-04-15 11:00,56,14.46,61.64,116.77,0.05,48.12,0.32,,,,
2025-04-15 12:00,56,14.64,60.11,116.83,0.06,48.45,0.32,,,,
2025-04-15 13:00,57,14.86,58.66,117.35,0.08,49.23,0.33,,,,
2025-04-15 14:00,57,15.05,57.15,117.65,0.1,49.65,0.34,,,,
2025-04-15 15:00,58,15.22,56.3,117.6,0.1,49.94,0.35,,,,
2025-04-15 16:00,58,15.27,56.3,117.26,0.1,50.27,0.36,,,,
2025-04-15 17:00,58,15.29,56.77,116.89,0.1,50.97,0.36,,,,
2025-04-15 18:00,57,15.18,57.04,116.46,0.1,51.69,0.36,,,,
2025-04-15 19:00,57,14.95,56.83,115.63,0.1,52.15,0.36,,,,
2025-04-15 20:00,56,14.66,56.5,114.91,0.1,52.49,0.36,,,,
2025-04-15 21:00,56,14.34,56.3,114.28,0.1,52.33,0.36,,,,
2025-04-15 22:00,55,14.03,56.22,113.71,0.1,51.8,0.35,,,,
2025-04-15 23:00,54,13.69,56.18,113.31,0.1,51.12,0.36,,,,
2025-04-16 00:00,54,13.4,56.42,112.8,0.1,50.41,0.36,,,,
2025-04-16 00:00,54,13.4,56.42,112.8,0.1,50.41,0.36,,,,
2025-04-16 01:00,53,13.15,57.16,112.24,0.1,49.89,0.36,,,,
2025-04-16 02:00,53,12.92,58.03,111.4,0.11,49.51,0.35,,,,
2025-04-16 03:00,52,12.71,58.7,110.68,0.11,49.26,0.35,,,,
2025-04-16 04:00,52,12.54,59.07,109.8,0.09,49.36,0.34,,,,
2025-04-16 05:00,52,12.39,59.15,109.26,0.08,49.38,0.33,,,,
2025-04-16 06:00,51,12.22,58.89,108.44,0.07,49.04,0.33,,,,
2025-04-16 07:00,50,11.97,58.17,107.63,0.06,48.39,0.33,,,,
2025-04-16 08:00,49,11.67,57.18,106.78,0.05,47.88,0.32,,,,
2025-04-16 09:00,47,11.39,56.21,105.79,0.05,47.35,0.32,,,,
2025-04-16 10:00,46,11.14,55.28,105.52,0.05,46.78,0.33,,,,
2025-04-16 11:00,46,10.94,53.97,105.32,0.05,46.22,0.34,,,,
2025-04-16 12:00,45,10.81,52.67,105.24,0.06,46.01,0.35,,,,
2025-04-16 13:00,45,10.81,51.72,105.41,0.08,46.35,0.36,,,,
2025-04-16 14:00,46,10.92,51.18,105.58,0.1,46.98,0.36,,,,
2025-04-16 15:00,46,11.03,50.65,105.25,0.1,47.89,0.37,,,,
2025-04-16 16:00,46,11.07,49.88,104.54,0.1,49.09,0.36,,,,
2025-04-16 17:00,46,11.06,48.99,103.87,0.1,50.37,0.36,,,,
2025-04-16 18:00,46,11.0,47.92,103.21,0.09,51.66,0.36,,,,
2025-04-16 19:00,46,10.92,46.84,102.66,0.09,52.72,0.35,,,,
2025-04-16 20:00,46,10.94,46.43,102.39,0.09,53.43,0.35,,,,
2025-04-16 21:00,46,11.04,46.63,102.35,0.09,53.67,0.36,,,,
2025-04-16 22:00,46,11.15,47.08,102.68,0.09,53.88,0.36,,,,
2025-04-16 23:00,47,11.27,47.67,102.98,0.09,53.84,0.36,,,,
2025-04-17 00:00,48,11.41,48.69,103.14,0.09,52.97,0.37,,,,
2025-04-17 00:00,48,11.41,48.69,103.14,0.09,52.97,0.37,,,,
2025-04-17 01:00,48,11.47,49.54,103.64,0.1,51.96,0.37,,,,
2025-04-17 02:00,48,11.52,50.21,104.48,0.11,51.29,0.38,,,,
2025-04-17 03:00,48,11.6,51.2,105.24,0.11,50.97,0.38,,,,
2025-04-17 04:00,49,11.65,51.9,105.56,0.09,51.51,0.37,,,,
2025-04-17 05:00,49,11.78,52.48,105.7,0.07,52.89,0.35,,,,
2025-04-17 06:00,50,11.95,52.93,105.77,0.06,53.96,0.34,,,,
2025-04-17 07:00,500,12.07,52.93,105.54,0.05,54.66,0.32,,,,
2025-04-17 08:00,51,12.13,52.77,105.05,0.05,54.44,0.31,,,,
2025-04-17 09:00,500,12.06,52.68,104.77,0.05,53.06,0.31,,,,
2025-04-17 10:00,50,11.95,52.72,104.92,0.05,51.1,0.31,,,,
2025-04-17 11:00,49,11.8,52.72,104.88,0.05,49.26,0.32,,,,
2025-04-17 12:00,49,11.84,53.36,104.93,0.06,48.4,0.33,,,,
2025-04-17 13:00,500,12.09,55.03,105.27,0.08,48.26,0.35,,,,
2025-04-17 14:00,52,12.43,57.22,105.7,0.1,48.04,0.36,,,,
2025-04-17 15:00,52,12.75,59.89,106.02,0.11,47.64,0.38,,,,
2025-04-17 16:00,53,13.06,62.63,106.19,0.11,47.41,0.4,,,,
2025-04-17 17:00,54,13.37,65.43,106.46,0.11,47.69,0.43,,,,
2025-04-17 18:00,54,13.7,68.32,106.91,0.11,48.27,0.46,,,,
2025-04-17 19:00,55,14.06,71.24,106.98,0.12,48.94,0.5,,,,
2025-04-17 20:00,56,14.6,75.05,107.32,0.12,50.16,0.55,,,,
2025-04-17 21:00,58,15.29,79.27,108.05,0.13,51.72,0.61,,,,
2025-04-17 22:00,59,16.03,83.12,108.75,0.13,53.71,0.67,,,,
2025-04-17 23:00,60,16.57,85.33,109.29,0.13,55.68,0.7,,,,
2025-04-18 00:00,61,16.66,85.3,109.64,0.13,56.53,0.69,,,,
2025-04-18 00:00,61,16.66,85.3,109.64,0.13,56.53,0.69,,,,
2025-04-18 01:00,60,16.31,83.33,109.6,0.13,56.17,0.65,,,,
2025-04-18 02:00,58,15.66,80.28,109.3,0.14,54.69,0.59,,,,
2025-04-18 03:00,57,14.84,77.0,108.78,0.14,52.72,0.54,,,,
2025-04-18 04:00,55,14.0,73.93,108.05,0.11,51.01,0.51,,,,
2025-04-18 05:00,54,13.3,71.64,107.33,0.09,49.47,0.48,,,,
2025-04-18 06:00,52,12.77,70.05,106.49,0.07,47.66,0.44,,,,
2025-04-18 07:00,52,12.35,68.72,105.51,0.06,45.86,0.42,,,,
2025-04-18 08:00,500,12.07,67.39,104.78,0.06,44.69,0.4,,,,
2025-04-18 09:00,49,11.86,65.77,104.05,0.06,44.15,0.39,,,,
2025-04-18 10:00,49,11.72,63.86,103.71,0.05,44.47,0.39,,,,
2025-04-18 11:00,48,11.56,61.67,103.15,0.06,45.24,0.39,,,,
2025-04-18 12:00,48,11.45,59.99,102.57,0.06,46.75,0.39,,,,
2025-04-18 13:00,48,11.54,59.45,102.56,0.08,49.1,0.41,,,,
2025-04-18 14:00,49,11.76,59.67,102.33,0.1,51.36,0.43,,,,
2025-04-18 15:00,51,12.2,61.18,102.54,0.11,53.56,0.47,,,,
2025-04-18 16:00,53,12.86,64.27,102.9,0.12,55.87,0.52,,,,
2025-04-18 17:00,54,13.64,68.05,103.74,0.12,58.01,0.57,,,,
2025-04-18 18:00,56,14.42,71.92,104.47,0.13,59.84,0.61,,,,
2025-04-18 19:00,57,15.12,75.52,105.03,0.13,61.33,0.64,,,,
2025-04-18 20:00,59,15.82,79.13,105.45,0.13,63.01,0.67,,,,
2025-04-18 21:00,60,16.58,83.12,106.16,0.13,64.86,0.7,,,,
2025-04-18 22:00,62,17.49,87.82,107.06,0.14,67.28,0.75,,,,
2025-04-18 23:00,64,18.38,92.18,107.85,0.14,69.62,0.79,,,,
2025-04-19 00:00,66,19.16,95.34,108.44,0.14,72.1,0.84,,,,
2025-04-19 00:00,66,19.16,95.34,108.44,0.14,72.1,0.84,,,,
2025-04-20 01:00,120,43.3,198.8,139.06,0.1,104.12,0.67,,,,
2025-04-20 02:00,129,46.99,214.83,140.64,0.12,105.05,0.63,,,,
2025-04-20 03:00,136,49.63,224.7,141.7,0.15,105.72,0.59,,,,
2025-04-20 04:00,139,51.04,228.1,142.31,0.13,105.72,0.55,,,,
2025-04-20 05:00,141,51.65,227.49,142.78,0.1,105.02,0.5,,,,
2025-04-20 06:00,140,51.54,224.74,143.25,0.09,103.65,0.46,,,,
2025-04-20 07:00,139,50.88,220.78,143.71,0.08,101.3,0.43,,,,
2025-04-20 08:00,137,50.27,217.58,143.91,0.07,98.85,0.4,,,,
2025-04-20 09:00,136,49.8,214.53,144.06,0.07,96.65,0.37,,,,
2025-04-20 10:00,134,49.09,211.72,144.24,0.07,96.1,0.36,,,,
2025-04-20 11:00,133,48.46,209.47,144.01,0.08,95.55,0.35,,,,
2025-04-20 12:00,132,48.1,208.42,143.52,0.09,95.72,0.34,,,,
2025-04-20 13:00,131,47.82,207.78,143.7,0.11,97.0,0.34,,,,
2025-04-20 14:00,132,47.97,207.35,143.7,0.13,97.25,0.33,,,,
2025-04-20 15:00,132,48.13,206.22,143.62,0.13,97.43,0.32,,,,
2025-04-20 16:00,132,48.1,204.25,143.15,0.13,97.45,0.32,,,,
2025-04-20 17:00,133,48.34,203.19,143.29,0.12,97.41,0.32,,,,
2025-04-20 18:00,133,48.48,201.91,143.38,0.11,97.34,0.31,,,,
2025-04-20 19:00,133,48.62,201.11,142.98,0.11,97.1,0.31,,,,
2025-04-20 20:00,134,48.82,201.13,142.29,0.1,96.79,0.31,,,,
2025-04-20 21:00,134,49.05,201.04,141.66,0.1,96.02,0.31,,,,
2025-04-20 22:00,134,48.91,198.92,140.78,0.09,95.19,0.3,,,,
2025-04-20 23:00,132,48.03,193.25,139.59,0.09,94.84,0.3,,,,
2025-04-21 00:00,128,46.35,185.14,138.26,0.09,95.09,0.3,,,,
2025-04-21 00:00,128,46.35,185.14,138.26,0.09,95.09,0.3,,,,
2025-04-21 01:00,121,43.48,175.65,136.22,0.08,97.53,0.3,,,,
2025-04-21 02:00,116,41.43,169.8,135.17,0.1,100.29,0.29,,,,
2025-04-21 03:00,113,40.49,167.43,134.88,0.1,101.3,0.28,,,,
2025-04-21 04:00,112,39.99,166.29,133.66,0.08,100.72,0.26,,,,
2025-04-21 05:00,111,39.73,165.64,133.01,0.06,99.06,0.25,,,,
2025-04-21 06:00,111,39.5,165.25,132.13,0.05,96.64,0.24,,,,
2025-04-21 07:00,110,39.32,165.48,130.87,0.04,93.71,0.22,,,,
2025-04-21 08:00,109,38.84,165.11,129.2,0.04,90.84,0.21,,,,
2025-04-21 09:00,107,38.11,164.19,127.57,0.04,88.61,0.2,,,,
2025-04-21 10:00,106,37.47,163.4,126.58,0.04,87.18,0.19,,,,
2025-04-21 11:00,105,37.08,162.91,125.52,0.04,85.98,0.19,,,,
2025-04-21 12:00,104,36.82,162.86,124.92,0.05,85.91,0.18,,,,
2025-04-21 13:00,104,36.69,163.17,124.89,0.06,87.14,0.19,,,,
2025-04-21 14:00,104,36.73,163.47,124.92,0.08,88.09,0.19,,,,
2025-04-21 15:00,105,36.97,164.14,125.07,0.09,88.91,0.2,,,,
2025-04-21 16:00,106,37.36,164.73,124.96,0.09,89.45,0.21,,,,
2025-04-21 17:00,107,37.99,165.39,125.16,0.08,89.62,0.22,,,,
2025-04-21 18:00,109,38.76,165.81,125.58,0.08,89.62,0.24,,,,
2025-04-21 19:00,110,39.29,164.27,125.8,0.08,89.9,0.25,,,,
2025-04-21 20:00,111,39.6,160.38,126.29,0.07,90.12,0.27,,,,
2025-04-21 21:00,111,39.63,154.95,126.78,0.07,89.81,0.28,,,,
2025-04-21 22:00,110,39.09,149.22,127.07,0.07,90.0,0.29,,,,
2025-04-21 23:00,109,38.64,145.16,127.65,0.07,90.14,0.29,,,,
2025-04-22 00:00,108,38.43,144.42,128.09,0.06,89.81,0.28,,,,
2025-04-22 00:00,108,38.43,144.42,128.09,0.06,89.81,0.28,,,,
2025-04-22 01:00,108,38.21,145.53,128.29,0.06,89.69,0.27,,,,
2025-04-22 02:00,106,37.65,143.43,128.4,0.07,89.95,0.25,,,,
2025-04-22 03:00,104,36.72,138.99,128.37,0.08,90.52,0.23,,,,
2025-04-22 04:00,101,35.67,133.77,127.89,0.06,90.53,0.22,,,,
2025-04-22 05:00,99,34.71,129.04,127.37,0.05,90.02,0.21,,,,
2025-04-22 06:00,97,33.84,124.48,126.77,0.04,88.85,0.19,,,,
2025-04-22 07:00,95,33.09,120.64,126.17,0.04,87.12,0.18,,,,
2025-04-22 08:00,94,32.34,117.29,125.23,0.04,85.11,0.17,,,,
2025-04-22 09:00,92,31.47,114.15,124.11,0.04,83.7,0.17,,,,
2025-04-22 10:00,89,30.4,110.81,123.51,0.04,83.77,0.17,,,,
2025-04-22 11:00,87,29.43,107.4,122.67,0.04,83.79,0.18,,,,
2025-04-22 12:00,86,28.6,104.67,122.07,0.05,84.67,0.2,,,,
2025-04-22 13:00,84,27.92,102.41,122.22,0.06,86.83,0.21,,,,
2025-04-22 14:00,84,27.66,101.31,122.3,0.08,87.56,0.22,,,,
2025-04-22 15:00,84,27.64,101.14,122.73,0.09,87.92,0.23,,,,
2025-04-22 16:00,84,27.71,101.27,122.92,0.08,88.12,0.24,,,,
2025-04-22 17:00,84,28.02,102.28,123.66,0.08,88.2,0.25,,,,
2025-04-22 18:00,85,28.37,103.43,124.32,0.08,88.5,0.26,,,,
2025-04-22 19:00,86,28.61,104.35,124.75,0.08,88.84,0.27,,,,
2025-04-22 20:00,86,28.74,105.06,124.94,0.08,89.18,0.28,,,,
2025-04-22 21:00,86,28.96,105.76,125.07,0.07,89.29,0.29,,,,
2025-04-22 22:00,87,29.45,106.88,125.35,0.07,89.99,0.29,,,,
2025-04-22 23:00,89,30.13,108.56,125.71,0.07,90.72,0.29,,,,
2025-04-23 00:00,91,30.91,110.78,126.02,0.07,91.46,0.29,,,,
2025-04-23 00:00,91,30.91,110.78,126.02,0.07,91.46,0.29,,,,
2025-04-23 01:00,92,31.82,113.12,126.39,0.06,92.1,0.28,,,,
2025-04-23 02:00,95,32.87,116.02,126.95,0.08,92.65,0.28,,,,
2025-04-23 03:00,97,34.04,120.22,127.48,0.08,92.9,0.28,,,,
2025-04-23 04:00,99,35.01,124.84,127.58,0.06,92.84,0.29,,,,
2025-04-23 05:00,102,35.83,130.04,127.15,0.05,91.95,0.29,,,,
2025-04-23 06:00,103,36.42,135.59,126.33,0.04,90.04,0.29,,,,
2025-04-23 07:00,104,36.7,140.27,125.21,0.04,87.59,0.29,,,,
2025-04-23 08:00,104,36.54,142.14,123.87,0.04,84.59,0.29,,,,
2025-04-23 09:00,103,36.11,141.02,122.62,0.04,81.88,0.29,,,,
2025-04-23 10:00,500,35.49,137.71,122.2,0.04,80.64,0.3,,,,
2025-04-23 11:00,98,34.43,130.92,121.61,0.04,80.48,0.31,,,,
2025-04-23 12:00,95,33.22,122.36,121.52,0.05,81.94,0.32,,,,
2025-04-23 13:00,93,32.09,113.74,122.38,0.06,85.02,0.33,,,,
2025-04-23 14:00,91,31.24,106.17,123.58,0.09,87.76,0.36,,,,
2025-04-23 15:00,90,30.64,100.17,125.47,0.1,90.4,0.38,,,,
2025-04-23 16:00,89,30.3,95.95,127.19,0.09,92.26,0.4,,,,
2025-04-23 17:00,89,30.26,93.64,128.67,0.09,93.05,0.41,,,,
2025-04-23 18:00,89,30.33,92.26,130.18,0.09,92.96,0.42,,,,
2025-04-23 19:00,89,30.28,90.78,130.9,0.09,92.73,0.43,,,,
2025-04-23 20:00,89,29.97,88.76,131.6,0.08,93.6,0.44,,,,
2025-04-23 21:00,88,29.83,87.51,131.72,0.08,94.5,0.45,,,,
2025-04-23 22:00,89,30.04,87.5,131.68,0.08,95.79,0.45,,,,
2025-04-23 23:00,89,30.34,87.71,131.9,0.08,96.47,0.44,,,,
2025-04-24 00:00,90,30.54,87.35,132.11,0.07,96.97,0.43,,,,
2025-04-24 00:00,90,30.54,87.35,132.11,0.07,96.97,0.43,,,,
2025-04-24 01:00,90,30.5,86.3,132.04,0.07,97.75,0.43,,,,
2025-04-24 02:00,90,30.53,85.63,132.1,0.09,98.13,0.42,,,,
2025-04-24 03:00,90,30.67,85.41,131.91,0.09,97.43,0.41,,,,
2025-04-24 04:00,90,30.79,85.05,131.59,0.07,95.94,0.4,,,,
2025-04-24 05:00,90,30.75,84.32,131.02,0.06,94.27,0.39,,,,
2025-04-24 06:00,90,30.55,83.46,130.32,0.05,92.18,0.38,,,,
2025-04-24 07:00,89,30.15,82.58,129.41,0.04,89.61,0.37,,,,
2025-04-24 08:00,88,29.82,82.41,128.27,0.04,86.18,0.36,,,,
2025-04-24 09:00,88,29.54,82.83,126.99,0.04,82.76,0.36,,,,
2025-04-24 10:00,87,29.31,83.84,125.92,0.05,80.35,0.36,,,,
2025-04-24 11:00,87,29.04,84.5,124.44,0.05,78.95,0.38,,,,
2025-04-24 12:00,86,28.93,85.18,123.22,0.07,78.64,0.39,,,,
2025-04-24 13:00,87,29.21,86.6,122.22,0.09,78.73,0.41,,,,
2025-04-24 14:00,88,29.75,88.84,121.28,0.11,78.17,0.42,,,,
2025-04-24 15:00,90,30.48,92.01,120.35,0.12,77.01,0.43,,,,
2025-04-24 16:00,91,31.26,96.11,119.18,0.12,75.72,0.44,,,,
2025-04-24 17:00,93,32.09,100.8,118.23,0.11,74.3,0.44,,,,
2025-04-24 18:00,95,32.94,105.78,117.46,0.11,72.31,0.43,,,,
2025-04-24 19:00,96,33.71,110.63,116.68,0.11,70.08,0.43,,,,
2025-04-24 20:00,98,34.4,115.42,116.06,0.1,68.32,0.42,,,,
2025-04-24 21:00,99,34.99,119.99,115.69,0.1,66.96,0.41,,,,
2025-04-24 22:00,101,35.54,124.25,115.37,0.1,65.75,0.39,,,,
2025-04-24 23:00,102,36.03,127.3,115.08,0.1,64.77,0.38,,,,
2025-04-25 00:00,103,36.44,129.88,114.88,0.1,64.14,0.38,,,,
2025-04-25 00:00,103,36.44,129.88,114.88,0.1,64.14,0.38,,,,
2025-04-25 01:00,104,36.83,132.96,114.66,0.1,64.01,0.38,,,,
2025-04-25 02:00,105,37.21,135.27,114.54,0.11,63.82,0.38,,,,
2025-04-25 03:00,106,37.43,136.03,114.25,0.11,63.25,0.37,,,,
2025-04-25 04:00,106,37.42,135.42,113.68,0.09,62.41,0.36,,,,
2025-04-25 05:00,106,37.41,134.71,113.31,0.08,61.52,0.35,,,,
2025-04-25 06:00,106,37.39,134.61,112.88,0.07,60.19,0.35,,,,
2025-04-25 07:00,106,37.38,135.16,112.55,0.06,58.82,0.34,,,,
2025-04-25 08:00,105,37.31,135.97,112.11,0.06,57.39,0.34,,,,
2025-04-25 09:00,105,37.26,137.45,111.61,0.06,56.04,0.34,,,,
2025-04-25 10:00,106,37.37,139.89,111.72,0.06,55.26,0.34,,,,
2025-04-25 11:00,106,37.37,141.35,111.61,0.06,54.75,0.34,,,,
2025-04-25 12:00,106,37.41,142.43,111.52,0.07,54.88,0.35,,,,
2025-04-25 13:00,106,37.66,143.28,112.01,0.09,55.76,0.37,,,,
2025-04-25 14:00,107,37.75,141.86,112.32,0.11,56.32,0.38,,,,
2025-04-25 15:00,106,37.67,138.94,112.36,0.12,56.55,0.39,,,,
2025-04-25 16:00,106,37.6,136.02,112.36,0.12,57.11,0.4,,,,
2025-04-25 17:00,106,37.62,133.72,112.56,0.12,57.98,0.41,,,,
2025-04-25 18:00,106,37.68,131.86,112.64,0.12,58.73,0.42,,,,
2025-04-25 19:00,107,37.75,130.92,112.52,0.12,59.84,0.42,,,,
2025-04-25 20:00,107,37.95,131.19,112.67,0.11,61.48,0.42,,,,
2025-04-25 21:00,108,38.35,131.79,112.81,0.11,62.7,0.43,,,,
2025-04-25 22:00,109,38.85,132.65,113.0,0.11,64.02,0.42,,,,
2025-04-25 23:00,110,39.25,133.58,113.04,0.11,65.23,0.42,,,,
2025-04-26 00:00,111,39.49,135.47,113.08,0.1,66.78,0.41,,,,
2025-04-26 00:00,111,39.49,135.47,113.08,0.1,66.78,0.41,,,,
2025-04-26 01:00,112,39.87,141.04,113.18,0.1,69.58,0.4,,,,
2025-04-26 02:00,112,40.13,144.79,113.12,0.11,71.66,0.39,,,,
2025-04-26 03:00,113,40.26,146.63,112.97,0.11,72.94,0.38,,,,
2025-04-26 04:00,113,40.54,148.96,112.99,0.09,73.77,0.38,,,,
2025-04-26 05:00,115,41.06,151.1,113.18,0.08,73.91,0.38,,,,
2025-04-26 06:00,116,41.71,153.47,113.39,0.07,73.35,0.39,,,,
2025-04-26 07:00,118,42.37,156.53,113.4,0.06,72.59,0.41,,,,
2025-04-26 08:00,119,42.94,160.02,113.45,0.06,71.94,0.43,,,,
2025-04-26 09:00,120,43.4,162.58,113.41,0.06,71.16,0.45,,,,
2025-04-26 10:00,121,43.7,163.43,113.6,0.06,70.17,0.46,,,,
2025-04-26 11:00,121,43.62,161.5,113.26,0.07,68.64,0.47,,,,
2025-04-26 12:00,121,43.56,159.64,113.09,0.08,68.39,0.49,,,,
2025-04-26 13:00,121,43.75,158.63,113.38,0.1,69.48,0.51,,,,
2025-04-26 14:00,121,43.55,154.97,113.72,0.13,70.01,0.51,,,,
2025-04-26 15:00,119,42.71,147.44,113.48,0.14,68.84,0.48,,,,
2025-04-26 16:00,116,41.4,138.37,112.79,0.13,66.52,0.44,,,,
2025-04-26 17:00,112,40.11,130.52,111.99,0.12,64.53,0.41,,,,
2025-04-26 18:00,110,38.98,124.64,111.29,0.12,62.95,0.37,,,,
2025-04-26 19:00,107,38.05,121.27,110.4,0.11,61.76,0.34,,,,
2025-04-26 20:00,106,37.54,120.77,109.82,0.1,61.41,0.32,,,,
2025-04-26 21:00,106,37.43,123.1,109.54,0.1,61.94,0.29,,,,
2025-04-26 22:00,106,37.7,127.51,109.51,0.1,63.26,0.27,,,,
2025-04-26 23:00,108,38.2,131.45,109.48,0.1,64.35,0.26,,,,
2025-04-27 00:00,109,38.73,134.34,109.45,0.1,64.95,0.25,,,,
2025-04-27 00:00,109,38.73,134.34,109.45,0.1,64.95,0.25,,,,
2025-04-27 01:00,110,39.35,137.06,109.19,0.1,65.19,0.25,,,,
2025-04-27 02:00,112,39.8,138.05,109.22,0.11,64.78,0.26,,,,
2025-04-27 03:00,112,40.14,138.71,109.3,0.12,64.24,0.27,,,,
2025-04-27 04:00,113,40.22,139.08,109.18,0.1,63.5,0.27,,,,
2025-04-27 05:00,113,40.3,139.18,109.06,0.09,62.93,0.29,,,,
2025-04-27 06:00,113,40.37,138.74,108.76,0.08,62.12,0.3,,,,
2025-04-27 07:00,113,40.36,137.98,108.38,0.07,61.39,0.31,,,,
2025-04-27 08:00,113,40.42,137.74,107.9,0.07,61.19,0.31,,,,
2025-04-27 09:00,114,40.7,139.23,107.68,0.06,61.85,0.3,,,,
2025-04-27 10:00,115,41.24,143.11,107.81,0.06,64.06,0.29,,,,
2025-04-27 11:00,114,40.93,142.99,107.25,0.07,65.25,0.28,,,,
2025-04-27 12:00,112,39.92,140.29,106.56,0.08,65.83,0.27,,,,
2025-04-27 13:00,109,38.74,137.31,106.1,0.09,66.83,0.26,,,,
2025-04-27 14:00,106,37.65,134.17,105.43,0.11,67.91,0.25,,,,
2025-04-27 15:00,105,37.07,132.3,105.03,0.12,69.16,0.25,,,,
2025-04-27 16:00,105,37.18,131.97,104.73,0.11,70.47,0.25,,,,
2025-04-27 17:00,107,37.75,130.99,104.78,0.11,71.61,0.26,,,,
2025-04-27 18:00,108,38.43,128.85,105.01,0.1,72.4,0.27,,,,
2025-04-27 19:00,110,39.09,126.86,104.98,0.1,73.03,0.28,,,,
2025-04-27 20:00,111,39.6,124.99,104.82,0.09,73.94,0.29,,,,
2025-04-27 21:00,112,40.15,123.01,104.74,0.09,75.23,0.3,,,,
2025-04-27 22:00,114,40.71,121.68,104.84,0.09,76.48,0.3,,,,
2025-04-27 23:00,115,41.21,121.78,104.79,0.09,77.06,0.31,,,,
2025-04-28 00:00,116,41.69,123.08,104.63,0.09,77.14,0.33,,,,
2025-04-28 00:00,116,41.69,123.08,104.63,0.09,77.14,0.33,,,,
2025-04-28 01:00,118,42.27,125.38,104.53,0.09,77.28,0.35,,,,
2025-04-28 02:00,119,42.88,127.39,104.75,0.13,77.46,0.37,,,,
2025-04-28 03:00,120,43.22,128.1,104.97,0.13,77.93,0.39,,,,
2025-04-28 04:00,120,43.15,126.7,105.3,0.12,78.45,0.4,,,,
2025-04-28 05:00,119,42.7,123.37,105.37,0.1,78.64,0.4,,,,
2025-04-28 06:00,116,41.78,118.26,104.93,0.08,77.76,0.4,,,,
2025-04-28 07:00,113,40.3,111.83,104.25,0.07,76.07,0.39,,,,
2025-04-28 08:00,108,38.44,104.38,103.27,0.07,73.75,0.37,,,,
2025-04-28 09:00,104,36.61,96.94,102.43,0.07,71.73,0.36,,,,
2025-04-28 10:00,99,34.83,89.66,101.96,0.07,70.54,0.36,,,,
2025-04-28 11:00,95,33.05,82.59,101.66,0.07,70.33,0.35,,,,
2025-04-28 12:00,92,31.41,76.65,101.6,0.08,71.27,0.35,,,,
2025-04-28 13:00,89,30.02,71.9,102.05,0.09,73.54,0.35,,,,
2025-04-28 14:00,86,28.73,67.62,102.29,0.11,76.34,0.35,,,,
2025-04-28 15:00,84,27.68,64.19,102.68,0.11,79.1,0.35,,,,
2025-04-28 16:00,82,26.85,61.56,102.76,0.11,81.62,0.36,,,,
2025-04-28 17:00,81,26.37,60.08,102.83,0.1,83.51,0.37,,,,
2025-04-28 18:00,80,26.06,59.39,102.97,0.1,85.02,0.38,,,,
2025-04-28 19:00,80,25.98,59.32,103.34,0.09,85.73,0.39,,,,
2025-04-28 20:00,80,25.94,58.96,103.47,0.09,85.89,0.38,,,,
2025-04-28 21:00,80,25.97,58.53,103.76,0.09,85.95,0.37,,,,
2025-04-28 22:00,80,26.06,58.25,103.82,0.09,85.67,0.35,,,,
2025-04-28 23:00,81,26.25,58.5,103.95,0.09,85.14,0.35,,,,
2025-04-29 00:00,81,26.45,59.07,104.25,0.09,84.43,0.36,,,,
2025-04-29 00:00,81,26.45,59.07,104.25,0.09,84.43,0.36,,,,
2025-04-29 01:00,81,26.6,59.53,104.8,0.09,84.01,0.36,,,,
2025-04-29 02:00,82,26.75,59.97,105.4,0.11,83.49,0.36,,,,
2025-04-29 03:00,82,26.92,60.63,106.02,0.13,81.98,0.36,,,,
2025-04-29 04:00,82,26.76,60.36,106.11,0.11,79.72,0.35,,,,
2025-04-29 05:00,81,26.35,59.24,106.32,0.09,77.59,0.34,,,,
2025-04-29 06:00,80,25.79,57.67,106.16,0.08,75.54,0.32,,,,
2025-04-29 07:00,78,25.14,55.98,105.77,0.07,73.15,0.31,,,,
2025-04-29 08:00,77,24.59,54.63,105.25,0.06,70.9,0.3,,,,
2025-04-29 09:00,76,24.19,53.72,104.69,0.06,68.93,0.29,,,,
2025-04-29 10:00,76,23.93,53.17,104.38,0.06,67.96,0.29,,,,
2025-04-29 11:00,75,23.68,52.69,103.79,0.06,67.44,0.29,,,,
2025-04-29 12:00,75,23.57,52.55,103.4,0.07,67.32,0.29,,,,
2025-04-29 13:00,75,23.57,52.78,103.65,0.08,67.81,0.3,,,,
2025-04-29 14:00,75,23.64,53.06,103.99,0.1,68.76,0.3,,,,
2025-04-29 15:00,76,23.88,53.49,104.56,0.11,69.42,0.3,,,,
2025-04-29 16:00,77,24.26,53.98,104.81,0.1,69.52,0.3,,,,
2025-04-29 17:00,78,24.85,55.02,105.04,0.1,69.26,0.31,,,,
2025-04-29 18:00,79,25.53,56.47,105.32,0.1,68.91,0.32,,,,
2025-04-29 19:00,81,26.19,58.0,105.43,0.1,69.12,0.33,,,,
2025-04-29 20:00,82,26.74,59.52,105.59,0.1,69.38,0.34,,,,
2025-04-29 21:00,83,27.24,61.11,105.7,0.1,69.52,0.35,,,,
2025-04-29 22:00,84,27.7,62.71,105.75,0.1,69.39,0.36,,,,
2025-04-29 23:00,85,28.06,63.82,105.87,0.1,69.83,0.37,,,,
2025-04-30 00:00,85,28.24,64.31,106.05,0.1,70.75,0.37,,,,
2025-04-30 00:00,85,28.24,64.31,106.05,0.1,70.75,0.37,,,,
2025-04-30 01:00,85,28.32,64.57,106.25,0.1,72.24,0.36,,,,
2025-04-30 02:00,85,28.42,65.02,106.6,0.12,73.86,0.35,,,,
2025-04-30 03:00,85,28.48,65.16,106.73,0.12,75.27,0.33,,,,
2025-04-30 04:00,85,28.41,64.52,106.64,0.1,76.01,0.32,,,,
2025-04-30 05:00,85,28.26,63.17,106.46,0.08,75.83,0.31,,,,
2025-04-30 06:00,85,28.04,60.82,106.05,0.07,74.44,0.3,,,,
2025-04-30 07:00,84,27.75,58.12,105.61,0.06,72.12,0.29,,,,
2025-04-30 08:00,84,27.56,56.29,105.16,0.06,69.64,0.29,,,,
2025-04-30 09:00,83,27.52,55.67,104.89,0.05,67.31,0.3,,,,
2025-04-30 10:00,83,27.51,55.76,104.87,0.05,65.69,0.3,,,,
2025-04-30 11:00,83,27.44,55.84,104.64,0.06,64.69,0.31,,,,
2025-04-30 12:00,83,27.3,55.82,104.48,0.06,64.93,0.31,,,,
2025-04-30 13:00,82,26.92,55.25,104.6,0.08,66.45,0.31,,,,
2025-04-30 14:00,80,26.04,53.5,104.48,0.1,69.16,0.31,,,,
2025-04-30 15:00,78,24.82,51.02,104.13,0.1,72.53,0.3,,,,
2025-04-30 16:00,75,23.58,48.47,103.64,0.09,75.3,0.29,,,,
2025-04-30 17:00,73,22.59,46.32,103.42,0.09,77.77,0.28,,,,
2025-04-30 18:00,72,21.86,44.52,103.47,0.08,79.3,0.28,,,,
2025-04-30 19:00,70,21.33,43.07,103.34,0.08,80.07,0.27,,,,
2025-04-30 20:00,70,21.02,42.33,103.4,0.08,79.9,0.27,,,,
2025-04-30 21:00,69,20.87,42.08,103.31,0.08,79.11,0.28,,,,
2025-04-30 22:00,69,20.78,42.21,103.6,0.08,78.29,0.29,,,,
2025-04-30 23:00,69,20.69,42.55,103.86,0.08,77.52,0.3,,,,
2025-05-01 00:00,69,20.65,43.14,104.24,0.08,76.44,0.32,,,,
2025-05-01 00:00,69,20.65,43.14,104.24,0.08,76.44,0.32,,,,
2025-05-01 01:00,69,20.65,43.85,104.59,0.08,74.93,0.33,,,,
2025-05-01 02:00,69,20.72,44.66,104.84,0.1,73.42,0.35,,,,
2025-05-01 03:00,69,20.89,45.59,105.09,0.11,71.71,0.36,,,,
2025-05-01 04:00,70,21.07,46.46,104.86,0.09,69.74,0.37,,,,
2025-05-01 05:00,70,21.35,47.38,104.82,0.08,67.89,0.37,,,,
2025-05-01 06:00,71,21.61,48.21,104.5,0.07,65.76,0.38,,,,
2025-05-01 07:00,71,21.82,48.82,104.02,0.06,63.81,0.37,,,,
2025-05-01 08:00,72,21.95,49.16,103.69,0.05,62.06,0.37,,,,
2025-05-01 09:00,72,22.01,49.28,103.42,0.05,60.62,0.36,,,,
2025-05-01 10:00,72,21.99,49.22,103.28,0.05,59.6,0.36,,,,
2025-05-01 11:00,72,21.99,49.53,103.13,0.05,58.83,0.36,,,,
2025-05-01 12:00,72,21.94,49.95,103.18,0.06,58.78,0.36,,,,
2025-05-01 13:00,71,21.83,50.22,103.53,0.07,59.5,0.36,,,,
2025-05-01 14:00,71,21.57,49.92,103.99,0.09,60.15,0.36,,,,
2025-05-01 15:00,70,21.23,49.33,104.66,0.1,60.66,0.36,,,,
2025-05-01 16:00,69,20.83,48.68,104.95,0.09,60.94,0.35,,,,
2025-05-01 17:00,69,20.53,48.53,105.36,0.09,61.03,0.35,,,,
2025-05-01 18:00,68,20.26,48.75,105.65,0.09,60.91,0.36,,,,
2025-05-01 19:00,67,19.88,48.62,105.59,0.08,60.63,0.36,,,,
2025-05-01 20:00,67,19.5,48.32,105.53,0.08,60.52,0.37,,,,
2025-05-01 21:00,66,19.16,48.08,105.69,0.08,60.77,0.37,,,,
2025-05-01 22:00,65,18.81,47.79,106.05,0.08,61.37,0.37,,,,
2025-05-01 23:00,64,18.5,47.42,106.22,0.08,61.66,0.36,,,,
2025-05-02 00:00,64,18.28,47.13,106.59,0.08,61.52,0.36,,,,
2025-05-02 00:00,64,18.28,47.13,106.59,0.08,61.52,0.36,,,,
2025-05-02 01:00,64,18.18,47.11,106.85,0.08,60.72,0.35,,,,
2025-05-02 02:00,0,0.0,0.0,107.28,0.09,59.66,0.36,,,,
2025-05-02 03:00,64,18.22,47.81,107.73,0.1,58.65,0.37,,,,
2025-05-02 04:00,64,18.16,47.81,107.58,0.08,58.47,0.37,,,,
2025-05-02 05:00,64,18.07,47.77,107.67,0.07,58.99,0.37,,,,
2025-05-02 06:00,63,18.0,47.94,107.31,0.06,59.56,0.37,,,,
2025-05-02 07:00,63,17.91,48.18,107.0,0.05,59.53,0.36,,,,
2025-05-02 08:00,63,17.84,48.62,106.58,0.05,58.95,0.35,,,,
2025-05-02 09:00,63,17.85,49.44,106.15,0.05,57.97,0.35,,,,
2025-05-02 10:00,63,17.92,50.35,105.97,0.05,57.26,0.35,,,,
2025-05-02 11:00,63,17.89,50.7,105.51,0.05,56.62,0.35,,,,
2025-05-02 12:00,63,17.83,50.7,105.34,0.06,56.23,0.36,,,,
2025-05-02 13:00,63,17.89,51.12,105.57,0.07,56.07,0.37,,,,
2025-05-02 14:00,63,18.02,52.08,105.86,0.09,55.95,0.38,,,,
2025-05-02 15:00,64,18.17,53.56,106.04,0.09,56.34,0.38,,,,
2025-05-02 16:00,64,18.27,55.07,105.86,0.09,57.19,0.38,,,,
2025-05-02 17:00,64,18.3,56.21,105.55,0.09,58.08,0.38,,,,
2025-05-02 18:00,64,18.24,56.78,105.21,0.09,58.64,0.39,,,,
2025-05-02 19:00,64,18.1,56.99,104.86,0.08,58.69,0.39,,,,
2025-05-02 20:00,63,18.01,57.38,104.71,0.08,58.7,0.39,,,,
2025-05-02 21:00,63,17.99,57.84,104.59,0.08,58.7,0.4,,,,
2025-05-02 22:00,63,17.99,58.54,104.66,0.09,59.17,0.41,,,,
2025-05-02 23:00,63,17.98,59.44,104.88,0.09,59.63,0.41,,,,
2025-05-03 00:00,63,18.03,60.64,105.22,0.09,60.05,0.42,,,,
2025-05-03 00:00,63,18.03,60.64,105.22,0.09,60.05,0.42,,,,
2025-05-03 01:00,64,18.19,62.69,105.73,0.09,60.29,0.43,,,,
2025-05-03 02:00,64,18.47,65.26,106.26,0.11,60.46,0.45,,,,
2025-05-03 03:00,65,18.81,68.02,106.74,0.12,60.75,0.45,,,,
2025-05-03 04:00,66,19.13,70.66,106.84,0.1,61.28,0.45,,,,
2025-05-03 05:00,66,19.35,72.1,106.66,0.09,61.63,0.45,,,,
2025-05-03 06:00,66,19.42,71.76,106.43,0.08,61.43,0.43,,,,
2025-05-03 07:00,66,19.29,69.79,105.88,0.07,60.75,0.41,,,,
2025-05-03 08:00,66,19.03,66.6,105.21,0.06,60.25,0.39,,,,
2025-05-03 09:00,65,18.76,63.4,104.82,0.06,60.34,0.38,,,,
2025-05-03 10:00,65,18.65,60.79,104.69,0.06,61.06,0.37,,,,
2025-05-03 11:00,65,18.69,58.95,104.46,0.06,61.77,0.37,,,,
2025-05-03 12:00,65,18.97,58.76,104.56,0.07,62.78,0.37,,,,
2025-05-03 13:00,67,19.57,60.73,105.52,0.09,64.42,0.39,,,,
2025-05-03 14:00,68,20.15,62.19,106.38,0.11,65.49,0.4,,,,
2025-05-03 15:00,69,20.75,63.5,107.12,0.11,66.16,0.41,,,,
2025-05-03 16:00,71,21.38,65.2,107.85,0.11,66.78,0.42,,,,
2025-05-03 17:00,72,22.12,67.72,108.76,0.11,67.58,0.43,,,,
2025-05-03 18:00,74,22.88,70.59,109.82,0.11,68.42,0.44,,,,
2025-05-03 19:00,75,23.54,72.94,110.67,0.11,68.98,0.45,,,,
2025-05-03 20:00,76,24.04,74.38,111.38,0.11,69.09,0.46,,,,
2025-05-03 21:00,77,24.46,74.81,111.83,0.11,68.81,0.48,,,,
2025-05-03 22:00,78,24.83,74.83,112.38,0.11,68.51,0.48,,,,
2025-05-03 23:00,79,25.2,75.04,113.01,0.11,68.44,0.49,,,,
2025-05-04 00:00,79,25.57,75.74,113.65,0.11,68.43,0.48,,,,
2025-05-04 00:00,79,25.57,75.74,113.65,0.11,68.43,0.48,,,,
2025-05-04 01:00,80,25.94,76.99,114.06,0.11,68.34,0.46,,,,
2025-05-04 02:00,81,26.2,77.28,114.23,0.13,67.97,0.44,,,,
2025-05-04 03:00,80,26.1,76.07,114.23,0.13,67.45,0.42,,,,
2025-05-04 04:00,80,25.72,74.97,114.83,0.11,67.62,0.41,,,,
2025-05-04 05:00,78,25.16,74.77,116.12,0.09,67.84,0.4,,,,
2025-05-04 06:00,77,24.29,73.74,118.14,0.08,67.52,0.38,,,,
2025-05-04 07:00,74,23.0,70.96,121.33,0.07,66.66,0.37,,,,
2025-05-04 08:00,71,21.69,67.98,124.33,0.06,65.41,0.35,,,,
2025-05-04 09:00,70,21.04,67.24,126.63,0.06,63.71,0.36,,,,
2025-05-04 10:00,70,21.16,69.6,128.12,0.07,62.2,0.37,,,,
2025-05-04 11:00,71,21.58,72.93,128.65,0.07,61.1,0.39,,,,
2025-05-04 12:00,72,21.95,75.92,128.78,0.08,60.82,0.41,,,,
2025-05-04 13:00,72,22.2,77.84,128.9,0.1,61.05,0.43,,,,
2025-05-04 14:00,72,22.26,78.11,129.15,0.13,61.51,0.44,,,,
2025-05-04 15:00,73,22.37,78.47,129.32,0.14,62.11,0.45,,,,
2025-05-04 16:00,73,22.44,78.66,129.3,0.13,62.74,0.45,,,,
2025-05-04 17:00,73,22.51,78.66,129.09,0.13,63.28,0.45,,,,
2025-05-04 18:00,73,22.49,77.49,128.69,0.13,63.43,0.43,,,,
2025-05-04 19:00,73,22.33,74.78,127.54,0.12,62.87,0.42,,,,
2025-05-04 20:00,72,22.12,71.48,126.5,0.12,62.09,0.41,,,,
2025-05-04 21:00,71,21.82,68.49,125.84,0.12,61.03,0.41,,,,
2025-05-04 22:00,71,21.56,66.52,125.44,0.12,60.31,0.41,,,,
2025-05-04 23:00,70,21.19,65.03,125.59,0.12,59.48,0.41,,,,
2025-05-05 00:00,69,20.75,64.41,125.77,0.12,58.7,0.4,,,,
2025-05-05 00:00,69,20.75,64.41,125.77,0.12,58.7,0.4,,,,
2025-05-05 01:00,68,20.28,64.35,126.05,0.12,58.15,0.4,,,,
2025-05-05 02:00,67,19.66,63.45,125.55,0.13,57.63,0.38,,,,
2025-05-05 03:00,65,18.9,61.59,124.85,0.13,56.62,0.37,,,,
2025-05-05 04:00,64,18.06,59.47,123.77,0.11,54.8,0.35,,,,
2025-05-05 05:00,62,17.41,58.39,123.14,0.09,53.01,0.35,,,,
2025-05-05 06:00,61,16.98,58.65,122.57,0.08,51.31,0.35,,,,
2025-05-05 07:00,61,16.98,60.93,122.07,0.07,50.01,0.35,,,,
2025-05-05 08:00,63,17.59,65.38,121.41,0.07,49.01,0.36,,,,
2025-05-05 09:00,65,18.73,71.82,120.73,0.07,48.37,0.37,,,,
2025-05-05 10:00,69,20.52,79.85,120.64,0.07,48.64,0.39,,,,
2025-05-05 11:00,72,22.28,85.62,120.32,0.08,49.28,0.4,,,,
2025-05-05 12:00,76,23.96,90.42,119.74,0.09,50.48,0.4,,,,
2025-05-05 13:00,80,25.75,94.3,119.8,0.11,52.31,0.4,,,,
2025-05-05 14:00,83,27.5,98.64,119.93,0.13,54.17,0.41,,,,
2025-05-05 15:00,87,29.4,104.94,120.41,0.14,56.59,0.41,,,,
2025-05-05 16:00,91,31.02,111.64,120.65,0.14,58.64,0.42,,,,
2025-05-05 17:00,91,31.23,114.46,120.6,0.14,58.99,0.44,,,,
2025-05-05 18:00,90,30.43,114.66,120.43,0.13,58.74,0.45,,,,
2025-05-05 19:00,86,28.8,113.23,119.77,0.13,58.49,0.46,,,,
2025-05-05 20:00,83,27.29,111.79,119.44,0.12,58.55,0.47,,,,
2025-05-05 21:00,80,26.11,110.14,119.09,0.12,58.46,0.46,,,,
2025-05-05 22:00,78,25.11,107.86,118.65,0.11,57.8,0.45,,,,
2025-05-05 23:00,77,24.37,105.49,118.21,0.11,56.96,0.42,,,,
2025-05-06 00:00,76,24.0,104.37,118.1,0.11,56.42,0.39,,,,
2025-05-06 00:00,76,24.0,104.37,118.1,0.11,56.42,0.39,,,,
2025-05-06 01:00,76,24.1,105.1,118.15,0.1,56.58,0.36,,,,
2025-05-06 02:00,74,23.2,103.31,117.78,0.11,56.09,0.34,,,,
2025-05-06 03:00,70,21.18,97.57,117.13,0.11,54.83,0.33,,,,
2025-05-06 04:00,66,19.28,93.92,116.12,0.09,54.64,0.34,,,,
2025-05-06 05:00,64,18.23,92.88,115.19,0.08,55.51,0.34,,,,
2025-05-06 06:00,62,17.11,90.07,114.3,0.06,55.04,0.33,,,,
2025-05-06 07:00,59,15.99,85.91,113.48,0.06,53.63,0.31,,,,
2025-05-06 08:00,57,15.1,81.89,112.49,0.05,51.59,0.29,,,,
2025-05-06 09:00,56,14.46,78.7,111.53,0.05,49.42,0.28,,,,
2025-05-06 10:00,55,13.98,76.19,111.04,0.05,47.43,0.27,,,,
2025-05-06 11:00,54,13.39,72.83,110.44,0.06,45.56,0.27,,,,
2025-05-06 12:00,52,12.81,69.14,109.99,0.06,44.15,0.27,,,,
2025-05-06 13:00,52,12.47,66.53,110.13,0.08,43.64,0.28,,,,
2025-05-06 14:00,52,12.42,65.65,110.32,0.1,43.75,0.29,,,,
2025-05-06 15:00,52,12.63,66.51,110.41,0.1,44.38,0.31,,,,
2025-05-06 16:00,53,12.89,68.06,110.29,0.11,45.04,0.32,,,,
2025-05-06 17:00,53,13.17,70.06,110.53,0.11,45.57,0.33,,,,
2025-05-06 18:00,54,13.53,72.18,110.68,0.11,46.24,0.34,,,,
2025-05-06 19:00,55,14.0,74.97,110.49,0.11,47.35,0.35,,,,
2025-05-06 20:00,56,14.6,78.5,110.59,0.11,48.94,0.36,,,,
2025-05-06 21:00,57,15.16,81.33,110.68,0.11,50.29,0.38,,,,
2025-05-06 22:00,58,15.52,82.54,111.07,0.1,51.22,0.39,,,,
2025-05-06 23:00,59,15.77,82.86,111.42,0.1,51.99,0.39,,,,
2025-05-07 00:00,59,16.05,83.69,111.68,0.1,52.65,0.39,,,,
2025-05-07 00:00,59,16.05,83.69,111.68,0.1,52.65,0.39,,,,
2025-05-07 01:00,60,16.34,84.69,111.72,0.1,52.91,0.38,,,,
2025-05-07 02:00,60,16.3,84.24,111.79,0.11,52.44,0.37,,,,
2025-05-07 03:00,59,16.08,82.91,111.75,0.11,51.66,0.35,,,,
2025-05-07 04:00,59,15.79,80.84,111.46,0.09,50.64,0.33,,,,
2025-05-07 05:00,58,15.42,78.3,111.36,0.07,49.25,0.31,,,,
2025-05-07 06:00,57,14.96,75.75,111.05,0.06,47.68,0.29,,,,
2025-05-07 07:00,56,14.36,73.36,110.64,0.05,45.74,0.27,,,,
2025-05-07 08:00,54,13.65,70.68,109.98,0.05,43.51,0.25,,,,
2025-05-07 09:00,53,12.94,68.49,109.2,0.05,41.57,0.23,,,,
2025-05-07 10:00,51,12.31,67.08,108.9,0.04,40.36,0.22,,,,
2025-05-07 11:00,49,11.8,65.48,108.26,0.05,39.09,0.22,,,,
2025-05-07 12:00,48,11.46,64.68,107.89,0.05,38.46,0.22,,,,
2025-05-07 13:00,47,11.29,64.64,108.07,0.06,38.28,0.23,,,,
2025-05-07 14:00,46,11.15,64.63,108.1,0.08,38.03,0.25,,,,
2025-05-07 15:00,46,11.04,64.65,108.09,0.09,37.81,0.25,,,,
2025-05-07 16:00,46,10.97,64.88,107.77,0.09,37.66,0.26,,,,
2025-05-07 17:00,46,11.01,65.48,107.44,0.09,37.5,0.26,,,,
2025-05-07 18:00,46,11.08,66.26,106.99,0.09,37.45,0.26,,,,
2025-05-07 19:00,47,11.16,67.19,106.06,0.09,37.45,0.26,,,,
2025-05-07 20:00,47,11.33,68.34,105.08,0.09,37.62,0.26,,,,
2025-05-07 21:00,48,11.53,69.5,104.23,0.08,37.75,0.26,,,,
2025-05-07 22:00,49,11.77,70.77,103.36,0.08,37.94,0.26,,,,
2025-05-07 23:00,51,12.11,72.93,102.52,0.08,38.31,0.26,,,,
2025-05-08 00:00,52,12.53,75.95,101.7,0.08,38.9,0.26,,,,
2025-05-08 00:00,52,12.53,75.95,101.7,0.08,38.9,0.26,,,,
2025-05-08 01:00,53,13.01,78.85,101.25,0.07,39.91,0.26,,,,
2025-05-08 02:00,54,13.67,81.89,100.94,0.08,41.87,0.25,,,,
2025-05-08 03:00,56,14.53,85.55,100.55,0.08,44.06,0.25,,,,
2025-05-08 04:00,58,15.38,88.36,99.87,0.06,45.92,0.24,,,,
2025-05-08 05:00,60,16.21,91.27,99.22,0.05,47.14,0.23,,,,
2025-05-08 06:00,61,16.94,94.13,98.46,0.05,47.58,0.22,,,,
2025-05-08 07:00,63,17.64,98.11,97.66,0.04,47.54,0.2,,,,
2025-05-08 08:00,64,18.17,101.46,96.78,0.04,46.94,0.19,,,,
2025-05-08 09:00,64,18.48,103.5,95.84,0.03,45.96,0.18,,,,
2025-05-08 10:00,65,18.69,104.83,95.35,0.03,45.0,0.18,,,,
2025-05-08 11:00,65,18.72,104.97,94.62,0.04,44.05,0.17,,,,
2025-05-08 12:00,65,18.65,104.42,94.2,0.04,43.43,0.17,,,,
2025-05-08 13:00,65,18.65,103.67,94.11,0.05,43.29,0.17,,,,
2025-05-08 14:00,65,18.71,103.12,94.16,0.06,43.29,0.17,,,,
2025-05-08 15:00,65,18.9,103.05,94.24,0.07,43.33,0.18,,,,
2025-05-08 16:00,66,19.04,102.7,94.21,0.07,43.43,0.18,,,,
2025-05-08 17:00,66,19.22,102.26,94.41,0.07,44.03,0.18,,,,
2025-05-08 18:00,67,19.54,102.07,94.82,0.06,45.14,0.18,,,,
2025-05-08 19:00,67,19.89,101.86,95.15,0.06,46.48,0.18,,,,
2025-05-08 20:00,68,20.18,101.6,95.37,0.06,47.61,0.17,,,,
2025-05-08 21:00,68,20.27,101.14,95.5,0.06,48.3,0.17,,,,
2025-05-08 22:00,68,20.29,100.73,95.4,0.06,48.74,0.16,,,,
2025-05-08 23:00,68,20.22,100.08,95.34,0.05,49.1,0.16,,,,
2025-05-09 00:00,68,19.96,98.76,95.11,0.05,49.32,0.16,,,,
2025-05-09 00:00,68,19.96,98.76,95.11,0.05,49.32,0.16,,,,
2025-05-09 01:00,66,19.47,95.79,94.97,0.05,49.59,0.17,,,,
2025-05-09 02:00,65,18.94,92.03,95.4,0.06,50.06,0.17,,,,
2025-05-09 03:00,65,18.52,88.81,95.98,0.05,50.88,0.16,,,,
2025-05-09 04:00,64,18.05,85.57,96.49,0.04,51.29,0.15,,,,
2025-05-09 05:00,63,17.66,82.7,97.37,0.04,51.69,0.14,,,,
2025-05-09 06:00,62,17.32,80.07,98.37,0.03,51.63,0.14,,,,
2025-05-09 07:00,61,17.05,77.93,99.12,0.03,51.1,0.13,,,,
2025-05-09 08:00,61,16.8,75.89,99.68,0.03,50.19,0.13,,,,
2025-05-09 09:00,60,16.56,73.95,100.13,0.03,49.18,0.12,,,,
2025-05-09 10:00,60,16.44,72.74,100.76,0.03,48.43,0.12,,,,
2025-05-09 11:00,60,16.34,71.82,100.9,0.03,47.81,0.12,,,,
2025-05-09 12:00,60,16.29,71.72,100.42,0.04,47.29,0.12,,,,
2025-05-09 13:00,60,16.44,73.07,99.48,0.04,46.68,0.12,,,,
2025-05-09 14:00,61,16.65,75.09,98.07,0.05,45.96,0.11,,,,
2025-05-09 15:00,61,16.92,77.04,96.95,0.06,45.5,0.11,,,,
2025-05-09 16:00,61,17.09,77.36,97.06,0.05,45.85,0.1,,,,
2025-05-09 17:00,62,17.26,77.51,97.95,0.05,46.53,0.1,,,,
2025-05-09 18:00,63,17.59,78.77,98.95,0.05,47.18,0.1,,,,
2025-05-09 19:00,64,18.21,82.13,99.57,0.05,47.56,0.1,,,,
2025-05-09 20:00,66,19.2,87.89,99.96,0.05,47.85,0.1,,,,
2025-05-09 21:00,69,20.49,95.51,99.94,0.05,47.94,0.1,,,,
2025-05-09 22:00,73,22.42,106.56,99.47,0.05,47.95,0.1,,,,
2025-05-09 23:00,79,25.22,122.37,98.84,0.05,47.87,0.1,,,,
2025-05-10 00:00,86,28.92,142.64,97.98,0.05,47.75,0.1,,,,
2025-05-10 00:00,86,28.92,142.64,97.98,0.05,47.75,0.1,,,,
2025-05-10 01:00,95,32.98,163.57,97.55,0.05,47.93,0.1,,,,
2025-05-10 02:00,103,36.47,180.3,97.83,0.05,48.3,0.1,,,,
2025-05-10 03:00,110,39.3,193.13,98.39,0.05,48.65,0.1,,,,
2025-05-10 04:00,114,40.84,199.46,98.57,0.04,48.57,0.09,,,,
2025-05-10 05:00,118,42.6,207.45,98.58,0.03,48.18,0.09,,,,
2025-05-10 06:00,125,45.27,219.72,98.39,0.03,47.21,0.09,,,,
2025-05-10 07:00,135,49.48,239.13,97.51,0.02,45.87,0.08,,,,
2025-05-10 08:00,149,54.84,263.73,96.54,0.02,44.53,0.08,,,,
2025-05-10 09:00,154,60.93,289.95,95.82,0.02,43.51,0.08,,,,
2025-05-10 10:00,158,68.88,322.08,95.63,0.02,43.24,0.08,,,,
2025-05-10 11:00,163,78.02,357.54,95.64,0.03,43.67,0.09,,,,
2025-05-10 12:00,167,86.86,390.05,96.2,0.03,44.81,0.09,,,,
2025-05-10 13:00,171,95.19,418.37,97.43,0.04,46.59,0.1,,,,
2025-05-10 14:00,176,103.16,440.88,98.66,0.05,48.6,0.12,,,,
2025-05-10 15:00,179,110.65,456.9,100.04,0.05,50.92,0.13,,,,
2025-05-10 16:00,182,115.43,458.83,101.5,0.05,53.18,0.14,,,,
2025-05-10 17:00,183,117.4,450.56,103.33,0.05,55.24,0.14,,,,
2025-05-10 18:00,184,119.13,441.24,104.72,0.05,57.14,0.14,,,,
2025-05-10 19:00,185,121.58,436.45,105.31,0.05,58.54,0.14,,,,
2025-05-10 20:00,188,126.63,441.75,105.04,0.04,59.66,0.15,,,,
2025-05-10 21:00,191,132.38,448.64,104.45,0.04,60.72,0.15,,,,
2025-05-10 22:00,194,138.19,453.02,103.94,0.04,62.03,0.15,,,,
2025-05-10 23:00,196,142.59,451.24,103.54,0.04,63.52,0.15,,,,
2025-05-11 00:00,197,145.12,441.96,103.52,0.04,65.11,0.15,,,,
2025-05-11 00:00,197,145.12,441.96,103.52,0.04,65.11,0.15,,,,
2025-05-11 01:00,197,144.97,422.51,103.76,0.04,66.58,0.15,,,,
2025-05-11 02:00,196,143.55,400.29,104.59,0.04,68.11,0.14,,,,
2025-05-11 03:00,195,141.11,378.72,105.02,0.04,69.36,0.13,,,,
2025-05-11 04:00,193,137.33,356.41,105.32,0.03,70.07,0.12,,,,
2025-05-11 05:00,191,133.13,335.57,105.51,0.02,70.13,0.12,,,,
2025-05-11 06:00,188,127.95,314.29,105.91,0.02,69.47,0.12,,,,
2025-05-11 07:00,186,123.18,296.06,106.14,0.02,68.27,0.12,,,,
2025-05-11 08:00,184,119.76,282.8,106.11,0.02,66.51,0.13,,,,
2025-05-11 09:00,183,117.52,273.21,105.84,0.02,64.81,0.14,,,,
2025-05-11 10:00,182,115.61,264.27,105.71,0.02,63.7,0.14,,,,
2025-05-11 11:00,180,112.35,252.25,105.07,0.03,63.06,0.15,,,,
2025-05-11 12:00,178,107.8,237.91,104.2,0.03,62.9,0.16,,,,
2025-05-11 13:00,175,102.54,223.23,103.32,0.04,63.47,0.17,,,,
2025-05-11 14:00,172,96.63,208.74,102.49,0.05,64.27,0.18,,,,
2025-05-11 15:00,169,90.87,195.86,101.96,0.06,65.14,0.19,,,,
2025-05-11 16:00,167,85.95,186.42,101.68,0.06,66.04,0.2,,,,
2025-05-11 17:00,165,81.9,180.24,101.74,0.06,66.93,0.21,,,,
2025-05-11 18:00,164,79.74,180.78,102.41,0.06,67.92,0.22,,,,
2025-05-11 19:00,164,80.66,191.11,104.02,0.06,69.15,0.24,,,,
2025-05-11 20:00,166,84.45,208.33,106.67,0.06,70.53,0.25,,,,
2025-05-11 21:00,168,89.16,226.39,109.82,0.06,72.01,0.26,,,,
2025-05-11 22:00,171,93.87,242.4,113.51,0.06,73.73,0.26,,,,
2025-05-11 23:00,173,98.13,254.54,117.21,0.06,75.51,0.26,,,,
2025-05-12 00:00,175,101.46,262.34,120.83,0.06,77.26,0.26,,,,
2025-05-12 00:00,175,101.46,262.34,120.83,0.06,77.26,0.26,,,,
2025-05-12 01:00,176,103.36,265.23,123.83,0.06,79.13,0.26,,,,
2025-05-12 02:00,176,103.6,263.1,126.25,0.07,80.91,0.27,,,,
2025-05-12 03:00,175,101.57,255.21,127.76,0.06,82.72,0.27,,,,
2025-05-12 04:00,172,97.09,242.02,127.72,0.04,83.97,0.28,,,,
2025-05-12 05:00,169,90.97,227.14,126.41,0.04,84.23,0.29,,,,
2025-05-12 06:00,166,83.91,212.93,124.12,0.03,82.8,0.3,,,,
2025-05-12 07:00,162,76.14,200.38,120.98,0.03,79.92,0.32,,,,
2025-05-12 08:00,158,68.32,189.84,117.0,0.03,76.02,0.33,,,,
2025-05-12 09:00,154,61.23,181.1,113.02,0.03,72.21,0.34,,,,
2025-05-12 10:00,149,55.1,174.24,109.6,0.04,69.25,0.35,,,,
2025-05-12 11:00,137,50.23,168.8,106.46,0.04,67.24,0.36,,,,
2025-05-12 12:00,130,47.24,165.72,104.64,0.05,66.15,0.37,,,,
2025-05-12 13:00,127,46.1,165.43,104.11,0.06,65.92,0.39,,,,
2025-05-12 14:00,127,46.1,166.36,104.42,0.08,66.34,0.41,,,,
2025-05-12 15:00,129,46.7,168.07,105.22,0.09,67.62,0.42,,,,
2025-05-12 16:00,130,47.36,169.18,106.02,0.08,69.06,0.43,,,,
2025-05-12 17:00,133,48.3,171.85,106.99,0.08,70.06,0.44,,,,
2025-05-12 18:00,136,49.53,176.82,107.65,0.08,70.44,0.46,,,,
2025-05-12 19:00,138,50.68,183.48,107.84,0.07,70.11,0.47,,,,
2025-05-12 20:00,141,51.61,190.41,107.78,0.07,69.75,0.47,,,,
2025-05-12 21:00,142,52.08,195.69,107.39,0.07,69.45,0.47,,,,
2025-05-12 22:00,142,52.05,198.79,106.78,0.07,69.47,0.46,,,,
2025-05-12 23:00,141,51.79,200.25,105.98,0.07,69.26,0.45,,,,
2025-05-13 00:00,140,51.32,200.99,105.12,0.07,68.76,0.44,,,,
2025-05-13 00:00,140,51.32,200.99,105.12,0.07,68.76,0.44,,,,
2025-05-13 01:00,139,50.77,201.03,104.32,0.07,67.99,0.44,,,,
2025-05-13 02:00,137,50.07,199.0,103.63,0.08,67.39,0.44,,,,
2025-05-13 03:00,134,49.05,192.75,103.03,0.08,67.59,0.44,,,,
2025-05-13 04:00,130,47.45,181.34,102.48,0.06,68.43,0.44,,,,
2025-05-13 05:00,126,45.82,169.16,102.09,0.05,69.27,0.43,,,,
2025-05-13 06:00,123,44.36,159.01,101.44,0.04,68.84,0.43,,,,
2025-05-13 07:00,120,43.17,152.15,100.57,0.04,66.96,0.42,,,,
2025-05-13 08:00,118,42.21,147.86,99.46,0.04,64.33,0.42,,,,
2025-05-13 09:00,116,41.42,144.8,98.5,0.04,61.71,0.41,,,,
2025-05-13 10:00,114,40.68,141.87,97.67,0.04,59.85,0.41,,,,
2025-05-13 11:00,112,39.81,137.44,96.96,0.05,58.89,0.42,,,,
2025-05-13 12:00,110,39.04,132.78,96.28,0.05,59.09,0.42,,,,
2025-05-13 13:00,109,38.58,129.18,96.21,0.07,60.2,0.42,,,,
2025-05-13 14:00,108,38.32,126.76,95.97,0.09,61.32,0.42,,,,
2025-05-13 15:00,108,38.16,125.5,95.81,0.09,62.3,0.42,,,,
2025-05-13 16:00,107,37.94,124.57,95.63,0.09,63.02,0.41,,,,
2025-05-13 17:00,107,37.81,124.5,95.38,0.09,63.5,0.42,,,,
2025-05-13 18:00,106,37.57,124.51,95.28,0.09,63.65,0.42,,,,
2025-05-13 19:00,105,36.97,123.87,94.8,0.09,63.51,0.43,,,,
2025-05-13 20:00,103,36.16,122.6,94.59,0.09,63.53,0.44,,,,
2025-05-13 21:00,100,35.25,120.9,94.31,0.09,63.72,0.44,,,,
2025-05-13 22:00,98,34.43,119.32,94.35,0.09,63.85,0.45,,,,
2025-05-13 23:00,97,33.79,118.26,94.49,0.09,63.93,0.45,,,,
2025-05-14 00:00,96,33.42,117.8,94.59,0.09,64.05,0.44,,,,
2025-05-14 00:00,96,33.42,117.8,94.59,0.09,64.05,0.44,,,,
2025-05-14 01:00,95,33.22,117.7,94.57,0.09,64.08,0.43,,,,
2025-05-14 02:00,95,33.24,118.31,94.3,0.1,63.45,0.43,,,,
2025-05-14 03:00,96,33.36,119.56,94.0,0.1,62.27,0.42,,,,
2025-05-14 04:00,96,33.58,120.78,93.78,0.09,60.87,0.42,,,,
2025-05-14 05:00,96,33.71,121.62,93.36,0.07,59.3,0.42,,,,
2025-05-14 06:00,97,33.74,121.85,93.0,0.07,57.87,0.41,,,,
2025-05-14 07:00,96,33.65,121.8,92.64,0.06,56.75,0.4,,,,
2025-05-14 08:00,96,33.43,121.56,92.31,0.05,55.89,0.4,,,,
2025-05-14 09:00,95,33.09,120.91,92.01,0.05,55.16,0.39,,,,
2025-05-14 10:00,94,32.73,119.99,92.09,0.05,55.0,0.4,,,,
2025-05-14 11:00,93,32.13,117.05,91.82,0.05,54.55,0.4,,,,
2025-05-14 12:00,91,31.35,112.91,91.61,0.06,54.3,0.4,,,,
2025-05-14 13:00,90,30.44,108.77,91.46,0.08,54.44,0.41,,,,
2025-05-14 14:00,87,29.25,104.51,91.11,0.1,54.35,0.41,,,,
2025-05-14 15:00,84,27.81,100.82,90.38,0.11,53.82,0.42,,,,
2025-05-14 16:00,81,26.28,97.81,89.57,0.11,52.92,0.42,,,,
2025-05-14 17:00,78,24.8,95.57,88.8,0.11,52.09,0.42,,,,
2025-05-14 18:00,75,23.42,93.75,88.06,0.11,51.37,0.43,,,,
2025-05-14 19:00,72,22.23,91.89,87.19,0.11,50.79,0.43,,,,
2025-05-14 20:00,71,21.44,90.53,86.5,0.11,50.56,0.43,,,,
2025-05-14 21:00,70,21.07,89.86,86.18,0.11,50.76,0.42,,,,
2025-05-14 22:00,70,21.11,90.02,85.98,0.11,51.38,0.41,,,,
2025-05-14 23:00,71,21.5,90.9,86.21,0.11,52.43,0.41,,,,
2025-05-15 00:00,72,22.14,92.38,86.5,0.11,53.87,0.41,,,,
2025-05-15 00:00,72,22.14,92.38,86.5,0.11,53.87,0.41,,,,
2025-05-15 01:00,74,22.96,94.3,86.87,0.11,55.76,0.43,,,,
2025-05-15 02:00,75,23.66,95.51,87.38,0.13,57.64,0.47,,,,
2025-05-15 03:00,76,23.99,95.57,87.77,0.13,59.09,0.5,,,,
2025-05-15 04:00,76,23.92,94.66,88.25,0.11,59.78,0.51,,,,
2025-05-15 05:00,75,23.58,93.45,88.48,0.09,59.68,0.5,,,,
2025-05-15 06:00,74,23.21,92.43,88.51,0.08,58.88,0.48,,,,
2025-05-15 07:00,73,22.72,91.34,88.38,0.07,57.59,0.47,,,,
2025-05-15 08:00,72,22.19,90.12,88.1,0.06,55.76,0.45,,,,
2025-05-15 09:00,71,21.61,88.72,87.79,0.06,54.0,0.43,,,,
2025-05-15 10:00,70,21.08,87.31,87.72,0.06,52.76,0.42,,,,
2025-05-15 11:00,68,20.42,85.29,87.27,0.06,51.82,0.41,,,,
2025-05-15 12:00,67,19.7,82.86,86.56,0.07,51.2,0.41,,,,
2025-05-15 13:00,66,19.13,81.33,86.4,0.09,51.15,0.43,,,,
2025-05-15 14:00,65,18.66,80.57,86.17,0.11,51.3,0.43,,,,
2025-05-15 15:00,64,18.37,80.53,86.02,0.12,51.57,0.44,,,,
2025-05-15 16:00,64,18.23,80.76,85.7,0.12,51.68,0.44,,,,
2025-05-15 17:00,64,18.2,80.87,85.47,0.12,51.79,0.44,,,,
2025-05-15 18:00,64,18.23,80.95,85.36,0.12,51.83,0.43,,,,
2025-05-15 19:00,64,18.24,80.58,84.96,0.12,51.65,0.43,,,,
2025-05-15 20:00,64,18.37,80.55,84.63,0.12,51.62,0.44,,,,
2025-05-15 21:00,65,18.67,81.01,84.42,0.12,51.64,0.45,,,,
2025-05-15 22:00,66,19.21,82.4,84.45,0.12,52.2,0.47,,,,
2025-05-15 23:00,68,19.98,84.7,84.62,0.12,53.17,0.5,,,,
2025-05-16 00:00,69,20.86,87.68,84.88,0.12,54.51,0.53,,,,
2025-05-16 00:00,69,20.86,87.68,84.88,0.12,54.51,0.53,,,,
2025-05-16 01:00,72,21.89,91.13,85.51,0.12,56.18,0.55,,,,
2025-05-16 02:00,74,22.95,94.57,86.15,0.14,58.04,0.57,,,,
2025-05-16 03:00,76,23.93,97.12,86.88,0.13,59.75,0.58,,,,
2025-05-16 04:00,77,24.48,98.08,87.2,0.11,60.45,0.56,,,,
2025-05-16 05:00,78,24.8,98.17,87.49,0.09,60.5,0.54,,,,
2025-05-16 06:00,78,25.06,98.08,87.75,0.07,60.59,0.53,,,,
2025-05-16 07:00,78,25.11,97.53,88.13,0.07,60.5,0.51,,,,
2025-05-16 08:00,77,24.6,95.54,87.96,0.06,59.72,0.5,,,,
2025-05-16 09:00,75,23.52,92.05,87.5,0.06,58.08,0.48,,,,
2025-05-16 10:00,72,22.1,87.52,87.17,0.06,56.33,0.45,,,,
2025-05-16 11:00,68,20.31,81.62,86.39,0.06,54.02,0.43,,,,
2025-05-16 12:00,65,18.52,75.87,85.44,0.07,51.68,0.4,,,,
2025-05-16 13:00,62,17.11,71.48,84.86,0.08,49.96,0.39,,,,
2025-05-16 14:00,59,16.01,68.33,84.23,0.1,48.51,0.39,,,,
2025-05-16 15:00,58,15.24,66.35,83.68,0.11,47.42,0.38,,,,
2025-05-16 16:00,57,14.74,65.49,83.16,0.11,46.65,0.39,,,,
2025-05-16 17:00,56,14.52,65.78,82.99,0.11,46.3,0.39,,,,
2025-05-16 18:00,56,14.45,66.83,82.87,0.11,46.17,0.4,,,,
2025-05-16 19:00,56,14.43,68.39,82.61,0.11,46.22,0.41,,,,
2025-05-16 20:00,56,14.52,70.28,82.52,0.11,46.52,0.42,,,,
2025-05-16 21:00,56,14.69,72.04,82.29,0.11,46.95,0.42,,,,
2025-05-16 22:00,57,15.1,74.17,82.17,0.1,48.06,0.44,,,,
2025-05-16 23:00,58,15.55,76.16,82.16,0.1,49.02,0.45,,,,
2025-05-17 00:00,59,15.87,77.53,81.98,0.1,49.32,0.46,,,,
2025-05-17 00:00,59,15.87,77.53,81.98,0.1,49.32,0.46,,,,
2025-05-17 01:00,60,16.19,79.25,81.94,0.1,49.85,0.46,,,,
2025-05-17 02:00,61,16.63,81.83,82.29,0.12,50.93,0.47,,,,
2025-05-17 03:00,61,17.01,84.12,82.47,0.12,51.8,0.48,,,,
2025-05-17 04:00,62,17.2,85.57,82.41,0.1,52.19,0.48,,,,
2025-05-17 05:00,61,17.03,85.1,82.17,0.08,51.2,0.47,,,,
2025-05-17 06:00,60,16.45,82.6,81.47,0.07,48.9,0.44,,,,
2025-05-17 07:00,59,15.69,78.88,81.02,0.06,46.41,0.4,,,,
2025-05-17 08:00,57,14.93,74.78,80.7,0.06,44.36,0.37,,,,
2025-05-17 09:00,56,14.3,70.96,80.53,0.05,42.93,0.35,,,,
2025-05-17 10:00,55,13.85,67.66,80.76,0.05,42.26,0.34,,,,
2025-05-17 11:00,54,13.5,64.9,80.72,0.05,42.04,0.33,,,,
2025-05-17 12:00,53,13.25,63.04,80.67,0.05,42.15,0.32,,,,
2025-05-17 13:00,53,13.14,62.33,80.7,0.06,42.62,0.32,,,,
2025-05-17 14:00,53,13.11,62.35,80.61,0.08,42.9,0.32,,,,
2025-05-17 15:00,53,13.11,62.84,80.34,0.09,42.92,0.32,,,,
2025-05-17 16:00,53,13.11,63.65,79.68,0.08,42.53,0.32,,,,
2025-05-17 17:00,53,13.11,64.75,79.17,0.08,42.02,0.33,,,,
2025-05-17 18:00,53,13.13,66.0,78.77,0.08,41.34,0.34,,,,
2025-05-17 19:00,53,13.13,67.3,78.36,0.08,40.76,0.34,,,,
2025-05-17 20:00,53,13.12,68.42,78.16,0.08,40.53,0.34,,,,
2025-05-17 21:00,53,13.11,69.43,78.07,0.08,40.34,0.33,,,,
2025-05-17 22:00,53,13.2,70.7,77.89,0.08,40.39,0.33,,,,
2025-05-17 23:00,54,13.38,72.02,78.0,0.08,40.64,0.33,,,,
2025-05-18 00:00,54,13.59,73.26,77.97,0.08,40.82,0.32,,,,
2025-05-18 00:00,54,13.59,73.26,77.97,0.08,40.82,0.32,,,,
2025-05-18 01:00,55,13.78,74.1,78.01,0.07,40.98,0.3,,,,
2025-05-18 02:00,55,14.0,74.68,78.07,0.08,41.34,0.29,,,,
2025-05-18 03:00,55,14.19,74.53,78.15,0.08,41.95,0.28,,,,
2025-05-18 04:00,55,14.22,73.71,78.17,0.06,42.55,0.26,,,,
2025-05-18 05:00,55,14.13,72.68,78.12,0.05,42.79,0.25,,,,
2025-05-18 06:00,55,13.95,71.42,78.27,0.05,42.91,0.25,,,,
2025-05-18 07:00,54,13.65,69.9,78.52,0.04,43.08,0.24,,,,
2025-05-18 08:00,53,13.28,67.83,78.31,0.04,42.33,0.23,,,,
2025-05-18 09:00,53,12.9,65.99,77.9,0.03,41.1,0.22,,,,
2025-05-18 10:00,52,12.65,64.84,77.56,0.03,39.79,0.22,,,,
2025-05-18 11:00,52,12.46,63.9,77.19,0.03,38.97,0.21,,,,
2025-05-18 12:00,51,12.31,63.0,77.0,0.04,38.88,0.21,,,,
2025-05-18 13:00,51,12.27,62.43,77.48,0.04,39.9,0.21,,,,
2025-05-18 14:00,51,12.3,61.79,78.23,0.06,41.46,0.21,,,,
2025-05-18 15:00,51,12.31,60.58,79.01,0.06,43.26,0.21,,,,
2025-05-18 16:00,51,12.13,58.01,79.68,0.06,44.96,0.21,,,,
2025-05-18 17:00,49,11.78,54.57,80.24,0.06,46.32,0.21,,,,
2025-05-18 18:00,47,11.34,51.21,80.69,0.06,47.1,0.21,,,,
2025-05-18 19:00,45,10.82,48.12,80.8,0.06,47.55,0.2,,,,
2025-05-18 20:00,43,10.32,45.81,81.14,0.06,47.92,0.2,,,,
2025-05-18 21:00,41,9.9,44.29,81.35,0.06,48.13,0.19,,,,
2025-05-18 22:00,40,9.59,43.33,81.48,0.06,48.39,0.18,,,,
2025-05-18 23:00,39,9.32,42.54,81.48,0.05,48.63,0.16,,,,
2025-05-19 00:00,38,9.06,41.68,81.5,0.05,48.83,0.15,,,,
2025-05-19 00:00,38,9.06,41.68,81.5,0.05,48.83,0.15,,,,
2025-05-19 01:00,37,8.8,40.69,81.43,0.05,48.95,0.14,,,,
2025-05-19 02:00,36,8.55,39.94,81.34,0.06,48.84,0.14,,,,
2025-05-19 03:00,35,8.29,39.26,81.2,0.06,48.39,0.14,,,,
2025-05-19 04:00,33,7.97,38.37,80.8,0.05,47.58,0.13,,,,
2025-05-19 05:00,32,7.67,37.49,80.4,0.04,46.49,0.14,,,,
2025-05-19 06:00,31,7.39,36.62,79.8,0.04,45.04,0.14,,,,
2025-05-19 07:00,30,7.11,35.68,79.35,0.03,43.32,0.14,,,,
2025-05-19 08:00,29,6.85,34.64,78.91,0.03,41.85,0.14,,,,
2025-05-19 09:00,28,6.64,33.74,78.9,0.03,40.78,0.13,,,,
2025-05-19 10:00,27,6.5,33.05,79.13,0.03,40.43,0.13,,,,
2025-05-19 11:00,27,6.38,32.47,79.27,0.03,40.35,0.13,,,,
2025-05-19 12:00,26,6.3,32.14,79.26,0.03,40.44,0.13,,,,
2025-05-19 13:00,26,6.25,32.06,79.5,0.04,40.69,0.14,,,,
2025-05-19 14:00,26,6.21,32.03,79.58,0.05,40.76,0.14,,,,
2025-05-19 15:00,26,6.13,31.8,79.78,0.05,40.85,0.15,,,,
2025-05-19 16:00,25,6.01,31.26,80.21,0.05,41.24,0.15,,,,
2025-05-19 17:00,24,5.84,30.15,80.63,0.05,41.86,0.15,,,,
2025-05-19 18:00,23,5.55,28.36,81.13,0.05,42.51,0.16,,,,
2025-05-19 19:00,22,5.18,26.06,81.33,0.05,43.07,0.16,,,,
2025-05-19 20:00,20,4.83,23.78,81.77,0.05,43.78,0.15,,,,
2025-05-19 21:00,19,4.55,21.9,82.25,0.05,44.49,0.15,,,,
2025-05-19 22:00,18,4.36,20.43,82.46,0.05,45.11,0.14,,,,
2025-05-19 23:00,18,4.23,19.28,82.79,0.05,45.58,0.13,,,,
2025-05-20 00:00,17,4.13,18.34,82.97,0.05,45.75,0.13,,,,
2025-05-20 00:00,17,4.13,18.34,82.97,0.05,45.75,0.13,,,,
2025-05-20 01:00,17,4.08,17.62,82.9,0.05,45.77,0.13,,,,
2025-05-20 02:00,17,4.08,17.18,82.88,0.05,45.54,0.13,,,,
2025-05-20 03:00,17,4.15,17.11,82.63,0.05,44.98,0.13,,,,
2025-05-20 04:00,18,4.29,17.49,82.49,0.04,44.2,0.13,,,,
2025-05-20 05:00,19,4.52,18.28,82.35,0.04,43.53,0.13,,,,
2025-05-20 06:00,20,4.81,19.41,82.52,0.03,42.82,0.13,,,,
2025-05-20 07:00,22,5.18,20.9,82.72,0.03,42.26,0.13,,,,
2025-05-20 08:00,23,5.59,22.61,83.23,0.03,41.99,0.13,,,,
2025-05-20 09:00,25,6.04,24.43,83.92,0.03,41.96,0.13,,,,
2025-05-20 10:00,27,6.54,26.43,84.86,0.03,42.37,0.14,,,,
2025-05-20 11:00,29,7.07,28.43,85.86,0.03,43.01,0.14,,,,
2025-05-20 12:00,32,7.61,30.39,86.89,0.03,43.97,0.14,,,,
2025-05-20 13:00,34,8.17,32.34,88.11,0.04,45.26,0.14,,,,
2025-05-20 14:00,36,8.74,34.12,89.33,0.05,46.63,0.14,,,,
2025-05-20 15:00,39,9.3,35.78,90.24,0.05,47.84,0.15,,,,
2025-05-20 16:00,41,9.72,36.79,91.06,0.06,48.93,0.15,,,,
2025-05-20 17:00,41,9.93,36.96,91.77,0.06,50.03,0.15,,,,
2025-05-20 18:00,41,9.87,36.18,92.22,0.06,51.08,0.16,,,,
2025-05-20 19:00,40,9.48,34.31,92.13,0.05,51.79,0.16,,,,
2025-05-20 20:00,37,8.92,31.97,91.82,0.05,52.3,0.15,,,,
2025-05-20 21:00,35,8.32,29.64,91.4,0.05,52.57,0.15,,,,
2025-05-20 22:00,32,7.78,27.66,90.79,0.05,52.68,0.15,,,,
2025-05-20 23:00,31,7.34,26.07,90.21,0.05,52.58,0.15,,,,
2025-05-21 00:00,29,7.01,24.9,89.72,0.05,52.48,0.16,,,,
2025-05-21 00:00,29,7.01,24.9,89.72,0.05,52.48,0.16,,,,
2025-05-21 01:00,28,6.76,24.06,89.45,0.05,52.28,0.16,,,,
2025-05-21 02:00,27,6.48,23.01,88.79,0.06,51.73,0.16,,,,
2025-05-21 03:00,26,6.12,21.78,88.08,0.06,50.82,0.16,,,,
2025-05-21 04:00,24,5.74,20.49,87.04,0.05,49.63,0.16,,,,
2025-05-21 05:00,23,5.45,19.44,86.2,0.04,48.38,0.16,,,,
2025-05-21 06:00,22,5.21,18.58,85.56,0.03,46.91,0.16,,,,
2025-05-21 07:00,21,4.97,17.69,84.97,0.03,45.41,0.15,,,,
2025-05-21 08:00,20,4.72,16.8,84.49,0.03,43.88,0.14,,,,
2025-05-21 09:00,19,4.51,16.09,84.1,0.03,42.42,0.14,,,,
2025-05-21 10:00,18,4.31,15.67,84.27,0.03,41.65,0.13,,,,
2025-05-21 11:00,17,4.1,15.5,84.36,0.03,41.26,0.12,,,,
2025-05-21 12:00,16,3.93,15.42,84.4,0.03,41.06,0.12,,,,
2025-05-21 13:00,16,3.84,15.37,84.57,0.04,41.04,0.12,,,,
2025-05-21 14:00,16,3.78,15.14,84.52,0.05,40.81,0.13,,,,
2025-05-21 15:00,16,3.73,14.84,84.27,0.06,40.49,0.13,,,,
2025-05-21 16:00,15,3.69,14.64,83.97,0.06,40.26,0.13,,,,
2025-05-21 17:00,15,3.63,14.43,84.06,0.06,40.16,0.13,,,,
2025-05-21 18:00,15,3.59,14.14,84.21,0.06,40.12,0.13,,,,
2025-05-21 19:00,15,3.55,13.74,84.16,0.06,40.05,0.13,,,,
2025-05-21 20:00,15,3.58,13.58,84.35,0.06,40.19,0.13,,,,
2025-05-21 21:00,15,3.68,13.74,84.66,0.06,40.56,0.13,,,,
2025-05-21 22:00,16,3.88,14.5,85.41,0.06,41.43,0.13,,,,
2025-05-21 23:00,18,4.21,15.86,86.38,0.06,42.43,0.13,,,,
2025-05-22 00:00,19,4.64,17.55,87.32,0.06,43.49,0.13,,,,
2025-05-22 00:00,19,4.64,17.55,87.32,0.06,43.49,0.13,,,,
2025-05-22 01:00,21,5.15,19.5,88.24,0.05,44.34,0.13,,,,
2025-05-22 02:00,24,5.8,21.63,89.42,0.06,45.1,0.13,,,,
2025-05-22 03:00,28,6.62,23.67,90.53,0.05,45.68,0.13,,,,
2025-05-22 04:00,31,7.55,25.65,91.6,0.04,45.97,0.13,,,,
2025-05-22 05:00,36,8.57,27.57,92.82,0.04,45.85,0.14,,,,
2025-05-22 06:00,40,9.66,29.53,94.32,0.03,45.32,0.14,,,,
2025-05-22 07:00,45,10.81,31.58,95.88,0.03,44.58,0.15,,,,
2025-05-22 08:00,49,11.85,33.43,97.59,0.03,43.77,0.16,,,,
2025-05-22 09:00,52,12.65,34.89,99.32,0.03,43.14,0.16,,,,
2025-05-22 10:00,53,13.2,36.13,101.24,0.03,43.07,0.16,,,,
2025-05-22 11:00,54,13.49,37.05,102.74,0.04,43.35,0.17,,,,
2025-05-22 12:00,54,13.61,37.84,103.81,0.04,43.92,0.17,,,,
2025-05-22 13:00,54,13.65,39.14,104.92,0.05,44.94,0.17,,,,
2025-05-22 14:00,54,13.72,40.72,105.48,0.07,45.8,0.17,,,,
2025-05-22 15:00,55,13.86,42.44,105.84,0.07,46.57,0.17,,,,
2025-05-22 16:00,55,13.97,43.98,105.72,0.07,47.12,0.18,,,,
2025-05-22 17:00,55,14.0,45.36,105.62,0.07,47.73,0.18,,,,
2025-05-22 18:00,55,13.92,46.62,105.18,0.07,48.36,0.17,,,,
2025-05-22 19:00,54,13.68,47.5,104.02,0.06,48.77,0.17,,,,
2025-05-22 20:00,54,13.35,48.51,102.76,0.06,49.1,0.17,,,,
2025-05-22 21:00,53,12.96,49.41,101.29,0.06,49.15,0.18,,,,
2025-05-22 22:00,52,12.54,50.26,99.78,0.06,48.93,0.19,,,,
2025-05-22 23:00,500,12.09,51.03,98.18,0.06,48.51,0.19,,,,
2025-05-23 00:00,49,11.7,51.78,96.75,0.06,48.06,0.2,,,,
2025-05-23 00:00,49,11.7,51.78,96.75,0.06,48.06,0.2,,,,
2025-05-23 01:00,48,11.4,52.56,95.59,0.06,47.64,0.2,,,,
2025-05-23 02:00,47,11.2,53.34,94.36,0.06,47.2,0.2,,,,
2025-05-23 03:00,46,11.08,54.25,93.43,0.06,46.72,0.21,,,,
2025-05-23 04:00,46,11.09,55.73,92.97,0.05,46.44,0.22,,,,
2025-05-23 05:00,47,11.17,57.15,92.83,0.04,46.2,0.22,,,,
2025-05-23 06:00,47,11.24,58.21,92.88,0.04,45.69,0.21,,,,
2025-05-23 07:00,47,11.24,58.78,92.92,0.03,44.89,0.2,,,,
2025-05-23 08:00,47,11.18,58.99,92.68,0.03,43.92,0.19,,,,
2025-05-23 09:00,46,11.07,58.81,92.64,0.03,42.8,0.19,,,,
2025-05-23 10:00,45,10.9,58.17,92.57,0.03,41.69,0.18,,,,
2025-05-23 11:00,44,10.61,56.53,92.21,0.03,40.8,0.19,,,,
2025-05-23 12:00,43,10.33,54.76,91.99,0.04,40.46,0.19,,,,
2025-05-23 13:00,42,10.15,53.96,92.41,0.05,40.82,0.19,,,,
2025-05-23 14:00,42,10.12,54.0,92.86,0.06,41.58,0.19,,,,
2025-05-23 15:00,43,10.22,54.8,93.39,0.06,42.55,0.2,,,,
2025-05-23 16:00,43,10.39,55.56,93.7,0.06,43.29,0.2,,,,
2025-05-23 17:00,44,10.61,56.31,93.87,0.06,43.72,0.21,,,,
2025-05-23 18:00,46,11.0,58.04,93.75,0.06,44.39,0.23,,,,
2025-05-23 19:00,48,11.43,60.05,93.11,0.06,44.99,0.24,,,,
2025-05-23 20:00,49,11.74,61.51,92.42,0.06,45.49,0.25,,,,
2025-05-23 21:00,50,11.93,62.27,91.7,0.06,45.56,0.26,,,,
2025-05-23 22:00,500,12.05,62.66,90.9,0.06,45.02,0.27,,,,
2025-05-23 23:00,51,12.21,62.59,90.18,0.07,44.1,0.29,,,,
2025-05-24 00:00,52,12.46,62.55,89.49,0.07,43.21,0.3,,,,
2025-05-24 00:00,52,12.46,62.55,89.49,0.07,43.21,0.3,,,,
2025-05-24 01:00,53,12.82,63.14,89.26,0.07,43.1,0.3,,,,
2025-05-24 02:00,53,13.19,63.97,89.54,0.08,43.82,0.3,,,,
2025-05-24 03:00,54,13.52,64.92,89.88,0.07,45.26,0.29,,,,
2025-05-24 04:00,55,13.77,65.81,90.25,0.06,47.27,0.27,,,,
2025-05-24 05:00,55,14.08,67.1,90.84,0.05,49.37,0.25,,,,
2025-05-24 06:00,56,14.41,68.41,91.25,0.04,50.94,0.24,,,,
2025-05-24 07:00,56,14.71,69.64,91.39,0.03,51.76,0.22,,,,
2025-05-24 08:00,57,15.0,70.74,91.3,0.03,51.61,0.21,,,,
2025-05-24 09:00,58,15.24,71.64,90.95,0.03,50.74,0.2,,,,
2025-05-24 10:00,58,15.46,72.5,90.7,0.03,49.95,0.2,,,,
2025-05-24 11:00,58,15.52,72.37,90.03,0.03,48.76,0.2,,,,
2025-05-24 12:00,58,15.43,71.3,89.3,0.03,47.63,0.21,,,,
2025-05-24 13:00,58,15.29,69.64,89.04,0.04,47.02,0.22,,,,
2025-05-24 14:00,57,15.1,67.62,89.07,0.06,47.17,0.22,,,,
2025-05-24 15:00,57,14.99,65.69,89.51,0.06,48.02,0.23,,,,
2025-05-24 16:00,57,14.94,64.04,90.02,0.06,49.33,0.23,,,,
2025-05-24 17:00,57,15.02,62.77,90.66,0.06,50.55,0.23,,,,
2025-05-24 18:00,58,15.23,62.19,90.95,0.06,51.55,0.24,,,,
2025-05-24 19:00,58,15.55,62.12,90.92,0.06,52.05,0.24,,,,
2025-05-24 20:00,59,15.99,62.89,90.67,0.06,52.62,0.25,,,,
2025-05-24 21:00,60,16.46,64.1,90.53,0.06,53.13,0.26,,,,
2025-05-24 22:00,61,16.97,65.7,90.1,0.06,53.51,0.26,,,,
2025-05-24 23:00,62,17.35,66.82,89.46,0.06,53.36,0.27,,,,
2025-05-25 00:00,62,17.51,67.04,89.04,0.06,53.12,0.28,,,,
2025-05-25 00:00,62,17.51,67.04,89.04,0.06,53.12,0.28,,,,
2025-05-25 01:00,62,17.48,66.61,89.0,0.06,52.94,0.28,,,,
2025-05-25 02:00,62,17.26,65.61,89.04,0.07,52.91,0.27,,,,
2025-05-25 03:00,61,16.98,64.55,88.81,0.07,52.39,0.27,,,,
2025-05-25 04:00,61,16.74,63.71,88.2,0.06,51.39,0.27,,,,
2025-05-25 05:00,60,16.57,63.32,87.39,0.05,50.01,0.27,,,,
2025-05-25 06:00,60,16.41,63.01,86.52,0.05,48.58,0.27,,,,
2025-05-25 07:00,60,16.18,62.3,85.8,0.04,47.29,0.26,,,,
2025-05-25 08:00,59,15.96,61.52,85.45,0.04,46.13,0.26,,,,
2025-05-25 09:00,59,15.81,60.86,85.03,0.04,45.01,0.26,,,,
2025-05-25 10:00,59,15.78,60.74,85.01,0.04,44.17,0.26,,,,
2025-05-25 11:00,59,15.93,61.22,84.68,0.04,43.32,0.26,,,,
2025-05-25 12:00,60,16.31,62.31,84.55,0.04,42.84,0.27,,,,
2025-05-25 13:00,61,16.91,63.89,85.01,0.05,43.11,0.27,,,,
2025-05-25 14:00,63,17.63,65.4,86.03,0.07,43.96,0.28,,,,
2025-05-25 15:00,64,18.34,66.54,87.94,0.08,45.52,0.29,,,,
2025-05-25 16:00,65,18.89,66.98,90.29,0.07,47.3,0.3,,,,
2025-05-25 17:00,66,19.21,66.66,92.52,0.07,49.07,0.3,,,,
2025-05-25 18:00,66,19.38,66.16,94.27,0.07,50.49,0.29,,,,
2025-05-25 19:00,66,19.41,65.65,94.95,0.07,51.31,0.29,,,,
2025-05-25 20:00,66,19.47,66.01,95.09,0.07,51.72,0.29,,,,
2025-05-25 21:00,67,19.57,67.08,94.47,0.06,51.6,0.29,,,,
2025-05-25 22:00,67,19.63,68.36,93.78,0.06,51.39,0.3,,,,
2025-05-25 23:00,67,19.62,69.06,93.27,0.06,51.22,0.3,,,,
2025-05-26 00:00,67,19.6,69.27,93.33,0.06,51.41,0.3,,,,
2025-05-26 00:00,67,19.6,69.27,93.33,0.06,51.41,0.3,,,,
2025-05-26 01:00,67,19.52,68.65,93.62,0.06,51.96,0.3,,,,
2025-05-26 02:00,66,19.3,67.34,94.21,0.07,52.84,0.29,,,,
2025-05-26 03:00,65,18.93,65.48,94.76,0.07,53.83,0.28,,,,
2025-05-26 04:00,64,18.49,63.36,94.99,0.05,54.64,0.26,,,,
2025-05-26 05:00,64,18.4,62.71,95.13,0.04,54.65,0.25,,,,
2025-05-26 06:00,65,18.54,62.99,94.78,0.04,53.81,0.24,,,,
2025-05-26 07:00,65,18.88,64.05,93.99,0.03,52.15,0.23,,,,
2025-05-26 08:00,66,19.41,65.64,93.11,0.03,50.33,0.23,,,,
2025-05-26 09:00,68,20.14,67.83,92.26,0.03,48.78,0.22,,,,
2025-05-26 10:00,70,21.3,71.41,91.67,0.03,47.68,0.22,,,,
2025-05-26 11:00,74,22.84,76.59,90.88,0.03,46.8,0.23,,,,
2025-05-26 12:00,77,24.51,82.27,90.2,0.04,46.37,0.24,,,,
2025-05-26 13:00,81,26.13,87.88,89.78,0.05,46.31,0.25,,,,
2025-05-26 14:00,83,27.27,92.03,89.46,0.06,46.23,0.25,,,,
2025-05-26 15:00,84,27.69,94.05,89.26,0.07,46.18,0.26,,,,
2025-05-26 16:00,83,27.3,93.79,89.24,0.07,46.17,0.26,,,,
2025-05-26 17:00,81,26.49,92.69,89.36,0.07,46.26,0.27,,,,
2025-05-26 18:00,79,25.52,91.56,89.35,0.07,46.36,0.28,,,,
2025-05-26 19:00,77,24.6,90.26,89.62,0.07,46.97,0.29,,,,
2025-05-26 20:00,76,23.94,88.88,90.75,0.07,48.42,0.29,,,,
2025-05-26 21:00,75,23.54,87.71,92.43,0.07,50.27,0.3,,,,
2025-05-26 22:00,75,23.28,86.52,94.17,0.07,51.91,0.31,,,,
2025-05-26 23:00,74,23.07,85.14,95.23,0.07,52.75,0.31,,,,
2025-05-27 00:00,74,23.01,84.36,95.1,0.07,52.4,0.32,,,,
2025-05-27 00:00,74,23.01,84.36,95.1,0.07,52.4,0.32,,,,
2025-05-27 01:00,74,23.15,84.54,93.85,0.07,51.36,0.33,,,,
2025-05-27 02:00,75,23.43,85.41,92.41,0.08,50.28,0.34,,,,
2025-05-27 03:00,76,23.8,86.48,91.14,0.08,49.68,0.34,,,,
2025-05-27 04:00,76,24.14,87.03,90.19,0.07,49.54,0.34,,,,
2025-05-27 05:00,77,24.61,88.07,89.57,0.06,49.68,0.33,,,,
2025-05-27 06:00,79,25.24,90.18,89.11,0.05,49.78,0.32,,,,
2025-05-27 07:00,80,26.08,93.46,89.17,0.04,50.32,0.3,,,,
2025-05-27 08:00,82,27.04,97.02,89.42,0.04,50.53,0.29,,,,
2025-05-27 09:00,84,27.9,99.78,89.38,0.04,50.26,0.29,,,,
2025-05-27 10:00,86,28.65,101.99,89.39,0.04,49.61,0.29,,,,
2025-05-27 11:00,87,29.09,103.45,88.64,0.04,48.47,0.3,,,,
2025-05-27 12:00,87,29.09,104.24,87.49,0.04,46.99,0.3,,,,
2025-05-27 13:00,86,28.72,104.51,86.56,0.06,45.8,0.32,,,,
2025-05-27 14:00,85,28.04,104.15,85.56,0.07,44.9,0.33,,,,
2025-05-27 15:00,83,27.39,103.96,85.2,0.08,44.76,0.35,,,,
2025-05-27 16:00,82,26.9,104.1,85.0,0.08,45.31,0.37,,,,
2025-05-27 17:00,81,26.55,104.67,85.1,0.08,45.91,0.37,,,,
2025-05-27 18:00,81,26.35,105.65,85.0,0.08,46.22,0.38,,,,
2025-05-27 19:00,81,26.23,106.74,84.34,0.08,46.03,0.38,,,,
2025-05-27 20:00,81,26.35,108.24,83.86,0.09,45.86,0.39,,,,
2025-05-27 21:00,82,26.61,109.77,83.95,0.09,46.07,0.4,,,,
2025-05-27 22:00,82,26.9,111.01,84.35,0.09,46.67,0.41,,,,
2025-05-27 23:00,83,27.15,111.48,84.85,0.09,47.28,0.41,,,,
2025-05-28 00:00,83,27.4,111.46,85.26,0.09,47.91,0.41,,,,
2025-05-28 00:00,83,27.4,111.46,85.26,0.09,47.91,0.41,,,,
2025-05-28 01:00,84,27.73,111.6,85.77,0.09,48.6,0.41,,,,
2025-05-28 02:00,85,28.27,112.53,86.47,0.1,49.91,0.42,,,,
2025-05-28 03:00,87,29.02,114.04,87.45,0.1,52.05,0.42,,,,
2025-05-28 04:00,88,29.88,115.54,88.84,0.08,54.8,0.43,,,,
2025-05-28 05:00,90,30.61,116.17,89.84,0.07,56.49,0.42,,,,
2025-05-28 06:00,91,31.23,116.08,90.2,0.06,56.4,0.41,,,,
2025-05-28 07:00,92,31.77,115.72,89.99,0.06,55.33,0.4,,,,
2025-05-28 08:00,93,32.2,115.1,89.69,0.05,54.31,0.38,,,,
2025-05-28 09:00,94,32.62,114.54,89.57,0.05,53.73,0.38,,,,
2025-05-28 10:00,95,33.1,114.43,90.1,0.05,53.84,0.38,,,,
2025-05-28 11:00,96,33.41,114.06,90.43,0.05,54.09,0.38,,,,
2025-05-28 12:00,96,33.48,113.88,90.56,0.06,54.14,0.39,,,,
2025-05-28 13:00,96,33.33,114.54,90.53,0.08,53.76,0.4,,,,
2025-05-28 14:00,95,32.84,115.24,89.45,0.1,52.48,0.4,,,,
2025-05-28 15:00,93,32.06,116.0,87.87,0.11,50.68,0.41,,,,
2025-05-28 16:00,91,31.27,117.21,86.1,0.11,49.21,0.41,,,,
2025-05-28 17:00,90,30.65,118.77,84.4,0.11,48.25,0.42,,,,
2025-05-28 18:00,89,30.14,119.78,82.93,0.11,47.51,0.43,,,,
2025-05-28 19:00,88,29.68,120.59,81.77,0.11,46.72,0.44,,,,
2025-05-28 20:00,88,29.48,122.36,80.94,0.11,46.44,0.44,,,,
2025-05-28 21:00,88,29.48,124.79,80.5,0.11,46.56,0.43,,,,
2025-05-28 22:00,88,29.65,127.19,80.47,0.11,47.02,0.43,,,,
2025-05-28 23:00,89,30.0,129.66,80.72,0.11,47.66,0.44,,,,
2025-05-29 00:00,90,30.49,132.42,80.95,0.11,48.24,0.46,,,,
2025-05-29 00:00,90,30.49,132.42,80.95,0.11,48.24,0.46,,,,
2025-05-29 01:00,91,31.16,135.71,81.37,0.11,49.07,0.47,,,,
2025-05-29 02:00,93,31.86,137.87,81.98,0.12,50.13,0.48,,,,
2025-05-29 03:00,94,32.57,139.8,82.79,0.13,51.82,0.48,,,,
2025-05-29 04:00,95,33.19,140.4,83.65,0.1,53.72,0.47,,,,
2025-05-29 05:00,97,33.86,139.12,84.38,0.09,55.09,0.45,,,,
2025-05-29 06:00,98,34.63,136.59,85.2,0.07,56.34,0.44,,,,
2025-05-29 07:00,101,35.53,134.06,86.41,0.07,57.67,0.42,,,,
2025-05-29 08:00,103,36.39,132.06,87.6,0.06,58.95,0.41,,,,
2025-05-29 09:00,105,37.18,131.07,88.75,0.06,60.18,0.39,,,,
2025-05-29 10:00,107,38.08,131.33,90.32,0.06,61.81,0.39,,,,
2025-05-29 11:00,109,38.72,131.65,91.23,0.06,63.29,0.39,,,,
2025-05-29 12:00,110,39.09,133.5,91.45,0.06,64.22,0.41,,,,
2025-05-29 13:00,111,39.5,139.34,91.66,0.08,65.57,0.43,,,,
2025-05-29 14:00,111,39.75,142.5,91.64,0.1,65.28,0.46,,,,
2025-05-29 15:00,111,39.56,143.1,91.52,0.11,63.72,0.49,,,,
2025-05-29 16:00,109,38.64,142.66,90.8,0.11,62.18,0.49,,,,
2025-05-29 17:00,107,37.77,142.94,90.05,0.1,61.1,0.49,,,,
2025-05-29 18:00,105,37.32,145.13,88.67,0.1,59.61,0.49,,,,
2025-05-29 19:00,105,37.05,150.06,87.49,0.09,59.77,0.47,,,,
2025-05-29 20:00,106,37.34,155.86,86.76,0.09,60.64,0.46,,,,
2025-05-29 21:00,106,37.66,160.01,85.74,0.08,60.36,0.47,,,,
2025-05-29 22:00,106,37.68,161.63,84.83,0.08,59.92,0.47,,,,
2025-05-29 23:00,106,37.59,159.49,84.35,0.08,60.1,0.48,,,,
2025-05-30 00:00,106,37.47,156.54,84.32,0.08,61.35,0.49,,,,
2025-05-30 00:00,106,37.47,156.54,84.32,0.08,61.35,0.49,,,,
2025-05-30 01:00,105,37.24,153.13,84.84,0.08,64.06,0.48,,,,
2025-05-30 02:00,104,36.77,148.61,85.77,0.09,67.04,0.48,,,,
2025-05-30 03:00,103,36.13,143.86,86.79,0.08,70.13,0.48,,,,
2025-05-30 04:00,101,35.5,139.91,87.74,0.07,73.01,0.47,,,,
2025-05-30 05:00,100,35.26,137.17,88.77,0.05,74.78,0.46,,,,
2025-05-30 06:00,100,35.2,134.68,89.5,0.04,74.69,0.45,,,,
2025-05-30 07:00,99,35.15,132.65,89.81,0.04,72.76,0.44,,,,
2025-05-30 08:00,99,35.03,130.86,90.03,0.04,69.9,0.42,,,,
2025-05-30 09:00,99,34.95,129.47,90.16,0.04,67.49,0.41,,,,
2025-05-30 10:00,99,34.96,128.51,90.79,0.04,66.31,0.4,,,,
2025-05-30 11:00,99,35.03,127.52,91.21,0.04,65.58,0.4,,,,
2025-05-30 12:00,100,35.2,127.45,91.52,0.05,64.94,0.4,,,,
2025-05-30 13:00,500,35.46,128.27,91.29,0.06,63.71,0.41,,,,
2025-05-30 14:00,101,35.62,129.28,90.41,0.07,61.77,0.42,,,,
2025-05-30 15:00,102,35.81,130.69,89.42,0.08,60.21,0.42,,,,
2025-05-30 16:00,102,35.97,132.41,88.76,0.08,60.32,0.42,,,,
2025-05-30 17:00,102,36.09,134.41,88.81,0.08,61.8,0.43,,,,
2025-05-30 18:00,102,36.06,135.6,88.88,0.08,62.78,0.43,,,,
2025-05-30 19:00,101,35.62,135.93,88.29,0.08,62.69,0.44,,,,
2025-05-30 20:00,99,35.15,136.37,87.86,0.08,62.37,0.46,,,,
2025-05-30 21:00,98,34.66,136.5,87.32,0.08,61.81,0.47,,,,
2025-05-30 22:00,97,34.1,135.69,87.31,0.08,62.31,0.47,,,,
2025-05-30 23:00,96,33.66,133.82,87.3,0.07,63.27,0.46,,,,
2025-05-31 00:00,96,33.56,132.38,87.24,0.07,63.73,0.45,,,,
2025-05-31 00:00,96,33.56,132.38,87.24,0.07,63.73,0.45,,,,
2025-05-31 01:00,96,33.73,131.99,87.33,0.07,64.84,0.44,,,,
2025-05-31 02:00,97,34.04,132.4,87.75,0.08,65.96,0.43,,,,
2025-05-31 03:00,98,34.32,132.67,87.94,0.08,66.73,0.43,,,,
2025-05-31 04:00,98,34.57,132.21,88.02,0.06,67.02,0.42,,,,
2025-05-31 05:00,99,34.83,131.79,88.04,0.05,66.65,0.42,,,,
2025-05-31 06:00,99,35.02,131.42,87.81,0.05,65.13,0.41,,,,
2025-05-31 07:00,99,35.03,130.9,87.43,0.04,63.04,0.4,,,,
2025-05-31 08:00,99,34.87,130.2,86.93,0.04,60.75,0.39,,,,
2025-05-31 09:00,98,34.66,129.24,86.47,0.04,58.66,0.38,,,,
2025-05-31 10:00,98,34.44,128.49,86.27,0.04,57.12,0.38,,,,
2025-05-31 11:00,97,34.16,127.82,85.59,0.04,55.98,0.39,,,,
2025-05-31 12:00,97,33.96,128.04,84.88,0.05,55.13,0.4,,,,
2025-05-31 13:00,97,33.89,129.42,84.2,0.06,54.63,0.41,,,,
2025-05-31 14:00,96,33.63,130.47,83.18,0.07,53.92,0.42,,,,
2025-05-31 15:00,95,33.2,130.33,81.99,0.08,52.81,0.42,,,,
2025-05-31 16:00,94,32.59,128.87,81.01,0.08,52.47,0.42,,,,
2025-05-31 17:00,93,32.0,126.83,80.93,0.08,53.32,0.41,,,,
2025-05-31 18:00,92,31.42,124.74,81.53,0.08,55.01,0.41,,,,
2025-05-31 19:00,90,30.76,122.37,82.01,0.08,56.43,0.4,,,,
2025-05-31 20:00,89,30.27,119.99,81.88,0.07,56.77,0.41,,,,
2025-05-31 21:00,89,29.97,117.89,81.58,0.07,56.59,0.41,,,,
2025-05-31 22:00,89,29.98,116.83,81.72,0.08,56.73,0.42,,,,
2025-05-31 23:00,90,30.55,117.19,82.19,0.08,57.14,0.43,,,,
2025-06-01 00:00,92,31.7,119.02,82.56,0.08,57.6,0.44,,,,
2025-06-01 00:00,92,31.7,119.02,82.56,0.08,57.6,0.44,,,,
2025-06-01 01:00,96,33.48,122.17,83.28,0.08,58.8,0.46,,,,
2025-06-01 02:00,102,35.74,125.89,84.3,0.09,61.13,0.47,,,,
2025-06-01 03:00,108,38.4,129.82,86.11,0.09,63.78,0.47,,,,
2025-06-01 04:00,114,40.95,133.41,87.57,0.08,65.87,0.47,,,,
2025-06-01 05:00,119,42.82,135.78,88.63,0.06,66.46,0.46,,,,
2025-06-01 06:00,121,43.74,137.14,88.74,0.05,65.47,0.45,,,,
2025-06-01 07:00,122,43.83,137.85,88.25,0.05,63.44,0.44,,,,
2025-06-01 08:00,120,43.38,137.58,87.26,0.04,60.59,0.44,,,,
2025-06-01 09:00,119,42.7,136.82,86.16,0.04,57.36,0.44,,,,
2025-06-01 10:00,117,42.1,136.16,85.04,0.04,54.26,0.44,,,,
2025-06-01 11:00,115,41.19,134.25,83.49,0.05,51.3,0.44,,,,
2025-06-01 12:00,112,40.06,132.76,82.32,0.05,49.76,0.45,,,,
2025-06-01 13:00,109,38.9,132.88,81.73,0.06,49.91,0.45,,,,
2025-06-01 14:00,106,37.63,133.8,81.43,0.08,51.19,0.45,,,,
2025-06-01 15:00,103,36.38,133.84,81.17,0.09,52.43,0.45,,,,
2025-06-01 16:00,100,35.23,132.81,80.82,0.08,52.92,0.47,,,,
2025-06-01 17:00,98,34.3,131.27,80.4,0.08,52.9,0.49,,,,
2025-06-01 18:00,96,33.53,130.29,79.94,0.08,52.7,0.51,,,,
2025-06-01 19:00,95,32.87,129.77,79.23,0.09,52.27,0.53,,,,
2025-06-01 20:00,94,32.51,129.69,78.65,0.09,51.65,0.55,,,,
2025-06-01 21:00,94,32.45,129.32,78.52,0.09,51.01,0.57,,,,
2025-06-01 22:00,95,32.83,129.98,78.89,0.09,50.99,0.58,,,,
2025-06-01 23:00,96,33.44,130.97,79.59,0.09,51.56,0.58,,,,
2025-06-02 00:00,98,34.34,132.69,80.49,0.09,52.61,0.57,,,,
2025-06-02 00:00,98,34.34,132.69,80.49,0.09,52.61,0.57,,,,
2025-06-02 01:00,500,35.45,135.67,81.46,0.09,54.0,0.56,,,,
2025-06-02 02:00,103,36.45,138.45,82.45,0.1,55.41,0.56,,,,
2025-06-02 03:00,105,37.32,140.99,83.44,0.09,57.06,0.55,,,,
2025-06-02 04:00,108,38.15,143.63,84.43,0.08,58.63,0.54,,,,
2025-06-02 05:00,110,39.23,148.08,85.31,0.06,59.8,0.53,,,,
2025-06-02 06:00,113,40.51,154.65,86.05,0.06,60.01,0.52,,,,
2025-06-02 07:00,0,0.0,0.0,86.61,0.05,59.62,0.5,,,,
2025-06-02 08:00,120,43.13,169.64,86.98,0.05,58.74,0.48,,,,
2025-06-02 09:00,122,44.18,175.24,87.18,0.05,57.96,0.46,,,,
2025-06-02 10:00,125,45.22,180.9,87.67,0.05,57.92,0.45,,,,
2025-06-02 11:00,126,45.83,184.17,88.13,0.05,58.16,0.44,,,,
2025-06-02 12:00,127,45.98,185.18,88.51,0.05,58.71,0.43,,,,
2025-06-02 13:00,127,46.23,187.27,89.14,0.06,59.6,0.43,,,,
2025-06-02 14:00,128,46.56,189.99,89.65,0.08,60.83,0.43,,,,
2025-06-02 15:00,129,46.88,192.28,90.33,0.09,62.0,0.44,,,,
2025-06-02 16:00,130,47.1,195.06,90.57,0.09,62.87,0.44,,,,
2025-06-02 17:00,130,47.26,197.24,90.73,0.09,63.17,0.44,,,,
2025-06-02 18:00,130,47.27,197.84,90.61,0.08,63.3,0.44,,,,
2025-06-02 19:00,130,47.1,198.63,90.54,0.08,63.71,0.43,,,,
2025-06-02 20:00,129,46.83,198.44,90.68,0.08,64.5,0.43,,,,
2025-06-02 21:00,128,46.63,199.88,91.03,0.07,65.73,0.42,,,,
2025-06-02 22:00,129,46.93,205.47,91.73,0.07,67.49,0.41,,,,
2025-06-02 23:00,131,47.49,212.11,92.36,0.07,69.3,0.41,,,,
2025-06-03 00:00,132,48.11,219.44,92.93,0.07,70.95,0.42,,,,
2025-06-03 00:00,132,48.11,219.44,92.93,0.07,70.95,0.42,,,,
2025-06-03 01:00,134,48.85,227.24,93.39,0.07,72.62,0.43,,,,
2025-06-03 02:00,136,49.7,234.16,94.18,0.08,74.26,0.44,,,,
2025-06-03 03:00,138,50.52,238.85,94.95,0.08,75.7,0.45,,,,
2025-06-03 04:00,139,51.11,240.26,95.51,0.07,76.77,0.46,,,,
2025-06-03 05:00,141,51.63,239.43,96.34,0.06,77.49,0.46,,,,
2025-06-03 06:00,141,51.71,234.44,97.01,0.05,77.24,0.46,,,,
2025-06-03 07:00,139,51.02,224.64,97.05,0.05,76.66,0.45,,,,
2025-06-03 08:00,136,49.56,211.8,96.26,0.05,75.38,0.44,,,,
2025-06-03 09:00,132,48.07,201.28,95.11,0.05,73.92,0.43,,,,
2025-06-03 10:00,130,47.35,195.78,94.43,0.05,72.83,0.43,,,,
2025-06-03 11:00,130,47.42,196.51,93.86,0.05,72.03,0.43,,,,
2025-06-03 12:00,134,48.73,205.71,93.7,0.05,71.5,0.44,,,,
2025-06-03 13:00,140,51.46,224.37,94.39,0.07,71.67,0.46,,,,
2025-06-03 14:00,149,55.04,250.65,95.18,0.08,72.02,0.47,,,,
2025-06-03 15:00,153,58.69,279.94,95.94,0.09,72.25,0.48,,,,
2025-06-03 16:00,154,61.02,304.83,95.83,0.09,71.7,0.49,,,,
2025-06-03 17:00,154,61.49,319.93,95.07,0.09,70.78,0.49,,,,
2025-06-03 18:00,153,60.02,322.47,93.62,0.09,69.63,0.5,,,,
2025-06-03 19:00,152,57.11,313.7,91.96,0.08,68.72,0.51,,,,
2025-06-03 20:00,145,53.56,296.37,90.23,0.08,68.45,0.51,,,,
2025-06-03 21:00,135,49.3,270.27,88.1,0.08,67.32,0.52,,,,
2025-06-03 22:00,123,44.63,239.77,85.56,0.08,65.21,0.52,,,,
2025-06-03 23:00,112,40.13,208.31,83.17,0.08,62.67,0.53,,,,
2025-06-04 00:00,105,37.0,185.05,81.9,0.08,61.14,0.53,,,,
2025-06-04 00:00,105,37.0,185.05,81.9,0.08,61.14,0.53,,,,
2025-06-04 01:00,102,35.74,173.46,82.2,0.08,62.26,0.52,,,,
2025-06-04 02:00,102,35.79,170.03,83.64,0.09,65.26,0.5,,,,
2025-06-04 03:00,102,35.71,167.55,84.44,0.08,66.83,0.48,,,,
2025-06-04 04:00,100,35.38,166.45,84.33,0.07,66.83,0.47,,,,
2025-06-04 05:00,100,35.26,167.79,83.97,0.06,66.28,0.46,,,,
2025-06-04 06:00,99,34.99,168.48,83.56,0.05,65.31,0.44,,,,
2025-06-04 07:00,98,34.3,166.88,83.09,0.05,64.15,0.42,,,,
2025-06-04 08:00,95,33.1,162.01,82.32,0.04,62.25,0.4,,,,
2025-06-04 09:00,92,31.49,154.41,81.17,0.04,59.62,0.38,,,,
2025-06-04 10:00,88,29.67,145.59,80.0,0.04,56.65,0.37,,,,
2025-06-04 11:00,84,27.66,135.85,78.49,0.04,53.79,0.37,,,,
2025-06-04 12:00,80,25.87,126.94,77.27,0.05,51.65,0.38,,,,
2025-06-04 13:00,77,24.5,120.04,76.89,0.05,50.83,0.39,,,,
2025-06-04 14:00,75,23.5,114.44,76.93,0.06,51.0,0.39,,,,
2025-06-04 15:00,74,22.82,109.88,77.23,0.07,51.73,0.39,,,,
2025-06-04 16:00,73,22.33,106.17,77.49,0.07,52.49,0.39,,,,
2025-06-04 17:00,72,22.08,103.22,77.69,0.07,53.08,0.39,,,,
2025-06-04 18:00,72,21.9,100.53,77.67,0.07,53.32,0.39,,,,
2025-06-04 19:00,71,21.71,97.79,77.39,0.07,53.33,0.39,,,,
2025-06-04 20:00,71,21.63,95.89,77.28,0.07,53.68,0.39,,,,
2025-06-04 21:00,71,21.68,94.77,77.43,0.07,54.39,0.39,,,,
2025-06-04 22:00,72,21.87,94.52,77.7,0.07,55.37,0.39,,,,
2025-06-04 23:00,72,22.13,94.84,78.11,0.07,56.45,0.39,,,,
2025-06-05 00:00,73,22.4,95.52,78.28,0.07,57.03,0.39,,,,
2025-06-05 00:00,73,22.4,95.52,78.28,0.07,57.03,0.39,,,,
2025-06-05 01:00,73,22.42,95.18,78.54,0.07,57.38,0.38,,,,
2025-06-05 02:00,72,22.14,93.37,78.65,0.08,57.47,0.37,,,,
2025-06-05 03:00,71,21.62,90.28,78.55,0.07,57.08,0.35,,,,
2025-06-05 04:00,69,20.81,86.25,78.05,0.06,55.9,0.33,,,,
2025-06-05 05:00,67,19.87,82.09,77.47,0.05,54.43,0.32,,,,
2025-06-05 06:00,65,18.77,77.92,76.91,0.05,52.97,0.3,,,,
2025-06-05 07:00,62,17.49,73.65,76.35,0.04,51.66,0.28,,,,
2025-06-05 08:00,59,16.13,69.49,75.79,0.04,50.57,0.26,,,,
2025-06-05 09:00,57,14.85,65.56,75.38,0.04,49.6,0.24,,,,
2025-06-05 10:00,54,13.67,61.88,75.16,0.03,48.91,0.23,,,,
2025-06-05 11:00,52,12.63,58.47,74.81,0.03,48.24,0.22,,,,
2025-06-05 12:00,49,11.77,55.46,74.61,0.04,47.87,0.22,,,,
2025-06-05 13:00,46,11.03,52.78,74.57,0.04,47.8,0.22,,,,
2025-06-05 14:00,43,10.41,50.32,74.46,0.05,47.75,0.22,,,,
2025-06-05 15:00,41,9.87,48.1,74.4,0.06,47.67,0.21,,,,
2025-06-05 16:00,39,9.41,46.09,74.25,0.06,47.64,0.21,,,,
2025-06-05 17:00,38,9.03,44.56,74.22,0.06,47.81,0.21,,,,
2025-06-05 18:00,36,8.73,43.37,74.36,0.05,48.14,0.21,,,,
2025-06-05 19:00,35,8.48,42.39,74.3,0.05,48.26,0.21,,,,
2025-06-05 20:00,35,8.34,41.96,74.4,0.05,48.51,0.21,,,,
2025-06-05 21:00,35,8.35,42.12,74.52,0.05,48.85,0.21,,,,
2025-06-05 22:00,35,8.51,43.04,74.76,0.05,49.34,0.22,,,,
2025-06-05 23:00,37,8.84,44.65,75.03,0.05,49.96,0.22,,,,
2025-06-06 00:00,39,9.29,46.97,75.39,0.05,50.8,0.22,,,,
2025-06-06 00:00,39,9.29,46.97,75.39,0.05,50.8,0.22,,,,
2025-06-06 01:00,41,9.84,49.76,76.01,0.05,51.95,0.22,,,,
2025-06-06 02:00,44,10.47,52.99,76.75,0.05,53.45,0.21,,,,
2025-06-06 03:00,46,11.13,56.45,77.56,0.05,55.03,0.21,,,,
2025-06-06 04:00,49,11.7,59.51,78.27,0.04,56.21,0.21,,,,
2025-06-06 05:00,51,12.17,61.97,78.8,0.04,56.74,0.2,,,,
2025-06-06 06:00,52,12.51,63.87,79.24,0.03,56.64,0.2,,,,
2025-06-06 07:00,52,12.71,64.83,79.54,0.03,56.01,0.19,,,,
2025-06-06 08:00,52,12.78,65.15,79.8,0.03,54.9,0.18,,,,
2025-06-06 09:00,52,12.78,65.1,79.78,0.03,53.51,0.17,,,,
2025-06-06 10:00,52,12.8,65.17,80.05,0.03,52.33,0.17,,,,
2025-06-06 11:00,53,12.82,65.43,79.98,0.03,51.27,0.16,,,,
2025-06-06 12:00,53,12.87,65.95,80.08,0.03,50.56,0.16,,,,
2025-06-06 13:00,53,13.0,67.07,80.19,0.04,50.41,0.16,,,,
2025-06-06 14:00,53,13.23,68.73,80.27,0.05,50.35,0.17,,,,
2025-06-06 15:00,54,13.53,71.02,80.22,0.06,50.46,0.17,,,,
2025-06-06 16:00,55,13.88,73.47,80.26,0.06,50.72,0.17,,,,
2025-06-06 17:00,56,14.42,76.96,80.36,0.06,51.34,0.18,,,,
2025-06-06 18:00,58,15.23,81.89,80.69,0.05,52.16,0.18,,,,
2025-06-06 19:00,60,16.3,88.07,80.91,0.05,52.99,0.19,,,,
2025-06-06 20:00,62,17.51,94.68,81.27,0.05,53.86,0.19,,,,
2025-06-06 21:00,65,18.74,101.0,81.54,0.05,54.81,0.19,,,,
2025-06-06 22:00,67,19.89,106.58,81.99,0.05,55.6,0.2,,,,
2025-06-06 23:00,69,20.85,110.97,82.18,0.05,56.24,0.2,,,,
2025-06-07 00:00,71,21.47,113.38,82.41,0.05,56.65,0.2,,,,
2025-06-07 00:00,71,21.47,113.38,82.41,0.05,56.65,0.2,,,,
2025-06-07 01:00,71,21.69,113.67,82.19,0.05,56.89,0.2,,,,
2025-06-07 02:00,71,21.63,112.64,82.25,0.05,56.95,0.2,,,,
2025-06-07 03:00,70,21.25,110.41,81.85,0.05,56.59,0.2,,,,
2025-06-07 04:00,69,20.58,106.89,81.13,0.04,55.63,0.2,,,,
2025-06-07 05:00,67,19.74,102.64,80.41,0.03,54.44,0.19,,,,
2025-06-07 06:00,65,18.78,97.71,79.77,0.03,52.91,0.19,,,,
2025-06-07 07:00,63,17.76,92.53,79.19,0.03,51.16,0.19,,,,
2025-06-07 08:00,61,16.73,87.25,78.57,0.03,49.4,0.19,,,,
2025-06-07 09:00,59,15.8,82.37,78.03,0.03,47.81,0.19,,,,
2025-06-07 10:00,57,14.92,77.64,78.21,0.03,46.91,0.19,,,,
2025-06-07 11:00,55,14.04,72.65,78.21,0.03,46.52,0.19,,,,
2025-06-07 12:00,53,13.26,67.9,78.48,0.03,46.73,0.19,,,,
2025-06-07 13:00,52,12.61,63.6,78.98,0.04,47.47,0.2,,,,
2025-06-07 14:00,50,11.97,59.5,79.3,0.05,48.23,0.2,,,,
2025-06-07 15:00,47,11.3,55.46,79.43,0.06,48.89,0.2,,,,
2025-06-07 16:00,44,10.59,51.63,79.41,0.06,49.46,0.21,,,,
2025-06-07 17:00,41,9.93,48.29,79.36,0.05,50.05,0.21,,,,
2025-06-07 18:00,39,9.33,45.51,79.25,0.05,50.69,0.21,,,,
2025-06-07 19:00,37,8.82,43.4,78.87,0.05,51.05,0.21,,,,
2025-06-07 20:00,36,8.55,42.56,78.57,0.05,51.54,0.22,,,,
2025-06-07 21:00,36,8.54,42.93,78.36,0.05,52.13,0.22,,,,
2025-06-07 22:00,37,8.82,44.59,78.45,0.05,53.06,0.22,,,,
2025-06-07 23:00,39,9.28,46.93,78.68,0.05,54.08,0.22,,,,
2025-06-08 00:00,41,9.86,49.52,79.07,0.05,55.31,0.21,,,,
2025-06-08 00:00,41,9.86,49.52,79.07,0.05,55.31,0.21,,,,
2025-06-08 01:00,44,10.45,52.1,79.53,0.04,56.54,0.2,,,,
2025-06-08 02:00,46,11.05,54.67,80.04,0.05,57.5,0.2,,,,
2025-06-08 03:00,48,11.6,57.13,80.26,0.05,58.14,0.2,,,,
2025-06-08 04:00,500,12.01,59.06,80.58,0.04,58.43,0.19,,,,
2025-06-08 05:00,51,12.27,60.16,80.64,0.03,58.29,0.19,,,,
2025-06-08 06:00,52,12.38,60.32,80.68,0.03,57.71,0.19,,,,
2025-06-08 07:00,52,12.34,59.6,80.6,0.03,56.78,0.18,,,,
2025-06-08 08:00,51,12.17,58.14,80.47,0.03,55.55,0.18,,,,
2025-06-08 09:00,50,11.91,56.22,80.33,0.03,54.36,0.18,,,,
2025-06-08 10:00,48,11.59,54.12,80.41,0.03,53.57,0.19,,,,
2025-06-08 11:00,47,11.16,51.57,80.39,0.03,52.9,0.19,,,,
2025-06-08 12:00,44,10.63,48.77,80.29,0.03,52.39,0.19,,,,
2025-06-08 13:00,42,10.07,46.02,80.33,0.04,52.19,0.2,,,,
2025-06-08 14:00,39,9.42,42.99,80.32,0.05,51.97,0.2,,,,
2025-06-08 15:00,36,8.66,39.66,80.13,0.06,51.77,0.21,,,,
2025-06-08 16:00,33,7.86,36.17,79.98,0.06,51.36,0.21,,,,
2025-06-08 17:00,30,7.1,32.82,79.78,0.06,50.95,0.22,,,,
2025-06-08 18:00,27,6.41,29.72,79.73,0.06,50.44,0.22,,,,
2025-06-08 19:00,24,5.82,26.95,79.49,0.05,49.85,0.22,,,,
2025-06-08 20:00,23,5.4,24.91,79.35,0.05,49.43,0.22,,,,
2025-06-08 21:00,21,5.15,23.56,79.04,0.05,48.98,0.21,,,,
2025-06-08 22:00,21,5.02,22.67,78.64,0.05,48.42,0.21,,,,
2025-06-08 23:00,21,4.93,22.0,78.2,0.05,47.75,0.21,,,,
2025-06-09 00:00,20,4.85,21.35,77.4,0.05,46.93,0.21,,,,
2025-06-09 00:00,20,4.85,21.35,77.4,0.05,46.93,0.21,,,,
2025-06-09 01:00,20,4.77,20.74,76.53,0.05,46.01,0.21,,,,
2025-06-09 02:00,20,4.69,20.15,75.72,0.05,45.13,0.2,,,,
2025-06-09 03:00,19,4.59,19.51,74.77,0.05,44.19,0.2,,,,
2025-06-09 04:00,19,4.47,18.84,73.77,0.04,43.2,0.2,,,,
2025-06-09 05:00,18,4.35,18.16,72.84,0.03,42.08,0.19,,,,
2025-06-09 06:00,18,4.24,17.52,72.05,0.03,40.72,0.19,,,,
2025-06-09 07:00,17,4.15,16.93,71.23,0.03,39.15,0.18,,,,
2025-06-09 08:00,17,4.1,16.55,70.55,0.03,37.6,0.18,,,,
2025-06-09 09:00,17,4.11,16.44,69.99,0.03,36.33,0.17,,,,
2025-06-09 10:00,17,4.17,16.55,69.91,0.03,35.5,0.17,,,,
2025-06-09 11:00,18,4.23,16.64,69.89,0.03,35.0,0.17,,,,
2025-06-09 12:00,18,4.26,16.68,70.1,0.03,34.88,0.18,,,,
2025-06-09 13:00,18,4.25,16.67,70.44,0.04,35.16,0.18,,,,
2025-06-09 14:00,17,4.17,16.47,70.75,0.05,35.53,0.19,,,,
2025-06-09 15:00,17,4.07,16.19,71.17,0.06,35.94,0.19,,,,
2025-06-09 16:00,17,3.98,15.97,71.61,0.06,36.3,0.19,,,,
2025-06-09 17:00,16,3.93,15.92,72.13,0.06,36.86,0.2,,,,
2025-06-09 18:00,16,3.94,16.05,72.89,0.06,37.67,0.2,,,,
2025-06-09 19:00,17,4.0,16.31,73.51,0.06,38.5,0.2,,,,
2025-06-09 20:00,17,4.1,16.76,74.11,0.06,39.4,0.2,,,,
2025-06-09 21:00,18,4.26,17.38,74.65,0.06,40.21,0.2,,,,
2025-06-09 22:00,19,4.49,18.26,75.17,0.06,41.09,0.21,,,,
2025-06-09 23:00,20,4.77,19.22,75.89,0.05,42.24,0.21,,,,
2025-06-10 00:00,21,5.08,20.21,76.47,0.05,43.44,0.2,,,,
2025-06-10 00:00,21,5.08,20.21,76.47,0.05,43.44,0.2,,,,
2025-06-10 01:00,22,5.38,21.12,77.06,0.05,44.37,0.2,,,,
2025-06-10 02:00,23,5.63,21.83,77.18,0.06,44.81,0.2,,,,
2025-06-10 03:00,24,5.82,22.32,77.21,0.05,44.68,0.2,,,,
2025-06-10 04:00,25,5.97,22.71,76.9,0.04,44.22,0.2,,,,
2025-06-10 05:00,26,6.12,23.17,76.62,0.04,43.5,0.2,,,,
2025-06-10 06:00,26,6.28,23.77,76.34,0.03,42.61,0.2,,,,
2025-06-10 07:00,27,6.47,24.45,76.19,0.03,41.71,0.2,,,,
2025-06-10 08:00,28,6.67,25.24,76.22,0.03,40.99,0.2,,,,
2025-06-10 09:00,29,6.9,26.23,76.26,0.03,40.59,0.2,,,,
2025-06-10 10:00,30,7.25,27.77,76.76,0.03,40.43,0.2,,,,
2025-06-10 11:00,32,7.74,29.92,77.05,0.03,40.47,0.2,,,,
2025-06-10 12:00,35,8.38,32.72,77.42,0.03,40.77,0.21,,,,
2025-06-10 13:00,38,9.19,36.07,77.99,0.04,41.51,0.21,,,,
2025-06-10 14:00,42,10.04,39.49,78.34,0.05,42.21,0.22,,,,
2025-06-10 15:00,45,10.82,42.56,78.71,0.06,42.85,0.23,,,,
2025-06-10 16:00,47,11.37,44.64,78.66,0.06,43.21,0.23,,,,
2025-06-10 17:00,49,11.76,46.21,78.66,0.06,43.55,0.24,,,,
2025-06-10 18:00,500,12.05,47.55,78.72,0.06,43.85,0.24,,,,
2025-06-10 19:00,51,12.2,48.36,78.47,0.06,44.13,0.24,,,,
2025-06-10 20:00,51,12.27,48.84,78.31,0.06,44.55,0.25,,,,
2025-06-10 21:00,51,12.29,49.07,77.96,0.06,44.93,0.25,,,,
2025-06-10 22:00,51,12.25,49.0,77.78,0.05,45.53,0.25,,,,
2025-06-10 23:00,51,12.11,48.38,77.72,0.05,46.22,0.25,,,,
2025-06-11 00:00,50,11.9,47.46,77.89,0.05,47.04,0.25,,,,
2025-06-11 00:00,50,11.9,47.46,77.89,0.05,47.04,0.25,,,,
2025-06-11 01:00,49,11.69,46.47,77.99,0.05,47.9,0.24,,,,
2025-06-11 02:00,48,11.47,45.53,78.19,0.06,48.71,0.24,,,,
2025-06-11 03:00,47,11.25,44.57,78.38,0.06,49.33,0.24,,,,
2025-06-11 04:00,46,11.03,43.48,78.53,0.05,49.73,0.24,,,,
2025-06-11 05:00,45,10.86,42.43,78.77,0.04,49.93,0.24,,,,
2025-06-11 06:00,45,10.71,41.44,79.16,0.04,49.54,0.24,,,,
2025-06-11 07:00,44,10.56,40.4,79.44,0.03,48.74,0.24,,,,
2025-06-11 08:00,43,10.43,39.41,79.52,0.03,47.45,0.24,,,,
2025-06-11 09:00,43,10.31,38.53,79.44,0.03,45.96,0.24,,,,
2025-06-11 10:00,43,10.22,37.73,79.3,0.03,44.59,0.25,,,,
2025-06-11 11:00,42,10.05,36.94,78.91,0.03,43.07,0.26,,,,
2025-06-11 12:00,41,9.89,36.4,78.44,0.04,42.03,0.27,,,,
2025-06-11 13:00,41,9.78,36.23,78.17,0.04,41.62,0.28,,,,
2025-06-11 14:00,40,9.65,36.04,77.82,0.06,41.5,0.29,,,,
2025-06-11 15:00,40,9.48,35.82,77.33,0.06,41.49,0.29,,,,
2025-06-11 16:00,39,9.28,35.58,76.87,0.06,41.36,0.3,,,,
2025-06-11 17:00,38,9.13,35.6,76.34,0.06,41.21,0.31,,,,
2025-06-11 18:00,38,9.01,35.76,75.77,0.06,40.99,0.31,,,,
2025-06-11 19:00,37,8.91,35.83,75.15,0.06,40.95,0.32,,,,
2025-06-11 20:00,37,8.88,35.97,74.87,0.06,41.12,0.32,,,,
2025-06-11 21:00,37,8.9,36.17,74.66,0.06,41.11,0.32,,,,
2025-06-11 22:00,37,8.97,36.41,74.64,0.06,41.14,0.32,,,,
2025-06-11 23:00,38,9.12,36.81,74.52,0.06,41.07,0.32,,,,
2025-06-12 00:00,39,9.33,37.52,74.4,0.06,40.94,0.32,,,,
2025-06-12 00:00,39,9.33,37.52,74.4,0.06,40.94,0.32,,,,
2025-06-12 01:00,40,9.65,38.63,74.47,0.06,40.96,0.33,,,,
2025-06-12 02:00,41,9.95,39.71,74.74,0.07,40.95,0.33,,,,
2025-06-12 03:00,42,10.2,40.48,75.19,0.07,40.9,0.34,,,,
2025-06-12 04:00,43,10.32,40.79,75.29,0.06,40.86,0.34,,,,
2025-06-12 05:00,43,10.33,40.68,75.73,0.05,40.97,0.33,,,,
2025-06-12 06:00,43,10.25,40.19,75.97,0.05,41.13,0.32,,,,
2025-06-12 07:00,42,10.11,39.73,76.27,0.04,41.09,0.31,,,,
2025-06-12 08:00,41,9.91,39.4,76.05,0.04,40.0,0.31,,,,
2025-06-12 09:00,40,9.61,39.0,75.38,0.04,38.15,0.32,,,,
2025-06-12 10:00,39,9.29,38.76,74.72,0.04,36.57,0.33,,,,
2025-06-12 11:00,37,8.96,38.28,74.0,0.04,35.52,0.34,,,,
2025-06-12 12:00,36,8.68,37.74,73.68,0.04,35.44,0.34,,,,
2025-06-12 13:00,36,8.55,37.48,74.05,0.04,36.43,0.34,,,,
2025-06-12 14:00,36,8.54,37.54,74.51,0.06,37.71,0.35,,,,
2025-06-12 15:00,36,8.55,37.69,74.56,0.06,38.65,0.35,,,,
2025-06-12 16:00,36,8.58,38.06,74.05,0.07,38.61,0.37,,,,
2025-06-12 17:00,36,8.72,38.93,73.12,0.07,38.05,0.38,,,,
2025-06-12 18:00,37,8.99,40.33,72.24,0.08,37.18,0.4,,,,
2025-06-12 19:00,39,9.29,41.85,71.47,0.08,36.51,0.41,,,,
2025-06-12 20:00,40,9.63,43.41,71.18,0.08,36.42,0.41,,,,
2025-06-12 21:00,42,9.97,45.09,71.34,0.08,36.95,0.41,,,,
2025-06-12 22:00,43,10.37,47.02,72.11,0.08,38.09,0.41,,,,
2025-06-12 23:00,45,10.8,49.01,72.9,0.08,39.44,0.41,,,,
2025-06-13 00:00,47,11.28,51.02,73.64,0.08,40.58,0.41,,,,
2025-06-13 00:00,47,11.28,51.02,73.64,0.08,40.58,0.41,,,,
2025-06-13 01:00,49,11.77,52.96,74.28,0.08,41.22,0.42,,,,
2025-06-13 02:00,51,12.19,54.66,74.81,0.09,41.52,0.43,,,,
2025-06-13 03:00,52,12.56,56.26,75.35,0.09,41.87,0.44,,,,
2025-06-13 04:00,53,12.94,57.92,75.61,0.08,42.61,0.44,,,,
2025-06-13 05:00,54,13.47,60.14,76.02,0.07,43.44,0.45,,,,
2025-06-13 06:00,55,14.12,62.73,76.28,0.06,43.8,0.46,,,,
2025-06-13 07:00,57,14.72,65.02,76.44,0.05,43.42,0.46,,,,
2025-06-13 08:00,57,15.08,66.29,76.2,0.05,42.34,0.45,,,,
2025-06-13 09:00,58,15.28,66.96,75.84,0.05,41.24,0.44,,,,
2025-06-13 10:00,58,15.43,67.65,75.64,0.05,40.5,0.44,,,,
2025-06-13 11:00,58,15.43,67.82,75.16,0.05,40.0,0.44,,,,
2025-06-13 12:00,58,15.29,67.55,74.68,0.06,39.89,0.44,,,,
2025-06-13 13:00,57,15.16,67.59,74.52,0.07,40.09,0.45,,,,
2025-06-13 14:00,57,15.1,68.18,74.37,0.08,40.34,0.47,,,,
2025-06-13 15:00,58,15.2,69.7,74.48,0.09,40.76,0.48,,,,
2025-06-13 16:00,58,15.46,71.57,74.57,0.09,41.13,0.49,,,,
2025-06-13 17:00,59,15.91,73.45,74.82,0.09,41.37,0.5,,,,
2025-06-13 18:00,60,16.59,75.35,75.06,0.1,41.4,0.51,,,,
2025-06-13 19:00,62,17.28,77.06,75.11,0.1,41.4,0.51,,,,
2025-06-13 20:00,64,18.05,79.1,75.5,0.1,41.95,0.51,,,,
2025-06-13 21:00,65,18.74,81.34,76.4,0.1,43.3,0.51,,,,
2025-06-13 22:00,66,19.34,83.55,77.62,0.11,44.89,0.51,,,,
2025-06-13 23:00,67,19.83,84.76,78.21,0.11,45.31,0.52,,,,
2025-06-14 00:00,68,20.29,85.7,78.12,0.12,44.77,0.54,,,,
2025-06-14 00:00,68,20.29,85.7,78.12,0.12,44.77,0.54,,,,
2025-06-14 01:00,69,20.85,87.55,78.09,0.12,44.92,0.56,,,,
2025-06-14 02:00,70,21.34,89.82,78.23,0.13,45.86,0.57,,,,
2025-06-14 03:00,71,21.77,92.16,78.46,0.12,47.17,0.57,,,,
2025-06-14 04:00,72,22.02,94.11,78.4,0.11,48.26,0.55,,,,
2025-06-14 05:00,72,22.14,95.28,78.35,0.09,48.83,0.54,,,,
2025-06-14 06:00,72,22.18,96.3,78.12,0.08,48.77,0.51,,,,
2025-06-14 07:00,72,22.17,97.34,77.81,0.07,48.33,0.49,,,,
2025-06-14 08:00,72,22.08,97.83,77.33,0.06,47.35,0.48,,,,
2025-06-14 09:00,72,22.15,99.15,76.92,0.06,46.33,0.47,,,,
2025-06-14 10:00,73,22.7,103.03,76.87,0.06,45.9,0.46,,,,
2025-06-14 11:00,75,23.36,107.59,76.75,0.06,46.0,0.46,,,,
2025-06-14 12:00,76,23.81,110.73,76.54,0.07,46.39,0.46,,,,
2025-06-14 13:00,76,23.98,111.85,76.77,0.08,46.96,0.47,,,,
2025-06-14 14:00,75,23.69,110.3,76.94,0.1,47.28,0.48,,,,
2025-06-14 15:00,74,23.08,106.85,77.19,0.11,47.17,0.49,,,,
2025-06-14 16:00,73,22.36,102.91,77.11,0.11,46.6,0.49,,,,
2025-06-14 17:00,71,21.74,99.06,77.01,0.11,45.88,0.49,,,,
2025-06-14 18:00,70,21.17,95.3,76.73,0.11,45.07,0.5,,,,
2025-06-14 19:00,69,20.66,92.16,76.01,0.11,44.29,0.49,,,,
2025-06-14 20:00,69,20.48,91.06,75.64,0.11,44.0,0.5,,,,
2025-06-14 21:00,69,20.62,91.46,75.63,0.11,44.29,0.52,,,,
2025-06-14 22:00,70,20.98,93.07,75.99,0.12,45.35,0.54,,,,
2025-06-14 23:00,71,21.43,95.23,76.44,0.12,46.97,0.57,,,,
2025-06-15 00:00,72,22.0,97.84,77.03,0.12,48.43,0.59,,,,
2025-06-15 00:00,72,22.0,97.84,77.03,0.12,48.43,0.59,,,,
2025-06-15 01:00,73,22.6,100.19,77.42,0.12,49.26,0.62,,,,
2025-06-15 02:00,74,23.05,101.78,77.51,0.13,49.38,0.63,,,,
2025-06-15 03:00,75,23.4,103.21,77.54,0.13,49.35,0.63,,,,
2025-06-15 04:00,75,23.62,104.18,77.42,0.11,49.15,0.62,,,,
2025-06-15 05:00,76,23.85,104.8,77.41,0.1,48.76,0.6,,,,
2025-06-15 06:00,76,24.0,105.04,77.2,0.08,48.33,0.58,,,,
2025-06-15 07:00,76,24.21,105.42,77.11,0.07,47.96,0.56,,,,
2025-06-15 08:00,77,24.32,105.2,76.96,0.07,47.05,0.53,,,,
2025-06-15 09:00,77,24.44,104.79,76.83,0.07,45.92,0.51,,,,
2025-06-15 10:00,78,24.84,105.38,77.1,0.06,45.86,0.49,,,,
2025-06-15 11:00,79,25.32,105.66,77.41,0.07,45.87,0.48,,,,
2025-06-15 12:00,80,25.77,105.7,77.77,0.07,46.05,0.47,,,,
2025-06-15 13:00,81,26.28,106.05,78.26,0.09,46.55,0.47,,,,
2025-06-15 14:00,81,26.6,106.11,78.46,0.11,46.94,0.47,,,,
2025-06-15 15:00,82,26.81,106.53,78.61,0.12,47.37,0.46,,,,
2025-06-15 16:00,82,26.76,107.08,78.55,0.11,47.77,0.44,,,,
2025-06-15 17:00,82,26.61,107.75,78.67,0.11,48.33,0.43,,,,
2025-06-15 18:00,81,26.45,108.58,78.78,0.1,48.9,0.42,,,,
2025-06-15 19:00,80,26.1,110.4,78.93,0.1,49.97,0.4,,,,
2025-06-15 20:00,80,25.99,113.59,79.51,0.09,51.93,0.4,,,,
2025-06-15 21:00,81,26.21,118.11,80.23,0.09,54.3,0.39,,,,
2025-06-15 22:00,82,26.71,122.63,81.1,0.08,56.52,0.38,,,,
2025-06-15 23:00,82,27.03,124.22,81.51,0.08,57.66,0.38,,,,
2025-06-16 00:00,82,27.03,123.09,81.49,0.08,57.98,0.38,,,,
2025-06-16 00:00,82,27.03,123.09,81.49,0.08,57.98,0.38,,,,
2025-06-16 01:00,82,27.03,120.68,81.18,0.08,57.53,0.37,,,,
2025-06-16 02:00,83,27.26,118.7,81.11,0.09,56.58,0.35,,,,
2025-06-16 03:00,84,27.71,118.78,81.3,0.1,55.54,0.34,,,,
2025-06-16 04:00,85,28.21,120.45,81.52,0.1,54.74,0.33,,,,
2025-06-16 05:00,86,28.68,122.5,81.94,0.1,54.2,0.31,,,,
2025-06-16 06:00,87,29.07,124.56,82.38,0.09,53.87,0.29,,,,
2025-06-16 07:00,87,29.42,126.72,82.52,0.08,53.38,0.27,,,,
2025-06-16 08:00,88,29.67,128.88,82.18,0.07,52.4,0.25,,,,
2025-06-16 09:00,88,29.92,131.94,82.06,0.06,51.83,0.23,,,,
2025-06-16 10:00,90,30.43,137.89,82.37,0.05,52.57,0.22,,,,
2025-06-16 11:00,91,31.21,142.66,82.96,0.05,52.97,0.22,,,,
2025-06-16 12:00,93,32.21,148.55,83.46,0.06,53.71,0.22,,,,
2025-06-16 13:00,96,33.51,155.15,84.03,0.07,54.44,0.23,,,,
2025-06-16 14:00,99,34.91,161.67,84.14,0.08,54.21,0.24,,,,
2025-06-16 15:00,102,36.09,167.27,83.74,0.08,53.74,0.26,,,,
2025-06-16 16:00,104,36.84,171.21,83.29,0.08,53.42,0.27,,,,
2025-06-16 17:00,106,37.41,174.73,82.92,0.08,53.36,0.28,,,,
2025-06-16 18:00,107,37.74,177.51,82.77,0.08,53.86,0.3,,,,
2025-06-16 19:00,106,37.55,177.43,82.71,0.08,54.74,0.31,,,,
2025-06-16 20:00,105,37.14,175.04,83.04,0.07,55.64,0.33,,,,
2025-06-16 21:00,104,36.75,171.73,83.19,0.07,55.85,0.35,,,,
2025-06-16 22:00,103,36.43,168.76,83.06,0.07,55.14,0.37,,,,
2025-06-16 23:00,103,36.2,165.58,82.68,0.08,53.68,0.38,,,,
2025-06-17 00:00,102,36.04,162.33,81.95,0.08,52.22,0.39,,,,
2025-06-17 00:00,102,36.04,162.33,81.95,0.08,52.22,0.39,,,,
2025-06-17 01:00,102,36.0,159.2,81.63,0.08,51.29,0.4,,,,
2025-06-17 02:00,102,36.04,156.74,81.45,0.08,51.07,0.4,,,,
2025-06-17 03:00,103,36.14,154.91,81.87,0.09,51.65,0.4,,,,
2025-06-17 04:00,103,36.29,153.73,82.45,0.08,52.54,0.39,,,,
2025-06-17 05:00,104,36.54,152.73,83.08,0.07,53.32,0.38,,,,
2025-06-17 06:00,104,36.81,151.42,83.57,0.06,53.22,0.37,,,,
2025-06-17 07:00,105,37.0,150.07,83.61,0.05,51.98,0.36,,,,
2025-06-17 08:00,105,37.1,149.07,83.41,0.05,50.1,0.35,,,,
2025-06-17 09:00,105,37.16,148.47,83.17,0.05,48.1,0.34,,,,
2025-06-17 10:00,105,37.19,148.43,83.05,0.05,46.49,0.33,,,,
2025-06-17 11:00,105,37.07,148.52,82.9,0.05,45.52,0.33,,,,
2025-06-17 12:00,104,36.66,148.55,82.87,0.05,45.35,0.34,,,,
2025-06-17 13:00,102,36.08,149.44,83.16,0.06,45.78,0.35,,,,
2025-06-17 14:00,100,35.27,150.25,83.15,0.07,46.27,0.36,,,,
2025-06-17 15:00,98,34.43,150.36,82.84,0.08,46.71,0.38,,,,
2025-06-17 16:00,96,33.62,149.4,82.56,0.08,47.33,0.39,,,,
2025-06-17 17:00,95,33.04,147.83,82.48,0.08,48.06,0.41,,,,
2025-06-17 18:00,94,32.74,146.21,82.16,0.08,48.6,0.43,,,,
2025-06-17 19:00,94,32.73,145.18,81.77,0.08,49.4,0.45,,,,
2025-06-17 20:00,95,33.17,145.38,81.97,0.08,50.7,0.46,,,,
2025-06-17 21:00,97,33.96,146.17,82.2,0.08,51.98,0.47,,,,
2025-06-17 22:00,99,34.87,147.09,82.34,0.08,52.3,0.48,,,,
2025-06-17 23:00,101,35.62,147.16,82.09,0.08,51.59,0.49,,,,
2025-06-18 00:00,102,36.05,146.73,81.55,0.08,50.77,0.5,,,,
2025-06-18 00:00,102,36.05,146.73,81.55,0.08,50.77,0.5,,,,
2025-06-18 01:00,102,36.09,145.69,81.37,0.08,50.71,0.49,,,,
2025-06-18 02:00,101,35.67,143.72,81.61,0.09,51.99,0.48,,,,
2025-06-18 03:00,99,34.89,140.71,81.85,0.09,53.58,0.46,,,,
2025-06-18 04:00,96,33.55,135.79,81.6,0.08,54.58,0.45,,,,
2025-06-18 05:00,93,32.03,130.51,81.2,0.07,55.01,0.44,,,,
2025-06-18 06:00,89,30.27,125.5,80.66,0.06,54.57,0.42,,,,
2025-06-18 07:00,86,28.88,123.12,79.56,0.05,52.84,0.42,,,,
2025-06-18 08:00,84,28.0,123.24,78.12,0.05,50.09,0.42,,,,
2025-06-18 09:00,83,27.32,123.09,76.99,0.05,47.83,0.43,,,,
2025-06-18 10:00,81,26.19,119.28,77.5,0.05,47.84,0.43,,,,
2025-06-18 11:00,77,24.36,110.87,79.36,0.04,50.42,0.41,,,,
2025-06-18 12:00,72,22.03,99.71,81.56,0.05,53.88,0.4,,,,
2025-06-18 13:00,68,19.98,90.31,82.62,0.05,55.55,0.39,,,,
2025-06-18 14:00,65,18.7,84.68,81.82,0.07,54.19,0.39,,,,
2025-06-18 15:00,64,18.21,82.6,80.28,0.08,51.29,0.41,,,,
2025-06-18 16:00,63,17.98,81.17,79.59,0.08,49.49,0.42,,,,
2025-06-18 17:00,63,18.0,80.53,79.94,0.08,49.69,0.42,,,,
2025-06-18 18:00,65,18.78,83.17,80.25,0.08,50.39,0.44,,,,
2025-06-18 19:00,68,20.41,89.62,79.77,0.08,49.98,0.46,,,,
2025-06-18 20:00,72,21.9,95.81,78.78,0.09,48.9,0.46,,,,
2025-06-18 21:00,73,22.5,98.45,78.25,0.09,48.55,0.46,,,,
2025-06-18 22:00,72,22.29,97.9,78.32,0.08,49.16,0.45,,,,
2025-06-18 23:00,71,21.82,96.6,78.3,0.08,49.85,0.45,,,,
2025-06-19 00:00,71,21.5,96.3,77.64,0.08,49.67,0.45,,,,
2025-06-19 00:00,71,21.5,96.3,77.64,0.08,49.67,0.45,,,,
2025-06-19 01:00,70,21.16,95.83,76.91,0.08,49.37,0.46,,,,
2025-06-19 02:00,69,20.52,93.54,76.83,0.08,49.96,0.46,,,,
2025-06-19 03:00,67,19.75,89.47,77.35,0.08,51.53,0.45,,,,
2025-06-19 04:00,66,19.23,86.23,77.84,0.07,52.97,0.44,,,,
2025-06-19 05:00,66,19.17,85.16,78.04,0.06,53.56,0.44,,,,
2025-06-19 06:00,66,19.46,86.23,77.7,0.05,52.83,0.44,,,,
2025-06-19 07:00,67,19.88,89.12,77.25,0.05,51.51,0.45,,,,
2025-06-19 08:00,68,20.11,91.51,76.65,0.05,49.98,0.45,,,,
2025-06-19 09:00,68,20.14,92.23,76.15,0.04,48.45,0.45,,,,
2025-06-19 10:00,68,20.07,91.7,76.11,0.04,47.51,0.46,,,,
2025-06-19 11:00,67,19.82,89.88,76.57,0.05,47.39,0.46,,,,
2025-06-19 12:00,67,19.53,87.34,77.21,0.05,48.04,0.45,,,,
2025-06-19 13:00,66,19.19,84.58,78.09,0.06,48.94,0.45,,,,
2025-06-19 14:00,66,19.07,83.14,78.69,0.07,49.29,0.46,,,,
2025-06-19 15:00,66,19.41,83.71,79.15,0.08,49.44,0.47,,,,
2025-06-19 16:00,68,20.13,85.38,79.99,0.09,50.16,0.48,,,,
2025-06-19 17:00,70,21.04,86.88,81.3,0.09,51.81,0.47,,,,
2025-06-19 18:00,73,22.34,89.8,81.9,0.09,52.82,0.47,,,,
2025-06-19 19:00,76,24.05,95.45,81.03,0.09,51.83,0.48,,,,
2025-06-19 20:00,80,25.78,102.99,79.09,0.1,49.86,0.49,,,,
2025-06-19 21:00,82,26.76,108.76,77.53,0.1,48.61,0.5,,,,
2025-06-19 22:00,82,26.93,111.33,77.01,0.1,48.97,0.5,,,,
2025-06-19 23:00,82,26.81,112.56,77.02,0.09,50.16,0.49,,,,
2025-06-20 00:00,82,27.0,115.22,76.97,0.09,50.94,0.5,,,,
2025-06-20 00:00,82,27.0,115.22,76.97,0.09,50.94,0.5,,,,
2025-06-20 01:00,84,27.57,118.41,76.43,0.09,50.63,0.51,,,,
2025-06-20 02:00,85,28.12,121.64,75.88,0.09,49.9,0.52,,,,
2025-06-20 03:00,85,28.3,123.05,75.93,0.08,49.67,0.52,,,,
2025-06-20 04:00,84,27.91,121.98,76.49,0.08,50.53,0.51,,,,
2025-06-20 05:00,83,27.5,120.06,77.53,0.07,52.05,0.49,,,,
2025-06-20 06:00,83,27.3,119.29,78.54,0.06,52.98,0.48,,,,
2025-06-20 07:00,83,27.42,120.81,78.99,0.05,52.77,0.48,,,,
2025-06-20 08:00,84,27.64,123.09,79.19,0.05,51.85,0.48,,,,
2025-06-20 09:00,83,27.43,123.06,79.64,0.04,51.33,0.47,,,,
2025-06-20 10:00,82,26.64,119.27,80.86,0.04,51.94,0.46,,,,
2025-06-20 11:00,79,25.51,113.06,82.31,0.04,53.35,0.45,,,,
2025-06-20 12:00,78,24.85,108.6,83.52,0.04,54.55,0.44,,,,
2025-06-20 13:00,78,25.09,108.38,83.78,0.05,54.77,0.45,,,,
2025-06-20 14:00,80,25.81,110.64,83.25,0.07,54.15,0.46,,,,
2025-06-20 15:00,81,26.22,112.01,83.03,0.08,54.1,0.48,,,,
2025-06-20 16:00,80,26.08,110.87,83.59,0.08,55.16,0.48,,,,
2025-06-20 17:00,81,26.15,110.33,84.59,0.08,56.62,0.49,,,,
2025-06-20 18:00,82,26.9,112.44,84.67,0.08,57.07,0.49,,,,
2025-06-20 19:00,84,27.95,116.55,83.37,0.08,55.95,0.5,,,,
2025-06-20 20:00,86,28.88,121.23,81.46,0.09,54.26,0.51,,,,
2025-06-20 21:00,87,29.43,125.36,79.73,0.09,52.92,0.52,,,,
2025-06-20 22:00,88,29.66,128.5,78.7,0.09,52.48,0.52,,,,
2025-06-20 23:00,88,29.69,130.68,78.28,0.09,52.53,0.52,,,,
2025-06-21 00:00,87,29.25,130.81,77.92,0.09,52.48,0.52,,,,
2025-06-21 00:00,87,29.25,130.81,77.92,0.09,52.48,0.52,,,,
2025-06-21 01:00,86,28.8,130.79,77.36,0.09,52.19,0.52,,,,
2025-06-21 02:00,85,28.03,129.13,76.9,0.09,51.94,0.52,,,,
2025-06-21 03:00,82,26.63,124.51,76.6,0.09,51.99,0.52,,,,
2025-06-21 04:00,78,25.15,118.79,76.22,0.09,52.02,0.51,,,,
2025-06-21 05:00,76,24.16,115.02,75.74,0.09,51.57,0.51,,,,
2025-06-21 06:00,75,23.69,113.63,75.0,0.08,50.43,0.52,,,,
2025-06-21 07:00,75,23.49,113.25,74.22,0.07,49.28,0.53,,,,
2025-06-21 08:00,76,23.83,115.03,74.04,0.07,49.0,0.52,,,,
2025-06-21 09:00,75,23.67,113.86,74.67,0.07,49.66,0.52,,,,
2025-06-21 10:00,74,23.27,111.4,75.85,0.06,50.71,0.51,,,,
2025-06-21 11:00,74,23.16,110.11,76.53,0.07,51.35,0.5,,,,
2025-06-21 12:00,75,23.37,110.28,76.73,0.07,51.6,0.5,,,,
2025-06-21 13:00,75,23.73,110.78,77.41,0.08,52.27,0.49,,,,
2025-06-21 14:00,76,24.08,110.97,78.46,0.08,53.24,0.48,,,,
2025-06-21 15:00,77,24.59,111.95,79.77,0.09,54.21,0.48,,,,
2025-06-21 16:00,79,25.39,114.73,80.54,0.08,54.66,0.48,,,,
2025-06-21 17:00,82,26.62,120.18,80.84,0.08,54.73,0.49,,,,
2025-06-21 18:00,85,28.33,128.6,80.74,0.08,54.62,0.5,,,,
2025-06-21 19:00,90,30.41,139.57,80.67,0.08,54.68,0.5,,,,
2025-06-21 20:00,95,32.8,152.22,81.12,0.08,55.51,0.49,,,,
2025-06-21 21:00,99,34.97,164.31,81.62,0.08,56.49,0.49,,,,
2025-06-21 22:00,103,36.4,173.31,81.5,0.08,56.97,0.49,,,,
2025-06-21 23:00,104,36.52,176.15,80.92,0.07,56.72,0.49,,,,
2025-06-22 00:00,99,35.16,171.36,79.74,0.07,55.81,0.49,,,,
2025-06-22 00:00,99,35.16,171.36,79.74,0.07,55.81,0.49,,,,
2025-06-22 01:00,96,33.69,165.06,78.63,0.08,54.85,0.48,,,,
2025-06-22 02:00,93,32.11,157.21,77.49,0.08,53.83,0.48,,,,
2025-06-22 03:00,90,30.7,149.09,76.95,0.09,53.37,0.48,,,,
2025-06-22 04:00,88,29.83,143.58,77.35,0.09,53.8,0.48,,,,
2025-06-22 05:00,88,29.62,141.4,78.39,0.09,54.76,0.47,,,,
2025-06-22 06:00,88,29.77,141.45,79.25,0.08,55.6,0.46,,,,
2025-06-22 07:00,89,30.07,142.78,79.38,0.08,55.66,0.45,,,,
2025-06-22 08:00,89,30.35,144.39,78.93,0.07,55.19,0.46,,,,
2025-06-22 09:00,90,30.46,144.85,78.79,0.07,54.87,0.46,,,,
2025-06-22 10:00,90,30.5,144.28,79.66,0.08,55.72,0.46,,,,
2025-06-22 11:00,89,30.37,142.83,80.69,0.08,56.88,0.46,,,,
2025-06-22 12:00,89,30.29,142.17,80.78,0.09,56.59,0.45,,,,
2025-06-22 13:00,89,30.04,141.26,79.61,0.09,54.54,0.46,,,,
2025-06-22 14:00,87,29.42,138.57,77.74,0.1,51.29,0.48,,,,
2025-06-22 15:00,87,29.05,136.01,77.24,0.1,49.62,0.51,,,,
2025-06-22 16:00,87,29.27,135.22,78.61,0.09,50.29,0.52,,,,
2025-06-22 17:00,89,30.15,137.01,80.35,0.09,51.79,0.51,,,,
2025-06-22 18:00,91,31.27,140.12,81.3,0.09,52.66,0.51,,,,
2025-06-22 19:00,93,32.22,142.62,81.27,0.1,52.55,0.5,,,,
2025-06-22 20:00,95,33.16,145.58,80.49,0.1,51.8,0.5,,,,
2025-06-22 21:00,96,33.58,146.9,79.2,0.1,50.37,0.51,,,,
2025-06-22 22:00,97,33.85,147.8,78.16,0.1,49.51,0.52,,,,
2025-06-22 23:00,97,34.16,149.05,78.11,0.1,49.7,0.52,,,,
2025-06-23 00:00,98,34.45,150.47,78.58,0.09,50.66,0.51,,,,
2025-06-23 00:00,98,34.45,150.47,78.58,0.09,50.66,0.51,,,,
2025-06-23 01:00,98,34.48,150.57,78.78,0.09,51.4,0.5,,,,
2025-06-23 02:00,97,34.17,149.08,78.67,0.1,51.5,0.51,,,,
2025-06-23 03:00,97,33.97,148.5,78.64,0.09,51.86,0.51,,,,
2025-06-23 04:00,98,34.29,151.06,79.95,0.09,53.88,0.51,,,,
2025-06-23 05:00,99,34.84,154.49,81.91,0.08,56.47,0.5,,,,
2025-06-23 06:00,99,34.99,155.69,82.9,0.07,57.64,0.5,,,,
2025-06-23 07:00,98,34.64,154.66,82.31,0.07,56.43,0.5,,,,
2025-06-23 08:00,97,33.95,152.48,80.85,0.06,53.86,0.5,,,,
2025-06-23 09:00,96,33.41,151.11,79.65,0.06,51.55,0.5,,,,
2025-06-23 10:00,96,33.38,151.63,79.53,0.06,50.84,0.49,,,,
2025-06-23 11:00,96,33.7,152.53,80.53,0.06,52.18,0.48,,,,
2025-06-23 12:00,97,33.87,151.62,82.21,0.07,54.71,0.48,,,,
2025-06-23 13:00,96,33.41,148.13,82.81,0.08,55.7,0.48,,,,
2025-06-23 14:00,93,32.22,142.4,81.14,0.09,53.53,0.5,,,,
2025-06-23 15:00,91,31.06,137.95,78.3,0.1,49.63,0.54,,,,
2025-06-23 16:00,90,30.62,136.56,76.38,0.11,46.87,0.56,,,,
2025-06-23 17:00,90,30.82,137.16,76.22,0.11,46.65,0.57,,,,
2025-06-23 18:00,92,31.53,138.59,76.91,0.12,47.57,0.57,,,,
2025-06-23 19:00,93,32.3,140.28,77.35,0.12,48.36,0.57,,,,
2025-06-23 20:00,95,32.94,142.26,77.51,0.12,48.74,0.57,,,,
2025-06-23 21:00,95,33.1,142.7,77.82,0.12,49.31,0.56,,,,
2025-06-23 22:00,94,32.64,140.9,78.81,0.12,50.97,0.54,,,,
2025-06-23 23:00,93,32.06,138.53,80.15,0.11,53.38,0.51,,,,
2025-06-24 00:00,92,31.47,136.12,81.6,0.11,55.5,0.5,,,,
2025-06-24 00:00,92,31.47,136.12,81.6,0.11,55.5,0.5,,,,
2025-06-24 01:00,90,30.62,132.54,82.57,0.1,56.99,0.49,,,,
2025-06-24 02:00,89,30.11,130.74,82.98,0.11,57.81,0.49,,,,
2025-06-24 03:00,89,30.36,132.02,82.87,0.11,57.79,0.49,,,,
2025-06-24 04:00,90,30.84,133.88,82.43,0.1,57.18,0.5,,,,
2025-06-24 05:00,91,31.23,135.33,81.87,0.09,56.36,0.5,,,,
2025-06-24 06:00,92,31.73,137.6,81.49,0.07,55.56,0.5,,,,
2025-06-24 07:00,94,32.4,141.28,80.83,0.06,54.2,0.49,,,,
2025-06-24 08:00,95,33.02,145.23,79.91,0.06,52.19,0.49,,,,
2025-06-24 09:00,96,33.31,147.66,79.22,0.05,50.19,0.49,,,,
2025-06-24 10:00,96,33.36,148.67,79.1,0.05,49.03,0.5,,,,
2025-06-24 11:00,95,33.0,146.95,79.45,0.05,48.97,0.5,,,,
2025-06-24 12:00,94,32.59,144.17,80.0,0.06,49.65,0.5,,,,
2025-06-24 13:00,94,32.56,142.38,80.96,0.07,50.47,0.51,,,,
2025-06-24 14:00,95,32.89,142.09,81.43,0.09,50.93,0.52,,,,
2025-06-24 15:00,96,33.45,142.48,81.71,0.1,51.18,0.53,,,,
2025-06-24 16:00,97,34.07,142.48,81.83,0.1,51.41,0.54,,,,
2025-06-24 17:00,99,34.94,143.26,81.81,0.1,51.73,0.56,,,,
2025-06-24 18:00,103,36.19,145.26,82.04,0.1,52.31,0.58,,,,
2025-06-24 19:00,106,37.65,148.19,82.58,0.1,53.56,0.59,,,,
2025-06-24 20:00,110,39.03,150.99,83.76,0.1,55.57,0.6,,,,
2025-06-24 21:00,112,40.09,152.72,85.25,0.1,58.08,0.6,,,,
2025-06-24 22:00,114,40.85,153.11,87.26,0.1,61.51,0.6,,,,
2025-06-24 23:00,116,41.78,154.26,89.61,0.09,65.36,0.61,,,,
2025-06-25 00:00,119,42.76,156.12,91.61,0.09,68.64,0.62,,,,
2025-06-25 00:00,119,42.76,156.12,91.61,0.09,68.64,0.62,,,,
2025-06-25 01:00,121,43.56,157.92,93.51,0.09,71.71,0.63,,,,
2025-06-25 02:00,122,44.08,158.88,95.16,0.1,73.84,0.64,,,,
2025-06-25 03:00,123,44.24,159.31,96.33,0.1,75.18,0.65,,,,
2025-06-25 04:00,122,43.88,158.99,96.56,0.08,75.24,0.65,,,,
2025-06-25 05:00,120,43.3,158.94,96.43,0.07,74.62,0.64,,,,
2025-06-25 06:00,118,42.49,158.84,96.25,0.07,73.69,0.63,,,,
2025-06-25 07:00,116,41.49,158.52,95.96,0.07,72.75,0.62,,,,
2025-06-25 08:00,113,40.45,158.36,95.38,0.07,71.63,0.61,,,,
2025-06-25 09:00,111,39.44,158.29,94.44,0.08,70.14,0.59,,,,
2025-06-25 10:00,109,38.72,159.23,93.64,0.09,68.56,0.58,,,,
2025-06-25 11:00,107,37.99,160.34,92.43,0.1,66.52,0.56,,,,
2025-06-25 12:00,106,37.41,161.78,90.84,0.1,64.19,0.55,,,,
2025-06-25 13:00,105,37.07,164.12,89.55,0.11,61.98,0.53,,,,
2025-06-25 14:00,105,37.01,167.12,88.73,0.11,60.45,0.52,,,,
2025-06-25 15:00,105,37.05,170.73,88.53,0.11,59.69,0.51,,,,
2025-06-25 16:00,106,37.45,175.96,88.5,0.1,59.4,0.5,,,,
2025-06-25 17:00,106,37.53,178.9,88.63,0.1,59.06,0.49,,,,
2025-06-25 18:00,107,37.9,182.5,88.82,0.09,58.5,0.49,,,,
2025-06-25 19:00,107,38.11,184.85,88.7,0.09,57.93,0.48,,,,
2025-06-25 20:00,108,38.27,186.76,89.03,0.08,58.05,0.46,,,,
2025-06-25 21:00,109,38.68,190.27,89.4,0.08,58.78,0.45,,,,
2025-06-25 22:00,112,39.8,196.87,90.2,0.08,60.37,0.44,,,,
2025-06-25 23:00,116,41.6,205.96,91.01,0.07,62.19,0.43,,,,
2025-06-26 00:00,121,43.63,215.1,91.65,0.07,63.72,0.42,,,,
2025-06-26 00:00,121,43.63,215.1,91.65,0.07,63.72,0.42,,,,
2025-06-26 01:00,126,45.46,221.07,92.19,0.07,64.87,0.41,,,,
2025-06-26 02:00,129,46.84,222.7,92.22,0.08,64.96,0.41,,,,
2025-06-26 03:00,131,47.82,222.78,92.13,0.09,64.9,0.4,,,,
2025-06-26 04:00,133,48.41,221.79,91.94,0.09,64.34,0.39,,,,
2025-06-26 05:00,133,48.6,220.35,91.66,0.08,63.61,0.37,,,,
2025-06-26 06:00,132,48.28,217.68,91.18,0.08,62.97,0.36,,,,
2025-06-26 07:00,131,47.78,214.65,90.75,0.07,62.31,0.34,,,,
2025-06-26 08:00,130,47.12,206.12,90.48,0.07,61.87,0.32,,,,
2025-06-26 09:00,127,45.97,193.96,90.59,0.07,62.05,0.31,,,,
2025-06-26 10:00,124,44.93,182.61,90.65,0.06,61.94,0.3,,,,
2025-06-26 11:00,122,44.13,173.18,89.96,0.07,60.91,0.3,,,,
2025-06-26 12:00,121,43.5,167.67,88.99,0.08,59.59,0.32,,,,
2025-06-26 13:00,119,42.7,165.6,88.12,0.1,58.7,0.33,,,,
2025-06-26 14:00,116,41.77,166.33,87.02,0.12,57.87,0.35,,,,
2025-06-26 15:00,114,40.76,168.64,85.75,0.12,56.64,0.36,,,,
2025-06-26 16:00,111,39.62,170.96,84.7,0.12,55.55,0.37,,,,
2025-06-26 17:00,109,38.86,175.01,84.0,0.12,54.51,0.39,,,,
2025-06-26 18:00,109,38.84,183.57,83.52,0.12,53.6,0.4,,,,
2025-06-26 19:00,111,39.72,197.32,83.12,0.12,52.94,0.41,,,,
2025-06-26 20:00,116,41.61,216.59,83.0,0.12,52.55,0.42,,,,
2025-06-26 21:00,123,44.31,240.96,82.92,0.13,52.3,0.43,,,,
2025-06-26 22:00,131,47.81,273.43,83.04,0.13,52.34,0.44,,,,
2025-06-26 23:00,140,51.38,309.01,83.08,0.13,52.39,0.45,,,,
2025-06-27 00:00,147,54.1,337.26,83.03,0.13,52.12,0.46,,,,
2025-06-27 00:00,147,54.1,337.26,83.03,0.13,52.12,0.46,,,,
2025-06-27 01:00,144,52.87,302.11,83.05,0.13,51.97,0.46,,,,
2025-06-27 02:00,137,50.24,247.75,83.49,0.13,52.79,0.4,,,,
2025-06-27 03:00,0,0.0,0.0,84.31,0.14,54.1,0.35,,,,
2025-06-27 04:00,126,45.5,180.48,85.23,0.14,54.53,0.31,,,,
2025-06-27 05:00,120,43.11,161.86,86.12,0.15,54.16,0.29,,,,
2025-06-27 06:00,117,41.86,153.97,87.08,0.14,54.12,0.28,,,,
2025-06-27 07:00,118,42.28,157.43,87.64,0.12,54.09,0.27,,,,
2025-06-27 08:00,121,43.59,168.43,88.03,0.12,53.95,0.26,,,,
2025-06-27 09:00,124,44.93,181.95,87.94,0.11,54.29,0.24,,,,
2025-06-27 10:00,125,45.44,188.15,88.22,0.1,56.45,0.26,,,,
2025-06-27 11:00,122,43.97,169.84,88.86,0.1,58.87,0.29,,,,
2025-06-27 12:00,113,40.27,137.24,89.4,0.11,60.33,0.34,,,,
2025-06-27 13:00,104,36.72,108.48,90.08,0.14,61.53,0.39,,,,
2025-06-27 14:00,96,33.69,86.73,90.1,0.18,61.25,0.42,,,,
2025-06-27 15:00,90,30.74,70.5,90.29,0.23,60.18,0.45,,,,
2025-06-27 16:00,85,28.04,59.5,92.27,0.3,59.78,0.45,,,,
2025-06-27 17:00,80,25.77,52.58,94.7,0.34,59.35,0.45,,,,
2025-06-27 18:00,77,24.3,48.47,95.29,0.33,58.33,0.42,,,,
2025-06-27 19:00,72,21.95,41.71,93.77,0.29,56.75,0.43,,,,
2025-06-27 20:00,66,19.35,34.0,91.11,0.24,55.03,0.41,,,,
2025-06-27 21:00,62,17.37,28.42,88.71,0.2,53.64,0.37,,,,
2025-06-27 22:00,59,15.89,24.91,86.39,0.17,52.61,0.32,,,,
2025-06-27 23:00,57,15.13,22.92,85.21,0.14,52.18,0.27,,,,
2025-06-28 00:00,57,14.8,21.37,85.03,0.12,53.01,0.23,,,,
2025-06-28 00:00,57,14.8,21.37,85.03,0.12,53.01,0.23,,,,
2025-06-28 01:00,56,14.41,19.65,85.67,0.1,54.81,0.19,,,,
2025-06-28 02:00,55,13.81,18.67,85.99,0.09,56.4,0.18,,,,
2025-06-28 03:00,53,13.22,19.06,84.83,0.1,56.58,0.19,,,,
2025-06-28 04:00,51,12.22,16.8,83.88,0.1,57.91,0.16,,,,
2025-06-28 05:00,49,11.68,16.0,85.67,0.1,61.71,0.16,,,,
2025-06-28 06:00,45,10.8,14.77,89.03,0.09,66.29,0.15,,,,
2025-06-28 07:00,42,10.01,13.73,90.16,0.08,68.07,0.15,,,,
2025-06-28 08:00,41,9.8,13.48,88.96,0.08,68.02,0.14,,,,
2025-06-28 09:00,41,9.84,13.5,87.25,0.07,67.79,0.14,,,,
2025-06-28 10:00,41,9.86,13.92,85.2,0.07,67.0,0.14,,,,
2025-06-28 11:00,40,9.65,13.88,82.58,0.07,65.36,0.15,,,,
2025-06-28 12:00,38,9.1,13.17,80.26,0.08,63.45,0.15,,,,
2025-06-28 13:00,37,8.82,12.97,78.78,0.09,61.57,0.15,,,,
2025-06-28 14:00,35,8.45,12.31,77.41,0.1,59.39,0.15,,,,
2025-06-28 15:00,34,8.08,11.34,76.5,0.1,57.35,0.14,,,,
2025-06-28 16:00,33,7.82,10.55,76.0,0.1,55.86,0.13,,,,
2025-06-28 17:00,33,7.93,10.48,75.46,0.1,54.02,0.13,,,,
2025-06-28 18:00,34,8.15,10.63,74.75,0.1,52.09,0.13,,,,
2025-06-28 19:00,36,8.53,11.06,74.03,0.1,50.18,0.14,,,,
2025-06-28 20:00,38,9.1,11.66,73.37,0.1,48.47,0.14,,,,
2025-06-28 21:00,40,9.68,12.2,72.82,0.1,47.27,0.14,,,,
2025-06-28 22:00,42,10.0,12.41,73.13,0.1,47.07,0.15,,,,
2025-06-28 23:00,42,9.99,12.32,73.56,0.1,47.46,0.16,,,,
2025-06-29 00:00,41,9.74,12.07,74.34,0.1,48.32,0.16,,,,
2025-06-29 00:00,41,9.74,12.07,74.34,0.1,48.32,0.16,,,,
2025-06-29 01:00,40,9.61,12.27,74.88,0.1,49.4,0.16,,,,
2025-06-29 02:00,40,9.71,12.54,75.47,0.11,50.53,0.16,,,,
2025-06-29 03:00,42,10.02,12.9,76.27,0.1,51.91,0.15,,,,
2025-06-29 04:00,44,10.58,13.56,77.31,0.08,53.72,0.14,,,,
2025-06-29 05:00,47,11.24,14.5,78.5,0.07,55.62,0.14,,,,
2025-06-29 06:00,49,11.87,15.42,80.54,0.06,57.65,0.14,,,,
2025-06-29 07:00,52,12.35,16.06,84.1,0.05,59.88,0.14,,,,
2025-06-29 08:00,52,12.6,16.38,90.17,0.04,62.23,0.14,,,,
2025-06-29 09:00,52,12.61,16.39,99.15,0.04,64.68,0.13,,,,
2025-06-29 10:00,52,12.39,16.2,112.0,0.04,68.02,0.13,,,,
2025-06-29 11:00,49,11.82,15.83,126.22,0.05,72.13,0.13,,,,
2025-06-29 12:00,47,11.17,15.64,132.55,0.07,75.18,0.13,,,,
2025-06-29 13:00,45,10.71,15.69,125.21,0.08,76.01,0.14,,,,
2025-06-29 14:00,46,10.97,16.76,109.6,0.09,75.48,0.16,,,,
2025-06-29 15:00,48,11.41,18.55,95.51,0.1,74.42,0.18,,,,
2025-06-29 16:00,47,11.21,19.84,87.23,0.1,72.51,0.21,,,,
2025-06-29 17:00,45,10.77,20.8,83.19,0.1,69.66,0.23,,,,
2025-06-29 18:00,45,10.72,22.6,81.32,0.1,66.61,0.25,,,,
2025-06-29 19:00,47,11.25,25.34,80.25,0.1,64.24,0.26,,,,
2025-06-29 20:00,51,12.33,28.28,79.52,0.09,62.33,0.28,,,,
2025-06-29 21:00,54,13.34,30.24,78.97,0.09,60.84,0.28,,,,
2025-06-29 22:00,56,14.3,32.2,77.98,0.09,59.21,0.29,,,,
2025-06-29 23:00,58,15.39,35.73,76.85,0.09,57.38,0.31,,,,
2025-06-30 00:00,60,16.56,40.65,75.72,0.09,55.68,0.33,,,,
2025-06-30 00:00,60,16.56,40.65,75.72,0.09,55.68,0.33,,,,
2025-06-30 01:00,63,17.84,48.1,74.69,0.09,54.09,0.35,,,,
2025-06-30 02:00,66,19.14,59.34,73.57,0.1,52.12,0.39,,,,
2025-06-30 03:00,69,20.65,75.89,72.22,0.1,49.1,0.45,,,,
2025-06-30 04:00,72,22.19,94.36,70.51,0.1,45.33,0.51,,,,
2025-06-30 05:00,75,23.59,109.91,68.82,0.1,41.67,0.57,,,,
2025-06-30 06:00,77,24.47,118.03,67.56,0.09,38.97,0.61,,,,
2025-06-30 07:00,78,24.75,120.24,66.82,0.08,37.32,0.62,,,,
2025-06-30 08:00,78,24.84,120.7,66.76,0.07,36.78,0.61,,,,
2025-06-30 09:00,78,24.95,122.13,67.17,0.07,36.95,0.59,,,,
2025-06-30 10:00,78,25.04,123.57,67.75,0.06,37.45,0.57,,,,
2025-06-30 11:00,77,24.69,121.49,68.14,0.07,37.9,0.55,,,,
2025-06-30 12:00,76,24.12,115.76,68.67,0.08,38.48,0.53,,,,
2025-06-30 13:00,74,23.18,107.66,69.68,0.09,39.48,0.51,,,,
2025-06-30 14:00,72,22.04,100.86,70.71,0.1,40.52,0.48,,,,
2025-06-30 15:00,71,21.81,101.43,70.74,0.1,40.47,0.48,,,,
2025-06-30 16:00,72,21.88,104.51,70.09,0.11,39.65,0.48,,,,
2025-06-30 17:00,72,21.88,106.9,69.51,0.11,39.02,0.49,,,,
2025-06-30 18:00,71,21.71,107.46,69.35,0.12,38.86,0.49,,,,
2025-06-30 19:00,70,21.28,105.46,69.06,0.12,38.92,0.48,,,,
2025-06-30 20:00,69,20.63,99.94,69.08,0.12,39.41,0.47,,,,
2025-06-30 21:00,67,19.88,93.89,69.34,0.13,40.31,0.46,,,,
2025-06-30 22:00,66,19.2,86.12,69.54,0.13,41.4,0.44,,,,
2025-06-30 23:00,65,18.65,80.07,69.78,0.12,42.58,0.43,,,,
2025-07-01 00:00,63,17.95,74.49,70.13,0.12,43.82,0.41,,,,
2025-07-01 00:00,63,17.95,74.49,70.13,0.12,43.82,0.41,,,,
2025-07-01 01:00,62,17.22,69.81,70.32,0.11,45.01,0.39,,,,
2025-07-01 02:00,61,16.78,68.54,70.74,0.11,46.05,0.39,,,,
2025-07-01 03:00,60,16.58,68.67,70.9,0.1,46.8,0.38,,,,
2025-07-01 04:00,60,16.61,72.33,71.24,0.09,47.42,0.38,,,,
2025-07-01 05:00,61,16.8,77.14,71.37,0.08,47.66,0.38,,,,
2025-07-01 06:00,61,17.04,80.1,71.61,0.07,47.42,0.38,,,,
2025-07-01 07:00,62,17.11,81.11,71.67,0.06,46.63,0.38,,,,
2025-07-01 08:00,62,17.34,82.44,71.29,0.06,45.42,0.38,,,,
2025-07-01 09:00,63,17.86,85.03,71.06,0.05,44.1,0.39,,,,
2025-07-01 10:00,65,18.72,89.01,71.14,0.05,43.16,0.4,,,,
2025-07-01 11:00,67,19.66,93.18,71.26,0.06,42.65,0.41,,,,
2025-07-01 12:00,68,20.4,95.71,71.81,0.06,42.64,0.42,,,,
2025-07-01 13:00,69,20.8,95.91,72.48,0.08,43.19,0.42,,,,
2025-07-01 14:00,70,21.08,95.69,73.37,0.09,43.92,0.42,,,,
2025-07-01 15:00,71,21.49,96.48,73.72,0.1,44.28,0.43,,,,
2025-07-01 16:00,71,21.58,96.18,73.57,0.11,44.04,0.42,,,,
2025-07-01 17:00,70,21.22,94.19,73.27,0.11,43.76,0.41,,,,
2025-07-01 18:00,69,20.78,92.44,72.8,0.11,43.54,0.4,,,,
2025-07-01 19:00,68,20.13,90.37,72.19,0.11,43.53,0.39,,,,
2025-07-01 20:00,66,19.17,87.55,71.87,0.1,43.83,0.39,,,,
2025-07-01 21:00,64,18.16,83.17,71.73,0.1,44.14,0.39,,,,
2025-07-01 22:00,62,17.44,79.6,71.47,0.1,44.33,0.39,,,,
2025-07-01 23:00,61,16.95,76.11,71.38,0.1,44.5,0.4,,,,
2025-07-02 00:00,60,16.5,71.97,71.5,0.1,44.71,0.4,,,,
2025-07-02 00:00,60,16.5,71.97,71.5,0.1,44.71,0.4,,,,
2025-07-02 01:00,61,16.74,72.72,71.65,0.09,44.96,0.42,,,,
2025-07-02 02:00,62,17.2,75.08,71.93,0.1,45.23,0.44,,,,
2025-07-02 03:00,61,17.07,73.97,72.33,0.1,45.89,0.44,,,,
2025-07-02 04:00,60,16.61,68.9,72.63,0.09,46.52,0.42,,,,
2025-07-02 05:00,60,16.48,65.58,72.71,0.09,46.68,0.41,,,,
2025-07-02 06:00,61,16.64,65.21,72.5,0.07,46.35,0.4,,,,
2025-07-02 07:00,61,16.82,67.85,72.15,0.06,45.59,0.4,,,,
2025-07-02 08:00,61,16.86,70.49,71.79,0.05,44.39,0.4,,,,
2025-07-02 09:00,61,16.89,72.77,71.42,0.05,43.09,0.41,,,,
2025-07-02 10:00,61,17.08,74.93,71.29,0.05,42.03,0.41,,,,
2025-07-02 11:00,62,17.48,76.38,71.01,0.06,41.26,0.42,,,,
2025-07-02 12:00,63,17.79,76.25,71.14,0.06,41.09,0.43,,,,
2025-07-02 13:00,63,17.84,74.57,71.77,0.08,41.65,0.43,,,,
2025-07-02 14:00,63,17.58,72.18,72.56,0.09,42.72,0.41,,,,
2025-07-02 15:00,62,17.53,71.68,73.29,0.1,43.68,0.4,,,,
2025-07-02 16:00,62,17.51,72.3,73.56,0.1,44.14,0.39,,,,
2025-07-02 17:00,62,17.42,73.4,73.68,0.1,44.21,0.38,,,,
2025-07-02 18:00,63,17.69,76.29,73.55,0.1,43.73,0.38,,,,
2025-07-02 19:00,64,18.06,79.07,72.79,0.1,42.86,0.38,,,,
2025-07-02 20:00,64,18.4,80.89,72.27,0.1,42.19,0.38,,,,
2025-07-02 21:00,65,18.58,82.03,71.86,0.1,41.77,0.39,,,,
2025-07-02 22:00,64,18.4,80.16,71.65,0.1,41.78,0.39,,,,
2025-07-02 23:00,64,18.06,75.4,71.65,0.1,41.94,0.38,,,,
2025-07-03 00:00,63,17.69,69.98,71.85,0.1,42.25,0.36,,,,
2025-07-03 00:00,63,17.69,69.98,71.85,0.1,42.25,0.36,,,,
2025-07-03 01:00,62,17.4,66.36,72.16,0.09,42.49,0.35,,,,
2025-07-03 02:00,63,17.59,66.81,72.5,0.1,42.51,0.35,,,,
2025-07-03 03:00,63,17.66,67.91,72.78,0.11,42.61,0.35,,,,
2025-07-03 04:00,63,17.62,68.87,73.15,0.11,42.78,0.34,,,,
2025-07-03 05:00,62,17.48,69.91,73.32,0.1,42.89,0.33,,,,
2025-07-03 06:00,62,17.3,70.87,73.18,0.09,42.89,0.31,,,,
2025-07-03 07:00,62,17.2,72.26,72.98,0.08,42.76,0.31,,,,
2025-07-03 08:00,62,17.22,73.66,72.48,0.08,42.43,0.31,,,,
2025-07-03 09:00,62,17.49,75.63,71.75,0.08,41.98,0.32,,,,
2025-07-03 10:00,64,18.09,78.08,71.1,0.08,41.65,0.34,,,,
2025-07-03 11:00,65,18.62,79.83,70.62,0.09,41.61,0.34,,,,
2025-07-03 12:00,66,19.03,80.7,70.47,0.09,41.89,0.34,,,,
2025-07-03 13:00,66,19.37,80.38,70.46,0.1,42.27,0.35,,,,
2025-07-03 14:00,67,19.71,80.63,70.76,0.11,42.53,0.35,,,,
2025-07-03 15:00,67,19.88,81.04,71.0,0.11,42.69,0.35,,,,
2025-07-03 16:00,67,19.85,80.89,71.17,0.11,42.74,0.34,,,,
2025-07-03 17:00,67,19.83,80.51,71.54,0.11,43.01,0.35,,,,
2025-07-03 18:00,67,19.63,78.43,72.05,0.11,43.48,0.35,,,,
2025-07-03 19:00,66,19.41,75.39,72.54,0.1,43.98,0.36,,,,
2025-07-03 20:00,67,19.51,73.52,72.77,0.1,44.35,0.35,,,,
2025-07-03 21:00,68,20.28,75.94,72.65,0.1,44.28,0.35,,,,
2025-07-03 22:00,70,21.24,79.14,72.46,0.1,44.02,0.35,,,,
2025-07-03 23:00,72,22.16,82.2,72.3,0.1,43.74,0.35,,,,
2025-07-04 00:00,75,23.28,85.87,71.91,0.1,43.32,0.36,,,,
2025-07-04 00:00,75,23.28,85.87,71.91,0.1,43.32,0.36,,,,
2025-07-04 01:00,76,24.07,85.36,71.64,0.1,43.04,0.35,,,,
2025-07-04 02:00,77,24.64,82.93,71.51,0.1,42.69,0.35,,,,
2025-07-04 03:00,78,25.13,81.41,71.46,0.11,42.39,0.34,,,,
2025-07-04 04:00,79,25.55,83.28,71.49,0.12,42.17,0.33,,,,
2025-07-04 05:00,80,25.91,86.86,71.52,0.11,42.02,0.33,,,,
2025-07-04 06:00,81,26.15,89.33,71.58,0.11,41.94,0.32,,,,
2025-07-04 07:00,80,26.08,88.19,71.82,0.1,42.15,0.31,,,,
2025-07-04 08:00,80,25.99,85.04,72.3,0.09,42.55,0.29,,,,
2025-07-04 09:00,81,26.33,83.79,72.47,0.09,42.76,0.28,,,,
2025-07-04 10:00,82,27.0,84.91,72.96,0.08,43.28,0.27,,,,
2025-07-04 11:00,84,27.8,87.29,73.55,0.08,44.13,0.26,,,,
2025-07-04 12:00,86,28.59,90.14,74.6,0.09,45.54,0.25,,,,
2025-07-04 13:00,87,29.31,93.89,76.15,0.09,47.32,0.24,,,,
2025-07-04 14:00,89,30.35,100.2,77.66,0.09,49.12,0.24,,,,
2025-07-04 15:00,92,31.52,107.64,78.89,0.1,50.75,0.25,,,,
2025-07-04 16:00,93,32.28,113.9,79.65,0.09,51.95,0.27,,,,
2025-07-04 17:00,94,32.7,119.11,80.06,0.09,52.67,0.3,,,,
2025-07-04 18:00,95,32.82,123.95,80.13,0.1,53.13,0.33,,,,
2025-07-04 19:00,94,32.59,127.94,79.78,0.1,53.32,0.37,,,,
2025-07-04 20:00,93,31.89,129.35,79.14,0.1,53.24,0.39,,,,
2025-07-04 21:00,92,31.42,130.76,78.07,0.1,52.73,0.41,,,,
2025-07-04 22:00,90,30.79,130.29,77.02,0.1,52.28,0.41,,,,
2025-07-04 23:00,88,29.63,124.79,76.17,0.1,52.19,0.4,,,,
2025-07-05 00:00,86,28.6,119.06,75.53,0.1,52.31,0.39,,,,
2025-07-05 00:00,86,28.6,119.06,75.53,0.1,52.31,0.39,,,,
2025-07-05 01:00,84,27.77,110.42,74.89,0.1,52.75,0.38,,,,
2025-07-05 02:00,85,28.25,106.61,74.83,0.1,53.19,0.37,,,,
2025-07-05 03:00,88,29.7,108.81,75.18,0.11,53.82,0.36,,,,
2025-07-05 04:00,93,31.84,120.14,76.08,0.11,54.61,0.36,,,,
2025-07-05 05:00,97,34.13,136.97,77.1,0.1,55.43,0.36,,,,
2025-07-05 06:00,103,36.15,153.78,78.23,0.09,56.24,0.37,,,,
2025-07-05 07:00,106,37.71,164.43,79.58,0.08,56.84,0.37,,,,
2025-07-05 08:00,110,39.07,171.18,80.88,0.07,57.45,0.37,,,,
2025-07-05 09:00,113,40.39,176.64,82.38,0.07,58.12,0.37,,,,
2025-07-05 10:00,117,42.1,186.68,84.34,0.07,59.1,0.37,,,,
2025-07-05 11:00,121,43.43,192.75,85.67,0.07,60.1,0.38,,,,
2025-07-05 12:00,120,43.32,186.7,86.16,0.08,60.95,0.39,,,,
2025-07-05 13:00,116,41.55,171.41,86.08,0.09,62.2,0.4,,,,
2025-07-05 14:00,108,38.32,150.31,84.99,0.1,62.66,0.42,,,,
2025-07-05 15:00,98,34.48,127.55,82.47,0.11,61.13,0.44,,,,
2025-07-05 16:00,91,31.28,109.16,79.07,0.11,58.06,0.47,,,,
2025-07-05 17:00,87,29.3,98.09,75.71,0.11,54.47,0.5,,,,
2025-07-05 18:00,86,28.53,94.5,73.16,0.12,51.31,0.53,,,,
2025-07-05 19:00,86,28.92,98.07,71.65,0.13,49.64,0.55,,,,
2025-07-05 20:00,90,30.54,108.14,71.22,0.13,49.59,0.57,,,,
2025-07-05 21:00,95,32.89,120.52,71.51,0.13,50.18,0.59,,,,
2025-07-05 22:00,99,35.14,131.67,71.62,0.13,50.79,0.6,,,,
2025-07-05 23:00,104,36.69,140.76,71.84,0.13,51.45,0.61,,,,
2025-07-06 00:00,106,37.51,150.24,72.12,0.12,52.23,0.61,,,,
2025-07-06 00:00,106,37.51,150.24,72.12,0.12,52.23,0.61,,,,
2025-07-06 01:00,108,38.41,167.59,72.48,0.11,53.56,0.61,,,,
2025-07-06 02:00,110,38.98,185.48,72.54,0.11,54.8,0.6,,,,
2025-07-06 03:00,107,37.74,185.95,71.99,0.11,54.7,0.6,,,,
2025-07-06 04:00,102,35.71,176.5,71.22,0.1,54.07,0.59,,,,
2025-07-06 05:00,96,33.36,163.76,70.66,0.09,53.07,0.59,,,,
2025-07-06 06:00,91,31.34,152.86,70.06,0.08,51.58,0.58,,,,
2025-07-06 07:00,89,29.98,146.22,69.36,0.07,49.99,0.59,,,,
2025-07-06 08:00,87,29.34,143.74,69.0,0.06,48.58,0.59,,,,
2025-07-06 09:00,87,29.08,142.97,68.97,0.06,47.69,0.6,,,,
2025-07-06 10:00,86,28.91,141.67,69.54,0.06,47.44,0.6,,,,
2025-07-06 11:00,86,28.93,141.4,70.69,0.07,47.91,0.6,,,,
2025-07-06 12:00,88,29.56,144.67,72.19,0.08,48.84,0.6,,,,
2025-07-06 13:00,89,30.34,147.58,73.34,0.09,49.52,0.61,,,,
2025-07-06 14:00,90,30.75,146.86,73.31,0.11,48.95,0.61,,,,
2025-07-06 15:00,91,30.89,144.89,72.51,0.11,47.78,0.62,,,,
2025-07-06 16:00,92,31.49,145.83,71.68,0.11,47.17,0.62,,,,
2025-07-06 17:00,96,33.27,156.47,71.81,0.12,47.98,0.62,,,,
2025-07-06 18:00,103,36.17,176.61,72.46,0.12,49.72,0.61,,,,
2025-07-06 19:00,111,39.48,203.48,73.16,0.12,51.59,0.61,,,,
2025-07-06 20:00,117,41.85,223.96,73.26,0.12,52.64,0.61,,,,
2025-07-06 21:00,118,42.28,228.76,72.53,0.12,52.62,0.62,,,,
2025-07-06 22:00,115,41.21,221.04,71.69,0.12,52.51,0.63,,,,
2025-07-06 23:00,110,39.16,201.03,71.34,0.12,53.07,0.64,,,,
2025-07-07 00:00,107,38.01,181.18,71.77,0.12,54.59,0.62,,,,
2025-07-07 00:00,107,38.01,181.18,71.77,0.12,54.59,0.62,,,,
2025-07-07 01:00,105,37.19,169.14,72.17,0.12,55.72,0.61,,,,
2025-07-07 02:00,104,36.63,167.5,72.2,0.12,55.67,0.6,,,,
2025-07-07 03:00,103,36.49,172.79,72.11,0.12,55.08,0.6,,,,
2025-07-07 04:00,104,36.62,179.31,72.26,0.12,54.81,0.59,,,,
2025-07-07 05:00,104,36.71,183.24,72.53,0.11,54.82,0.57,,,,
2025-07-07 06:00,104,36.6,183.08,72.8,0.1,54.9,0.55,,,,
2025-07-07 07:00,103,36.27,179.36,73.22,0.09,55.04,0.53,,,,
2025-07-07 08:00,102,35.8,174.4,73.87,0.08,55.48,0.51,,,,
2025-07-07 09:00,100,35.37,171.16,74.7,0.08,56.09,0.49,,,,
2025-07-07 10:00,98,34.36,158.8,75.65,0.08,57.03,0.47,,,,
2025-07-07 11:00,96,33.31,149.6,76.27,0.08,57.64,0.45,,,,
2025-07-07 12:00,94,32.46,146.68,76.43,0.09,57.51,0.44,,,,
2025-07-07 13:00,93,32.03,143.68,76.3,0.09,56.54,0.44,,,,
2025-07-07 14:00,92,31.64,137.97,76.11,0.1,54.72,0.44,,,,
2025-07-07 15:00,92,31.56,133.62,76.34,0.1,52.99,0.44,,,,
2025-07-07 16:00,94,32.7,143.62,77.61,0.1,52.29,0.45,,,,
2025-07-07 17:00,100,35.35,165.03,79.67,0.1,52.89,0.47,,,,
2025-07-07 18:00,107,37.77,179.47,81.61,0.1,53.65,0.48,,,,
2025-07-07 19:00,110,39.28,182.34,82.51,0.1,54.03,0.49,,,,
2025-07-07 20:00,113,40.19,175.88,82.9,0.1,54.5,0.51,,,,
2025-07-07 21:00,114,40.9,168.68,82.89,0.1,55.38,0.54,,,,
2025-07-07 22:00,116,41.73,167.13,82.94,0.1,56.6,0.58,,,,
2025-07-07 23:00,117,42.14,170.47,82.51,0.1,57.43,0.61,,,,
2025-07-08 00:00,117,41.84,171.95,81.42,0.1,57.83,0.63,,,,
2025-07-08 00:00,117,41.84,171.95,81.42,0.1,57.83,0.63,,,,
2025-07-08 01:00,115,41.24,169.02,80.16,0.1,57.17,0.64,,,,
2025-07-08 02:00,113,40.57,164.25,79.17,0.11,56.02,0.62,,,,
2025-07-08 03:00,112,39.95,160.77,78.56,0.11,55.22,0.59,,,,
2025-07-08 04:00,111,39.4,157.48,78.08,0.1,54.32,0.55,,,,
2025-07-08 05:00,109,38.65,154.57,77.51,0.08,53.29,0.52,,,,
2025-07-08 06:00,106,37.7,152.19,76.89,0.07,52.29,0.5,,,,
2025-07-08 07:00,103,36.38,149.74,76.33,0.06,51.06,0.48,,,,
2025-07-08 08:00,98,34.6,143.79,75.33,0.05,48.98,0.46,,,,
2025-07-08 09:00,94,32.56,136.61,74.16,0.05,46.73,0.46,,,,
2025-07-08 10:00,90,30.41,126.95,73.07,0.06,45.17,0.47,,,,
2025-07-08 11:00,86,28.67,116.35,72.69,0.06,44.2,0.47,,,,
2025-07-08 12:00,84,27.61,109.69,72.78,0.06,44.49,0.48,,,,
2025-07-08 13:00,83,27.17,106.58,73.28,0.07,45.57,0.5,,,,
2025-07-08 14:00,82,26.72,102.61,73.69,0.1,46.79,0.52,,,,
2025-07-08 15:00,81,26.23,98.25,74.31,0.11,48.42,0.53,,,,
2025-07-08 16:00,80,25.95,95.78,74.68,0.12,50.16,0.53,,,,
2025-07-08 17:00,81,26.21,96.91,75.22,0.12,51.46,0.53,,,,
2025-07-08 18:00,82,26.86,101.91,74.89,0.12,51.43,0.53,,,,
2025-07-08 19:00,84,27.78,111.05,73.98,0.13,50.32,0.53,,,,
2025-07-08 20:00,86,28.86,123.73,73.17,0.13,49.06,0.54,,,,
2025-07-08 21:00,88,29.79,137.7,72.65,0.13,48.03,0.55,,,,
2025-07-08 22:00,90,30.54,151.89,72.43,0.12,47.57,0.57,,,,
2025-07-08 23:00,92,31.36,166.73,72.56,0.12,47.81,0.58,,,,
2025-07-09 00:00,93,32.29,179.54,72.79,0.11,48.09,0.58,,,,
2025-07-09 00:00,93,32.29,179.54,72.79,0.11,48.09,0.58,,,,
2025-07-09 01:00,95,32.85,184.25,72.98,0.11,48.38,0.58,,,,
2025-07-09 02:00,95,32.83,180.99,73.14,0.11,48.28,0.58,,,,
2025-07-09 03:00,94,32.39,173.44,73.38,0.11,47.94,0.56,,,,
2025-07-09 04:00,93,31.92,167.09,73.33,0.09,47.67,0.54,,,,
2025-07-09 05:00,92,31.75,164.02,73.64,0.08,47.44,0.52,,,,
2025-07-09 06:00,93,31.9,163.77,73.88,0.07,47.03,0.51,,,,
2025-07-09 07:00,94,32.38,168.78,74.22,0.06,46.45,0.5,,,,
2025-07-09 08:00,95,32.83,175.62,74.6,0.05,45.7,0.49,,,,
2025-07-09 09:00,95,33.11,180.91,74.92,0.05,45.09,0.47,,,,
2025-07-09 10:00,95,33.21,183.57,75.48,0.05,44.69,0.47,,,,
2025-07-09 11:00,95,32.8,181.23,75.59,0.05,44.28,0.47,,,,
2025-07-09 12:00,93,31.92,173.24,75.42,0.05,43.98,0.48,,,,
2025-07-09 13:00,91,31.08,164.29,75.51,0.07,44.32,0.5,,,,
2025-07-09 14:00,90,30.58,156.56,75.79,0.09,45.15,0.51,,,,
2025-07-09 15:00,90,30.42,150.09,76.41,0.1,46.34,0.52,,,,
2025-07-09 16:00,90,30.51,145.19,76.77,0.1,47.2,0.53,,,,
2025-07-09 17:00,90,30.8,141.41,77.04,0.11,47.66,0.55,,,,
2025-07-09 18:00,91,31.15,137.94,77.02,0.11,47.64,0.56,,,,
2025-07-09 19:00,91,31.33,135.25,76.57,0.11,47.25,0.56,,,,
2025-07-09 20:00,92,31.43,133.89,76.29,0.11,46.87,0.56,,,,
2025-07-09 21:00,91,31.35,132.74,75.96,0.11,46.59,0.56,,,,
2025-07-09 22:00,91,31.08,132.14,75.87,0.11,46.62,0.55,,,,
2025-07-09 23:00,90,30.42,131.53,75.82,0.11,46.98,0.55,,,,
2025-07-10 00:00,88,29.47,130.51,75.94,0.1,47.5,0.55,,,,
2025-07-10 00:00,88,29.47,130.51,75.94,0.1,47.5,0.55,,,,
2025-07-10 01:00,85,28.45,129.0,75.97,0.1,47.86,0.54,,,,
2025-07-10 02:00,83,27.5,126.13,75.7,0.11,47.96,0.54,,,,
2025-07-10 03:00,81,26.56,121.98,75.46,0.1,47.64,0.54,,,,
2025-07-10 04:00,79,25.65,117.79,74.82,0.09,47.13,0.54,,,,
2025-07-10 05:00,78,24.99,115.18,74.42,0.08,46.68,0.53,,,,
2025-07-10 06:00,77,24.55,114.37,74.19,0.07,46.34,0.52,,,,
2025-07-10 07:00,77,24.27,114.96,74.04,0.06,45.99,0.51,,,,
2025-07-10 08:00,76,24.16,116.72,74.2,0.06,45.67,0.5,,,,
2025-07-10 09:00,77,24.24,119.11,74.45,0.05,45.32,0.48,,,,
2025-07-10 10:00,77,24.57,122.17,74.93,0.05,45.16,0.48,,,,
2025-07-10 11:00,78,24.77,123.58,74.89,0.06,44.69,0.48,,,,
2025-07-10 12:00,78,24.78,122.95,74.81,0.07,44.01,0.49,,,,
2025-07-10 13:00,77,24.68,121.17,74.76,0.08,43.47,0.5,,,,
2025-07-10 14:00,77,24.4,118.46,74.77,0.09,43.17,0.5,,,,
2025-07-10 15:00,76,24.05,115.37,75.06,0.1,43.2,0.49,,,,
2025-07-10 16:00,75,23.62,112.04,75.31,0.09,43.41,0.48,,,,
2025-07-10 17:00,75,23.37,109.2,75.69,0.09,43.78,0.48,,,,
2025-07-10 18:00,75,23.28,107.1,76.22,0.09,44.08,0.48,,,,
2025-07-10 19:00,74,23.23,105.57,76.76,0.09,44.42,0.48,,,,
2025-07-10 20:00,75,23.33,105.61,77.19,0.09,44.92,0.47,,,,
2025-07-10 21:00,75,23.69,107.51,77.53,0.09,45.22,0.47,,,,
2025-07-10 22:00,76,24.12,110.33,77.65,0.09,45.2,0.47,,,,
2025-07-10 23:00,76,24.22,111.49,77.35,0.09,44.89,0.47,,,,
2025-07-11 00:00,75,23.67,109.51,76.94,0.09,44.39,0.47,,,,
2025-07-11 00:00,75,23.67,109.51,76.94,0.09,44.39,0.47,,,,
2025-07-11 01:00,73,22.77,104.74,76.62,0.1,43.73,0.46,,,,
2025-07-11 02:00,71,21.81,99.24,76.04,0.1,43.07,0.45,,,,
2025-07-11 03:00,69,20.84,93.57,75.65,0.11,42.69,0.43,,,,
2025-07-11 04:00,67,19.79,88.18,75.24,0.09,42.56,0.41,,,,
2025-07-11 05:00,65,18.74,83.35,74.96,0.08,42.55,0.39,,,,
2025-07-11 06:00,63,17.66,78.8,74.84,0.07,42.59,0.37,,,,
2025-07-11 07:00,60,16.46,73.59,74.79,0.06,42.71,0.34,,,,
2025-07-11 08:00,58,15.48,68.62,74.74,0.05,42.45,0.32,,,,
2025-07-11 09:00,56,14.69,64.13,74.55,0.05,42.15,0.31,,,,
2025-07-11 10:00,55,14.17,60.89,74.47,0.05,41.89,0.3,,,,
2025-07-11 11:00,55,13.9,59.22,74.25,0.05,41.69,0.3,,,,
2025-07-11 12:00,55,13.82,59.11,74.05,0.06,41.66,0.31,,,,
2025-07-11 13:00,55,13.9,60.31,74.25,0.07,41.96,0.31,,,,
2025-07-11 14:00,55,14.11,62.25,74.38,0.08,42.21,0.32,,,,
2025-07-11 15:00,56,14.58,64.72,74.66,0.09,42.25,0.32,,,,
2025-07-11 16:00,57,15.02,66.41,74.56,0.09,42.15,0.32,,,,
2025-07-11 17:00,57,15.14,66.22,74.88,0.09,42.23,0.32,,,,
2025-07-11 18:00,57,15.07,65.27,75.31,0.09,42.32,0.31,,,,
2025-07-11 19:00,57,14.79,63.79,75.48,0.08,42.47,0.3,,,,
2025-07-11 20:00,56,14.57,62.77,75.68,0.08,42.82,0.3,,,,
2025-07-11 21:00,56,14.58,63.07,75.99,0.08,43.22,0.3,,,,
2025-07-11 22:00,57,14.76,61.99,76.08,0.08,43.57,0.3,,,,
2025-07-11 23:00,57,15.12,61.2,76.08,0.09,43.74,0.3,,,,
2025-07-12 00:00,58,15.57,62.0,75.84,0.09,43.56,0.3,,,,
2025-07-12 00:00,58,15.57,62.0,75.84,0.09,43.56,0.3,,,,
2025-07-12 01:00,59,16.04,63.59,75.55,0.09,43.11,0.3,,,,
2025-07-12 02:00,60,16.59,65.6,75.12,0.1,42.65,0.31,,,,
2025-07-12 03:00,62,17.13,67.31,74.77,0.1,41.98,0.31,,,,
2025-07-12 04:00,62,17.55,69.05,74.29,0.1,41.3,0.31,,,,
2025-07-12 05:00,63,18.04,71.86,73.75,0.08,40.6,0.32,,,,
2025-07-12 06:00,64,18.48,73.72,73.13,0.07,39.75,0.33,,,,
2025-07-12 07:00,65,18.73,75.99,72.78,0.06,39.04,0.33,,,,
2025-07-12 08:00,65,18.6,76.78,72.48,0.06,38.37,0.34,,,,
2025-07-12 09:00,64,18.16,74.97,72.5,0.05,37.98,0.33,,,,
2025-07-12 10:00,63,17.57,71.99,72.86,0.05,37.87,0.32,,,,
2025-07-12 11:00,61,16.82,68.32,73.22,0.06,38.06,0.31,,,,
2025-07-12 12:00,59,16.05,64.8,73.55,0.06,38.46,0.3,,,,
2025-07-12 13:00,58,15.32,61.67,74.35,0.07,39.08,0.29,,,,
2025-07-12 14:00,56,14.59,58.6,75.14,0.08,39.9,0.28,,,,
2025-07-12 15:00,55,13.96,55.89,76.13,0.08,40.86,0.27,,,,
2025-07-12 16:00,54,13.4,53.41,77.08,0.07,41.89,0.27,,,,
2025-07-12 17:00,53,13.12,52.16,78.05,0.07,42.69,0.27,,,,
2025-07-12 18:00,53,13.23,52.48,78.65,0.07,43.08,0.27,,,,
2025-07-12 19:00,54,13.52,53.71,79.21,0.07,43.08,0.28,,,,
2025-07-12 20:00,55,13.93,55.67,79.79,0.07,43.15,0.28,,,,
2025-07-12 21:00,56,14.37,57.77,80.58,0.07,43.3,0.29,,,,
2025-07-12 22:00,56,14.68,59.11,81.51,0.07,43.69,0.28,,,,
2025-07-12 23:00,57,14.77,59.5,82.53,0.07,44.24,0.28,,,,
2025-07-13 00:00,57,14.93,60.87,83.32,0.07,44.68,0.28,,,,
2025-07-13 00:00,57,14.93,60.87,83.32,0.07,44.68,0.28,,,,
2025-07-13 01:00,58,15.28,63.32,83.78,0.08,44.81,0.27,,,,
2025-07-13 02:00,59,15.76,65.63,83.89,0.08,44.75,0.27,,,,
2025-07-13 03:00,60,16.15,66.53,83.77,0.09,44.65,0.27,,,,
2025-07-13 04:00,60,16.28,65.21,83.74,0.08,44.6,0.26,,,,
2025-07-13 05:00,61,16.73,64.45,83.29,0.07,44.15,0.25,,,,
2025-07-13 06:00,62,17.43,64.4,82.59,0.06,43.32,0.25,,,,
2025-07-13 07:00,64,18.32,66.38,81.67,0.06,42.24,0.26,,,,
2025-07-13 08:00,66,19.3,70.47,80.5,0.06,41.13,0.27,,,,
2025-07-13 09:00,68,20.17,75.53,79.44,0.05,40.09,0.27,,,,
2025-07-13 10:00,69,20.77,80.29,78.74,0.05,39.54,0.28,,,,
2025-07-13 11:00,69,20.81,83.18,78.54,0.06,39.43,0.28,,,,
2025-07-13 12:00,68,20.38,83.8,78.69,0.06,39.64,0.29,,,,
2025-07-13 13:00,67,19.7,82.86,78.93,0.07,40.14,0.29,,,,
2025-07-13 14:00,66,19.15,81.71,79.08,0.08,40.55,0.31,,,,
2025-07-13 15:00,65,18.81,80.32,79.26,0.08,40.96,0.32,,,,
2025-07-13 16:00,65,18.67,79.74,79.08,0.08,41.32,0.33,,,,
2025-07-13 17:00,65,18.82,80.89,78.84,0.08,41.77,0.35,,,,
2025-07-13 18:00,66,19.11,82.56,78.78,0.08,42.44,0.36,,,,
2025-07-13 19:00,66,19.17,82.68,79.11,0.08,43.46,0.37,,,,
2025-07-13 20:00,66,19.11,82.32,80.0,0.08,44.78,0.37,,,,
2025-07-13 21:00,66,19.13,82.75,81.01,0.08,46.03,0.37,,,,
2025-07-13 22:00,66,19.41,82.77,81.82,0.07,47.14,0.37,,,,
2025-07-13 23:00,68,20.18,83.78,82.26,0.07,47.89,0.37,,,,
2025-07-14 00:00,70,21.16,86.15,82.28,0.07,48.29,0.37,,,,
2025-07-14 00:00,70,21.16,86.15,82.28,0.07,48.29,0.37,,,,
2025-07-14 01:00,72,22.18,88.2,82.19,0.07,48.46,0.37,,,,
2025-07-14 02:00,74,23.17,90.47,81.82,0.08,48.31,0.36,,,,
2025-07-14 03:00,76,24.2,93.36,81.26,0.09,47.91,0.36,,,,
2025-07-14 04:00,79,25.27,98.74,80.89,0.08,47.45,0.36,,,,
2025-07-14 05:00,81,26.4,105.25,80.32,0.07,46.96,0.37,,,,
2025-07-14 06:00,83,27.18,109.38,79.81,0.06,46.29,0.38,,,,
2025-07-14 07:00,84,27.66,112.91,79.4,0.05,45.5,0.37,,,,
2025-07-14 08:00,84,27.72,115.47,78.81,0.05,44.63,0.37,,,,
2025-07-14 09:00,83,27.5,116.49,78.22,0.05,43.59,0.38,,,,
2025-07-14 10:00,83,27.18,116.05,77.35,0.05,42.53,0.39,,,,
2025-07-14 11:00,81,26.6,115.43,76.46,0.05,41.63,0.41,,,,
2025-07-14 12:00,80,25.73,113.83,75.57,0.06,41.09,0.44,,,,
2025-07-14 13:00,78,24.82,112.06,74.96,0.07,40.79,0.46,,,,
2025-07-14 14:00,76,24.03,111.04,74.09,0.09,40.47,0.49,,,,
2025-07-14 15:00,75,23.58,111.06,73.85,0.1,40.42,0.51,,,,
2025-07-14 16:00,75,23.41,111.31,74.42,0.1,40.86,0.52,,,,
2025-07-14 17:00,75,23.46,111.22,75.31,0.09,41.38,0.52,,,,
2025-07-14 18:00,75,23.73,111.03,75.86,0.09,41.55,0.53,,,,
2025-07-14 19:00,76,24.12,109.98,75.96,0.1,41.43,0.54,,,,
2025-07-14 20:00,77,24.48,109.01,76.25,0.1,41.37,0.54,,,,
2025-07-14 21:00,78,24.78,108.67,76.95,0.1,41.52,0.54,,,,
2025-07-14 22:00,78,25.0,106.6,77.98,0.1,42.07,0.52,,,,
2025-07-14 23:00,79,25.29,105.23,78.9,0.1,42.48,0.51,,,,
2025-07-15 00:00,79,25.57,106.03,78.86,0.11,42.18,0.52,,,,
2025-07-15 00:00,79,25.57,106.03,78.86,0.11,42.18,0.52,,,,
2025-07-15 01:00,80,25.82,109.68,78.76,0.11,42.05,0.53,,,,
2025-07-15 02:00,80,25.8,110.95,79.26,0.11,42.49,0.52,,,,
2025-07-15 03:00,79,25.6,110.63,79.99,0.11,43.34,0.49,,,,
2025-07-15 04:00,79,25.31,110.05,80.65,0.1,44.16,0.47,,,,
2025-07-15 05:00,78,25.07,109.52,81.35,0.09,44.97,0.44,,,,
2025-07-15 06:00,78,24.84,108.94,81.71,0.07,45.4,0.42,,,,
2025-07-15 07:00,77,24.57,108.37,81.71,0.06,45.44,0.4,,,,
2025-07-15 08:00,77,24.3,107.88,81.43,0.06,45.17,0.39,,,,
2025-07-15 09:00,76,23.96,106.99,80.98,0.06,44.64,0.38,,,,
2025-07-15 10:00,75,23.61,105.95,80.56,0.05,44.07,0.38,,,,
2025-07-15 11:00,74,23.26,104.79,79.41,0.06,43.32,0.39,,,,
2025-07-15 12:00,74,23.03,104.23,78.01,0.06,42.66,0.4,,,,
2025-07-15 13:00,74,22.96,104.26,76.85,0.08,42.44,0.42,,,,
2025-07-15 14:00,74,22.93,104.29,76.34,0.09,42.5,0.44,,,,
2025-07-15 15:00,74,23.0,104.63,76.51,0.1,42.99,0.45,,,,
2025-07-15 16:00,74,23.24,105.33,77.7,0.09,43.75,0.45,,,,
2025-07-15 17:00,75,23.71,106.46,78.99,0.09,44.36,0.45,,,,
2025-07-15 18:00,77,24.39,108.43,79.69,0.09,44.44,0.47,,,,
2025-07-15 19:00,78,25.14,110.86,79.66,0.1,43.99,0.48,,,,
2025-07-15 20:00,80,26.0,114.2,79.25,0.1,43.43,0.48,,,,
2025-07-15 21:00,82,26.96,118.37,78.81,0.1,42.99,0.48,,,,
2025-07-15 22:00,84,27.96,123.09,78.79,0.1,42.78,0.47,,,,
2025-07-15 23:00,86,28.89,127.73,78.42,0.1,42.58,0.47,,,,
2025-07-16 00:00,88,29.66,131.37,77.61,0.1,42.13,0.46,,,,
2025-07-16 00:00,88,29.66,131.37,77.61,0.1,42.13,0.46,,,,
2025-07-16 01:00,89,30.2,133.99,76.79,0.1,41.73,0.46,,,,
2025-07-16 02:00,89,30.39,134.77,76.15,0.11,41.5,0.45,,,,
2025-07-16 03:00,89,30.27,133.98,76.09,0.1,41.68,0.42,,,,
2025-07-16 04:00,89,30.0,132.19,76.19,0.09,41.98,0.4,,,,
2025-07-16 05:00,88,29.61,130.27,76.17,0.07,42.14,0.39,,,,
2025-07-16 06:00,87,29.07,127.55,76.23,0.06,41.94,0.39,,,,
2025-07-16 07:00,85,28.3,123.61,75.87,0.05,41.23,0.39,,,,
2025-07-16 08:00,83,27.39,119.0,75.24,0.05,40.23,0.39,,,,
2025-07-16 09:00,81,26.46,114.85,74.67,0.05,39.14,0.39,,,,
2025-07-16 10:00,80,25.72,112.03,74.17,0.05,38.34,0.4,,,,
2025-07-16 11:00,78,25.05,109.88,73.93,0.05,37.96,0.4,,,,
2025-07-16 12:00,77,24.49,108.17,74.03,0.05,38.13,0.4,,,,
2025-07-16 13:00,76,24.18,107.45,74.51,0.06,38.58,0.4,,,,
2025-07-16 14:00,76,24.14,107.5,74.82,0.08,39.07,0.41,,,,
2025-07-16 15:00,77,24.3,108.29,75.07,0.09,39.49,0.42,,,,
2025-07-16 16:00,77,24.56,109.23,75.19,0.09,39.85,0.43,,,,
2025-07-16 17:00,78,24.88,110.57,75.53,0.09,40.21,0.44,,,,
2025-07-16 18:00,79,25.34,112.45,75.95,0.09,40.69,0.44,,,,
2025-07-16 19:00,80,25.9,114.49,76.33,0.09,41.07,0.44,,,,
2025-07-16 20:00,82,26.65,116.51,76.71,0.09,41.43,0.44,,,,
2025-07-16 21:00,83,27.48,118.25,76.9,0.09,41.7,0.45,,,,
2025-07-16 22:00,85,28.32,119.17,77.08,0.09,41.78,0.46,,,,
2025-07-16 23:00,87,29.11,121.18,77.01,0.09,41.76,0.47,,,,
2025-07-17 00:00,88,29.76,124.01,76.73,0.1,41.78,0.47,,,,
2025-07-17 00:00,88,29.76,124.01,76.73,0.1,41.78,0.47,,,,
2025-07-17 01:00,89,30.03,124.07,76.86,0.1,42.04,0.47,,,,
2025-07-17 02:00,89,29.95,121.7,77.01,0.1,42.58,0.46,,,,
2025-07-17 03:00,88,29.6,118.79,77.39,0.1,43.3,0.44,,,,
2025-07-17 04:00,87,28.99,119.36,77.43,0.09,43.78,0.43,,,,
2025-07-17 05:00,85,28.35,121.27,77.31,0.08,43.89,0.43,,,,
2025-07-17 06:00,83,27.55,121.14,76.93,0.07,43.44,0.43,,,,
2025-07-17 07:00,82,26.7,119.74,76.35,0.06,42.53,0.43,,,,
2025-07-17 08:00,80,25.9,117.87,76.01,0.05,41.63,0.42,,,,
2025-07-17 09:00,79,25.27,116.06,75.93,0.05,40.93,0.4,,,,
2025-07-17 10:00,78,24.82,114.72,76.22,0.05,40.52,0.39,,,,
2025-07-17 11:00,77,24.29,112.89,76.39,0.05,40.14,0.38,,,,
2025-07-17 12:00,75,23.73,110.71,76.51,0.06,40.04,0.37,,,,
2025-07-17 13:00,74,23.16,108.35,76.95,0.07,40.09,0.36,,,,
2025-07-17 14:00,73,22.52,105.34,77.27,0.08,40.23,0.35,,,,
2025-07-17 15:00,72,21.97,102.76,77.67,0.08,40.46,0.35,,,,
2025-07-17 16:00,71,21.46,100.29,77.88,0.08,40.62,0.34,,,,
2025-07-17 17:00,70,21.04,98.1,78.38,0.08,40.93,0.34,,,,
2025-07-17 18:00,69,20.68,95.95,78.74,0.08,41.32,0.34,,,,
2025-07-17 19:00,68,20.27,93.48,79.19,0.08,41.77,0.34,,,,
2025-07-17 20:00,68,20.08,91.95,79.64,0.07,42.17,0.34,,,,
2025-07-17 21:00,68,20.41,93.03,79.49,0.07,42.2,0.34,,,,
2025-07-17 22:00,70,21.3,96.7,79.19,0.07,41.98,0.35,,,,
2025-07-17 23:00,72,22.3,100.72,79.27,0.07,41.88,0.36,,,,
2025-07-18 00:00,74,23.02,103.47,79.46,0.07,41.96,0.35,,,,
2025-07-18 00:00,74,23.02,103.47,79.46,0.07,41.96,0.35,,,,
2025-07-18 01:00,74,23.05,99.88,79.77,0.07,42.17,0.33,,,,
2025-07-18 02:00,73,22.57,93.96,80.34,0.08,42.89,0.31,,,,
2025-07-18 03:00,72,21.93,89.2,80.88,0.08,43.63,0.28,,,,
2025-07-18 04:00,71,21.48,87.61,81.05,0.08,44.11,0.27,,,,
2025-07-18 05:00,71,21.47,88.28,80.96,0.06,43.88,0.26,,,,
2025-07-18 06:00,71,21.67,88.61,80.5,0.05,43.21,0.26,,,,
2025-07-18 07:00,71,21.74,87.75,79.66,0.05,42.24,0.25,,,,
2025-07-18 08:00,71,21.55,85.41,78.85,0.05,41.0,0.25,,,,
2025-07-18 09:00,70,21.17,83.01,78.02,0.05,39.93,0.24,,,,
2025-07-18 10:00,69,20.7,80.9,77.51,0.05,39.12,0.24,,,,
2025-07-18 11:00,68,20.11,79.2,77.02,0.06,38.51,0.24,,,,
2025-07-18 12:00,67,19.59,78.33,76.63,0.06,38.3,0.24,,,,
2025-07-18 13:00,66,19.26,78.57,76.61,0.07,38.56,0.24,,,,
2025-07-18 14:00,66,19.05,79.32,76.89,0.08,39.03,0.24,,,,
2025-07-18 15:00,65,18.98,80.32,77.32,0.09,39.75,0.25,,,,
2025-07-18 16:00,65,18.98,81.03,77.63,0.09,40.45,0.26,,,,
2025-07-18 17:00,66,19.22,82.01,77.83,0.09,41.01,0.27,,,,
2025-07-18 18:00,66,19.44,82.33,78.2,0.09,41.55,0.28,,,,
2025-07-18 19:00,66,19.44,81.37,78.91,0.09,42.04,0.29,,,,
2025-07-18 20:00,66,19.39,80.29,79.57,0.09,42.51,0.3,,,,
2025-07-18 21:00,67,19.5,80.35,80.11,0.09,42.79,0.32,,,,
2025-07-18 22:00,67,19.62,77.79,80.19,0.09,42.9,0.33,,,,
2025-07-18 23:00,67,19.75,75.77,80.19,0.09,42.87,0.33,,,,
2025-07-19 00:00,68,20.02,75.4,79.98,0.09,42.89,0.33,,,,
2025-07-19 00:00,68,20.02,75.4,79.98,0.09,42.89,0.33,,,,
2025-07-19 01:00,68,20.23,76.82,80.02,0.08,42.91,0.34,,,,
2025-07-19 02:00,69,20.89,78.9,79.77,0.09,42.65,0.35,,,,
2025-07-19 03:00,70,21.31,78.21,79.46,0.1,42.44,0.35,,,,
2025-07-19 04:00,71,21.61,77.37,78.97,0.1,42.09,0.35,,,,
2025-07-19 05:00,72,21.89,77.29,78.64,0.09,41.79,0.35,,,,
2025-07-19 06:00,72,22.13,77.51,78.14,0.07,41.46,0.34,,,,
2025-07-19 07:00,72,22.21,77.68,77.65,0.06,41.06,0.33,,,,
2025-07-19 08:00,72,21.9,77.34,77.11,0.06,40.6,0.32,,,,
2025-07-19 09:00,71,21.76,78.15,76.6,0.05,40.07,0.31,,,,
2025-07-19 10:00,71,21.44,78.24,76.52,0.05,39.83,0.31,,,,
2025-07-19 11:00,70,20.95,77.04,76.46,0.06,39.73,0.31,,,,
2025-07-19 12:00,68,20.34,75.17,77.16,0.07,40.03,0.32,,,,
2025-07-19 13:00,66,19.23,71.81,78.59,0.08,40.76,0.33,,,,
2025-07-19 14:00,63,17.64,67.27,80.57,0.09,41.66,0.33,,,,
2025-07-19 15:00,59,16.02,62.77,82.66,0.09,42.51,0.33,,,,
2025-07-19 16:00,56,14.64,58.8,84.7,0.09,43.06,0.33,,,,
2025-07-19 17:00,54,13.75,55.95,86.41,0.09,43.27,0.34,,,,
2025-07-19 18:00,55,14.0,57.18,87.81,0.09,43.05,0.36,,,,
2025-07-19 19:00,56,14.55,58.86,88.86,0.1,42.67,0.39,,,,
2025-07-19 20:00,57,14.99,60.83,89.58,0.1,42.37,0.39,,,,
2025-07-19 21:00,57,14.86,61.45,89.6,0.1,42.15,0.38,,,,
2025-07-19 22:00,56,14.57,60.31,88.39,0.1,41.77,0.37,,,,
2025-07-19 23:00,57,14.8,61.96,85.98,0.11,40.93,0.37,,,,
2025-07-20 00:00,58,15.46,65.3,83.17,0.11,39.78,0.39,,,,
2025-07-20 00:00,58,15.46,65.3,83.17,0.11,39.78,0.39,,,,
2025-07-20 01:00,59,16.12,69.5,81.24,0.11,39.16,0.4,,,,
2025-07-20 02:00,60,16.24,69.64,80.84,0.11,39.27,0.39,,,,
2025-07-20 03:00,59,16.05,66.49,81.31,0.11,40.0,0.36,,,,
2025-07-20 04:00,60,16.19,65.33,81.46,0.11,40.8,0.35,,,,
2025-07-20 05:00,61,17.05,68.96,80.89,0.1,41.26,0.36,,,,
2025-07-20 06:00,65,18.6,77.28,79.6,0.09,41.28,0.37,,,,
2025-07-20 07:00,68,20.35,85.98,78.0,0.08,41.19,0.38,,,,
2025-07-20 08:00,71,21.74,92.46,76.71,0.07,41.37,0.38,,,,
2025-07-20 09:00,73,22.5,96.2,76.26,0.07,41.89,0.38,,,,
2025-07-20 10:00,74,22.92,100.62,76.14,0.06,42.7,0.38,,,,
2025-07-20 11:00,74,22.97,102.43,75.95,0.07,43.52,0.38,,,,
2025-07-20 12:00,73,22.72,101.59,75.39,0.07,44.17,0.38,,,,
2025-07-20 13:00,72,22.31,100.46,74.68,0.08,44.75,0.39,,,,
2025-07-20 14:00,71,21.82,98.27,74.22,0.1,45.22,0.39,,,,
2025-07-20 15:00,71,21.51,96.04,74.35,0.1,45.9,0.39,,,,
2025-07-20 16:00,71,21.48,95.34,74.96,0.1,46.59,0.39,,,,
2025-07-20 17:00,72,21.9,97.47,75.75,0.1,47.3,0.39,,,,
2025-07-20 18:00,74,22.84,102.76,76.34,0.1,47.84,0.4,,,,
2025-07-20 19:00,76,24.01,110.04,76.45,0.09,47.98,0.4,,,,
2025-07-20 20:00,79,25.33,118.54,76.63,0.09,47.92,0.4,,,,
2025-07-20 21:00,82,26.88,128.22,76.32,0.09,47.59,0.41,,,,
2025-07-20 22:00,85,28.19,134.08,75.5,0.09,47.2,0.41,,,,
2025-07-20 23:00,86,28.78,134.18,74.34,0.09,46.8,0.41,,,,
2025-07-21 00:00,86,28.61,130.94,73.1,0.09,46.59,0.41,,,,
2025-07-21 00:00,86,28.61,130.94,73.1,0.09,46.59,0.41,,,,
2025-07-21 01:00,84,27.6,119.55,72.24,0.09,46.57,0.39,,,,
2025-07-21 02:00,81,26.5,106.63,71.68,0.09,46.75,0.38,,,,
2025-07-21 03:00,79,25.63,95.87,71.59,0.09,47.1,0.36,,,,
2025-07-21 04:00,78,24.82,89.82,71.96,0.08,47.6,0.34,,,,
2025-07-21 05:00,76,23.79,85.32,72.5,0.07,48.06,0.33,,,,
2025-07-21 06:00,73,22.48,79.6,73.05,0.07,48.45,0.31,,,,
2025-07-21 07:00,70,21.14,73.99,73.28,0.05,48.55,0.29,,,,
2025-07-21 08:00,68,19.98,69.92,73.41,0.05,48.21,0.28,,,,
2025-07-21 09:00,65,18.97,67.3,73.26,0.04,47.63,0.27,,,,
2025-07-21 10:00,64,18.22,66.3,73.29,0.04,47.17,0.27,,,,
2025-07-21 11:00,63,17.76,66.56,73.25,0.04,46.96,0.27,,,,
2025-07-21 12:00,63,17.6,67.69,73.41,0.05,47.04,0.27,,,,
2025-07-21 13:00,63,17.57,68.82,73.77,0.06,47.48,0.27,,,,
2025-07-21 14:00,63,17.7,70.52,74.07,0.07,47.96,0.28,,,,
2025-07-21 15:00,63,17.97,73.54,74.2,0.07,48.46,0.29,,,,
2025-07-21 16:00,63,17.86,73.91,74.24,0.07,48.97,0.29,,,,
2025-07-21 17:00,62,17.47,72.37,74.43,0.07,49.63,0.3,,,,
2025-07-21 18:00,62,17.22,70.8,74.64,0.07,50.27,0.3,,,,
2025-07-21 19:00,62,17.24,70.52,74.61,0.07,50.69,0.31,,,,
2025-07-21 20:00,62,17.56,71.66,74.59,0.08,50.97,0.32,,,,
2025-07-21 21:00,63,17.81,73.0,74.43,0.08,51.14,0.32,,,,
2025-07-21 22:00,63,17.82,74.18,74.12,0.08,51.08,0.32,,,,
2025-07-21 23:00,63,17.57,75.31,73.79,0.08,51.05,0.32,,,,
2025-07-22 00:00,62,17.19,75.48,73.42,0.07,50.98,0.31,,,,
2025-07-22 00:00,62,17.19,75.48,73.42,0.07,50.98,0.31,,,,
2025-07-22 01:00,60,16.52,71.03,73.12,0.07,50.9,0.3,,,,
2025-07-22 02:00,59,15.88,63.99,72.92,0.08,50.97,0.29,,,,
2025-07-22 03:00,58,15.22,57.03,72.95,0.08,51.04,0.27,,,,
2025-07-22 04:00,57,14.75,54.48,72.68,0.07,50.9,0.25,,,,
2025-07-22 05:00,57,14.89,56.07,72.41,0.06,50.46,0.26,,,,
2025-07-22 06:00,57,15.02,57.27,72.2,0.05,49.7,0.26,,,,
2025-07-22 07:00,57,14.98,57.4,72.17,0.04,48.58,0.26,,,,
2025-07-22 08:00,56,14.66,55.85,72.02,0.04,47.1,0.25,,,,
2025-07-22 09:00,55,14.19,53.08,71.98,0.04,45.64,0.25,,,,
2025-07-22 10:00,54,13.73,49.78,72.11,0.04,44.6,0.24,,,,
2025-07-22 11:00,54,13.32,46.18,72.13,0.04,43.67,0.24,,,,
2025-07-22 12:00,53,13.11,43.32,72.06,0.05,43.03,0.24,,,,
2025-07-22 13:00,53,13.03,41.47,72.21,0.06,42.66,0.25,,,,
2025-07-22 14:00,53,13.0,40.98,72.77,0.07,42.47,0.25,,,,
2025-07-22 15:00,54,13.33,43.57,73.31,0.07,42.49,0.26,,,,
2025-07-22 16:00,54,13.63,47.24,74.16,0.07,42.77,0.28,,,,
2025-07-22 17:00,55,14.07,51.02,75.24,0.07,43.34,0.29,,,,
2025-07-22 18:00,56,14.62,54.66,76.76,0.07,44.17,0.31,,,,
2025-07-22 19:00,57,14.95,55.35,78.25,0.07,45.08,0.31,,,,
2025-07-22 20:00,57,14.93,53.48,79.74,0.07,45.98,0.3,,,,
2025-07-22 21:00,56,14.66,51.2,81.12,0.07,46.72,0.29,,,,
2025-07-22 22:00,56,14.32,50.98,81.94,0.07,47.22,0.28,,,,
2025-07-22 23:00,56,14.31,52.41,82.32,0.08,47.56,0.29,,,,
2025-07-23 00:00,56,14.35,52.64,82.5,0.08,47.89,0.29,,,,
2025-07-23 00:00,56,14.35,52.64,82.5,0.08,47.89,0.29,,,,
2025-07-23 01:00,56,14.33,51.27,82.66,0.08,48.51,0.3,,,,
2025-07-23 02:00,56,14.51,50.84,82.53,0.08,49.11,0.3,,,,
2025-07-23 03:00,57,14.98,52.35,82.08,0.08,49.82,0.3,,,,
2025-07-23 04:00,58,15.33,54.89,81.87,0.07,50.6,0.31,,,,
2025-07-23 05:00,59,15.84,59.45,81.47,0.06,51.34,0.32,,,,
2025-07-23 06:00,60,16.4,64.77,80.84,0.06,51.72,0.34,,,,
2025-07-23 07:00,61,16.91,69.64,79.59,0.05,51.56,0.36,,,,
2025-07-23 08:00,62,17.34,73.16,77.58,0.05,50.82,0.38,,,,
2025-07-23 09:00,63,17.7,75.06,75.57,0.05,49.64,0.4,,,,
2025-07-23 10:00,63,18.0,76.68,74.17,0.05,48.38,0.41,,,,
2025-07-23 11:00,63,17.98,77.24,73.36,0.05,47.22,0.42,,,,
2025-07-23 12:00,63,17.72,76.57,73.32,0.05,46.41,0.42,,,,
2025-07-23 13:00,62,17.36,73.72,73.81,0.06,46.09,0.41,,,,
2025-07-23 14:00,60,16.42,69.13,74.47,0.07,46.01,0.41,,,,
2025-07-23 15:00,58,15.27,64.83,75.05,0.08,46.15,0.41,,,,
2025-07-23 16:00,57,14.9,63.5,75.71,0.08,46.38,0.42,,,,
2025-07-23 17:00,60,16.15,69.44,76.73,0.08,46.8,0.43,,,,
2025-07-23 18:00,65,18.9,82.26,78.0,0.08,47.25,0.44,,,,
2025-07-23 19:00,72,22.24,96.35,79.33,0.08,47.65,0.45,,,,
2025-07-23 20:00,78,25.13,108.14,80.37,0.08,47.85,0.45,,,,
2025-07-23 21:00,83,27.1,115.73,80.43,0.09,47.74,0.46,,,,
2025-07-23 22:00,84,27.71,117.18,79.92,0.09,47.43,0.46,,,,
2025-07-23 23:00,82,26.89,112.67,79.09,0.08,47.16,0.46,,,,
2025-07-24 00:00,78,25.16,105.58,78.44,0.08,47.12,0.45,,,,
2025-07-24 00:00,78,25.16,105.58,78.44,0.08,47.12,0.45,,,,
2025-07-24 01:00,74,23.21,98.02,78.24,0.08,47.39,0.44,,,,
2025-07-24 02:00,70,21.26,88.89,78.25,0.08,48.02,0.41,,,,
2025-07-24 03:00,68,20.1,82.2,78.46,0.08,48.71,0.39,,,,
2025-07-24 04:00,67,19.83,80.31,78.36,0.07,49.28,0.37,,,,
2025-07-24 05:00,68,20.24,82.29,78.03,0.06,49.47,0.36,,,,
2025-07-24 06:00,69,20.88,84.69,77.49,0.05,49.24,0.35,,,,
2025-07-24 07:00,71,21.57,88.52,76.98,0.04,48.59,0.35,,,,
2025-07-24 08:00,72,22.28,92.31,76.55,0.04,47.55,0.36,,,,
2025-07-24 09:00,74,22.93,94.5,76.03,0.04,46.42,0.37,,,,
2025-07-24 10:00,75,23.51,97.21,75.96,0.04,45.52,0.38,,,,
2025-07-24 11:00,75,23.56,98.1,75.97,0.04,44.98,0.39,,,,
2025-07-24 12:00,74,23.04,96.32,76.16,0.05,44.88,0.4,,,,
2025-07-24 13:00,72,22.08,92.44,76.93,0.06,45.28,0.4,,,,
2025-07-24 14:00,69,20.87,87.14,77.72,0.08,45.83,0.4,,,,
2025-07-24 15:00,68,20.0,83.28,78.55,0.09,46.38,0.39,,,,
2025-07-24 16:00,67,19.73,81.9,79.16,0.09,46.71,0.39,,,,
2025-07-24 17:00,67,19.94,82.03,79.82,0.09,46.84,0.39,,,,
2025-07-24 18:00,69,20.68,82.93,80.14,0.09,46.74,0.39,,,,
2025-07-24 19:00,72,22.13,85.49,80.12,0.09,46.34,0.39,,,,
2025-07-24 20:00,77,24.41,93.75,79.59,0.09,45.72,0.39,,,,
2025-07-24 21:00,82,26.99,106.01,78.61,0.09,44.87,0.42,,,,
2025-07-24 22:00,85,28.41,111.87,77.21,0.09,44.2,0.44,,,,
2025-07-24 23:00,84,27.96,108.27,76.0,0.09,43.93,0.45,,,,
2025-07-25 00:00,82,26.69,101.88,75.11,0.09,44.11,0.44,,,,
2025-07-25 00:00,82,26.69,101.88,75.11,0.09,44.11,0.44,,,,
2025-07-25 01:00,80,25.82,98.78,74.58,0.09,44.42,0.44,,,,
2025-07-25 02:00,80,25.92,100.04,73.81,0.1,44.57,0.44,,,,
2025-07-25 03:00,80,26.01,101.27,73.43,0.1,44.86,0.44,,,,
2025-07-25 04:00,80,26.05,104.37,73.05,0.08,45.34,0.44,,,,
2025-07-25 05:00,80,26.0,107.79,73.18,0.07,46.02,0.43,,,,
2025-07-25 06:00,80,25.87,109.67,73.82,0.06,46.76,0.42,,,,
2025-07-25 07:00,80,25.8,110.49,74.74,0.05,47.37,0.41,,,,
2025-07-25 08:00,80,25.82,110.82,75.76,0.04,47.97,0.4,,,,
2025-07-25 09:00,80,26.03,110.77,76.63,0.04,48.22,0.39,,,,
2025-07-25 10:00,81,26.28,108.32,77.03,0.04,48.55,0.39,,,,
2025-07-25 11:00,81,26.15,103.61,76.97,0.05,48.87,0.39,,,,
2025-07-25 12:00,79,25.61,97.75,76.89,0.05,49.56,0.39,,,,
2025-07-25 13:00,77,24.47,92.09,77.44,0.06,50.9,0.39,,,,
2025-07-25 14:00,76,23.76,89.45,78.31,0.08,52.51,0.4,,,,
2025-07-25 15:00,76,24.09,91.35,78.76,0.08,53.89,0.41,,,,
2025-07-25 16:00,78,24.94,93.98,78.73,0.09,54.66,0.43,,,,
2025-07-25 17:00,81,26.18,97.58,78.28,0.09,54.89,0.44,,,,
2025-07-25 18:00,84,27.83,103.5,77.31,0.09,54.44,0.46,,,,
2025-07-25 19:00,87,29.38,107.94,75.67,0.09,53.17,0.47,,,,
2025-07-25 20:00,90,30.45,108.46,74.41,0.09,51.96,0.47,,,,
2025-07-25 21:00,91,31.12,108.85,73.46,0.09,51.11,0.47,,,,
2025-07-25 22:00,91,31.32,105.17,72.85,0.09,50.65,0.46,,,,
2025-07-25 23:00,91,31.35,102.0,72.55,0.09,50.54,0.45,,,,
2025-07-26 00:00,91,31.24,102.23,72.25,0.09,50.79,0.45,,,,
2025-07-26 00:00,91,31.24,102.23,72.25,0.09,50.79,0.45,,,,
2025-07-26 01:00,90,30.75,104.32,72.54,0.08,51.51,0.43,,,,
2025-07-26 02:00,89,30.01,107.48,73.1,0.08,52.77,0.43,,,,
2025-07-26 03:00,87,29.19,109.68,73.51,0.09,53.9,0.42,,,,
2025-07-26 04:00,85,28.47,109.06,73.25,0.08,54.24,0.42,,,,
2025-07-26 05:00,85,28.15,107.12,72.25,0.07,53.4,0.43,,,,
2025-07-26 06:00,83,27.55,101.04,71.26,0.05,52.36,0.42,,,,
2025-07-26 07:00,82,26.69,94.33,70.63,0.04,51.29,0.41,,,,
2025-07-26 08:00,80,25.71,89.74,70.44,0.04,50.5,0.4,,,,
2025-07-26 09:00,78,24.88,88.05,70.63,0.04,49.83,0.39,,,,
2025-07-26 10:00,77,24.65,91.48,71.2,0.04,49.36,0.4,,,,
2025-07-26 11:00,79,25.26,98.76,71.62,0.04,48.92,0.43,,,,
2025-07-26 12:00,82,26.61,108.24,72.2,0.05,48.76,0.46,,,,
2025-07-26 13:00,85,28.09,115.79,72.96,0.06,49.2,0.49,,,,
2025-07-26 14:00,88,29.73,124.5,73.63,0.08,49.92,0.52,,,,
2025-07-26 15:00,92,31.78,135.65,74.1,0.09,50.77,0.54,,,,
2025-07-26 16:00,97,33.96,147.53,74.25,0.09,51.38,0.56,,,,
2025-07-26 17:00,103,36.21,160.12,74.02,0.09,51.82,0.59,,,,
2025-07-26 18:00,107,37.96,170.97,73.52,0.09,51.94,0.61,,,,
2025-07-26 19:00,109,38.63,177.56,72.64,0.09,51.71,0.62,,,,
2025-07-26 20:00,108,38.4,180.01,71.67,0.09,51.3,0.63,,,,
2025-07-26 21:00,106,37.68,179.43,70.77,0.09,50.8,0.63,,,,
2025-07-26 22:00,104,36.78,176.41,70.22,0.09,50.22,0.64,,,,
2025-07-26 23:00,102,35.71,171.62,69.53,0.09,49.68,0.65,,,,
2025-07-27 00:00,98,34.61,166.76,69.07,0.09,49.27,0.64,,,,
2025-07-27 00:00,98,34.61,166.76,69.07,0.09,49.27,0.64,,,,
2025-07-27 01:00,95,33.24,161.23,69.0,0.09,49.36,0.63,,,,
2025-07-27 02:00,94,32.43,159.12,69.25,0.09,49.82,0.61,,,,
2025-07-27 03:00,92,31.42,155.91,69.39,0.09,50.1,0.6,,,,
2025-07-27 04:00,89,30.22,151.04,69.03,0.09,49.92,0.59,,,,
2025-07-27 05:00,86,28.82,144.77,68.64,0.08,49.57,0.58,,,,
2025-07-27 06:00,83,27.33,137.98,68.54,0.07,49.53,0.56,,,,
2025-07-27 07:00,80,25.94,132.05,69.34,0.06,50.35,0.53,,,,
2025-07-27 08:00,79,25.53,130.49,70.96,0.05,51.78,0.5,,,,
2025-07-27 09:00,81,26.57,135.42,72.29,0.05,52.63,0.49,,,,
2025-07-27 10:00,86,28.51,144.34,72.96,0.06,52.67,0.51,,,,
2025-07-27 11:00,90,30.42,153.05,72.79,0.06,52.05,0.54,,,,
2025-07-27 12:00,92,31.63,158.54,72.53,0.08,51.44,0.57,,,,
2025-07-27 13:00,94,32.43,162.82,72.83,0.09,51.25,0.57,,,,
2025-07-27 14:00,96,33.32,167.8,73.38,0.09,51.24,0.57,,,,
2025-07-27 15:00,98,34.41,174.17,73.55,0.1,50.82,0.56,,,,
2025-07-27 16:00,100,35.36,180.31,73.33,0.1,50.14,0.56,,,,
2025-07-27 17:00,102,36.01,185.58,72.81,0.1,49.35,0.56,,,,
2025-07-27 18:00,102,35.94,187.44,72.14,0.1,48.39,0.56,,,,
2025-07-27 19:00,99,34.87,183.75,71.11,0.1,46.94,0.58,,,,
2025-07-27 20:00,96,33.34,175.81,70.04,0.11,45.35,0.6,,,,
2025-07-27 21:00,93,31.9,167.07,69.41,0.11,44.2,0.62,,,,
2025-07-27 22:00,91,30.95,161.28,69.47,0.11,44.06,0.62,,,,
2025-07-27 23:00,89,30.37,158.1,70.06,0.1,44.71,0.61,,,,
2025-07-28 00:00,88,29.8,155.15,70.56,0.1,45.15,0.6,,,,
2025-07-28 00:00,88,29.8,155.15,70.56,0.1,45.15,0.6,,,,
2025-07-28 01:00,87,29.12,150.72,70.47,0.1,45.18,0.6,,,,
2025-07-28 02:00,85,28.46,145.41,70.31,0.1,44.9,0.6,,,,
2025-07-28 03:00,84,27.63,139.86,70.19,0.11,44.75,0.6,,,,
2025-07-28 04:00,83,27.23,137.33,70.11,0.1,44.89,0.6,,,,
2025-07-28 05:00,83,27.28,137.54,69.98,0.1,45.11,0.61,,,,
2025-07-28 06:00,83,27.5,138.5,69.79,0.09,45.25,0.63,,,,
2025-07-28 07:00,83,27.47,137.94,69.63,0.08,45.32,0.64,,,,
2025-07-28 08:00,82,26.81,134.36,69.45,0.08,45.24,0.64,,,,
2025-07-28 09:00,82,26.74,133.88,69.54,0.08,45.29,0.63,,,,
2025-07-28 10:00,83,27.18,136.49,69.75,0.08,45.41,0.62,,,,
2025-07-28 11:00,84,27.98,141.33,69.81,0.08,45.37,0.61,,,,
2025-07-28 12:00,86,28.97,146.99,69.78,0.08,45.34,0.6,,,,
2025-07-28 13:00,89,30.17,153.59,69.93,0.09,45.44,0.6,,,,
2025-07-28 14:00,92,31.39,160.31,69.86,0.1,45.4,0.6,,,,
2025-07-28 15:00,94,32.44,166.07,69.62,0.1,45.27,0.61,,,,
2025-07-28 16:00,95,33.02,169.52,69.45,0.1,45.13,0.62,,,,
2025-07-28 17:00,95,32.93,169.08,69.39,0.1,45.15,0.63,,,,
2025-07-28 18:00,93,32.22,164.75,69.13,0.1,45.16,0.64,,,,
2025-07-28 19:00,91,30.95,157.79,68.87,0.1,45.13,0.65,,,,
2025-07-28 20:00,88,29.71,151.38,68.71,0.1,45.53,0.66,,,,
2025-07-28 21:00,86,28.59,145.26,69.03,0.1,46.2,0.66,,,,
2025-07-28 22:00,83,27.5,139.04,69.27,0.1,47.0,0.66,,,,
2025-07-28 23:00,82,26.86,135.14,69.55,0.09,47.68,0.67,,,,
2025-07-29 00:00,81,26.16,130.54,69.45,0.09,47.97,0.68,,,,
2025-07-29 00:00,81,26.16,130.54,69.45,0.09,47.97,0.68,,,,
2025-07-29 01:00,78,24.92,122.66,69.31,0.09,48.23,0.68,,,,
2025-07-29 02:00,75,23.44,114.45,69.48,0.09,48.67,0.65,,,,
2025-07-29 03:00,74,22.81,112.17,70.06,0.08,49.33,0.64,,,,
2025-07-29 04:00,74,23.1,115.42,70.58,0.07,49.85,0.64,,,,
2025-07-29 05:00,75,23.42,117.98,70.87,0.07,49.88,0.64,,,,
2025-07-29 06:00,76,23.75,119.71,71.05,0.06,49.36,0.64,,,,
2025-07-29 07:00,77,24.41,121.39,71.11,0.05,48.37,0.64,,,,
2025-07-29 08:00,79,25.42,125.32,71.47,0.05,47.43,0.64,,,,
2025-07-29 09:00,81,26.36,129.47,72.26,0.05,46.81,0.62,,,,
2025-07-29 10:00,83,27.32,135.29,73.48,0.05,46.65,0.6,,,,
2025-07-29 11:00,85,28.48,141.07,74.45,0.05,46.59,0.59,,,,
2025-07-29 12:00,89,30.11,148.04,75.09,0.06,46.58,0.58,,,,
2025-07-29 13:00,93,32.25,157.4,75.34,0.08,46.56,0.59,,,,
2025-07-29 14:00,98,34.44,167.25,74.71,0.09,46.14,0.61,,,,
2025-07-29 15:00,103,36.17,175.59,73.57,0.1,45.69,0.62,,,,
2025-07-29 16:00,104,36.92,180.89,72.36,0.1,45.31,0.63,,,,
2025-07-29 17:00,104,36.82,182.09,71.0,0.1,44.96,0.64,,,,
2025-07-29 18:00,102,35.83,177.42,69.42,0.1,44.33,0.68,,,,
2025-07-29 19:00,98,34.33,168.93,67.93,0.1,43.8,0.7,,,,
2025-07-29 20:00,95,32.96,161.13,67.1,0.1,43.73,0.71,,,,
2025-07-29 21:00,93,32.13,155.51,66.88,0.1,43.92,0.72,,,,
2025-07-29 22:00,93,31.94,153.78,67.08,0.1,44.61,0.71,,,,
2025-07-29 23:00,93,31.97,153.18,67.18,0.1,45.12,0.72,,,,
2025-07-30 00:00,93,31.85,151.87,67.07,0.1,45.41,0.73,,,,
2025-07-30 00:00,93,31.85,151.87,67.07,0.1,45.41,0.73,,,,
2025-07-30 01:00,92,31.66,151.41,67.33,0.1,45.94,0.74,,,,
2025-07-30 02:00,92,31.5,151.85,67.67,0.1,46.7,0.74,,,,
2025-07-30 03:00,92,31.48,154.07,68.35,0.09,47.95,0.72,,,,
2025-07-30 04:00,92,31.46,156.34,68.97,0.09,49.15,0.71,,,,
2025-07-30 05:00,91,31.33,156.94,69.18,0.07,50.06,0.7,,,,
2025-07-30 06:00,92,31.49,158.04,69.27,0.06,50.7,0.68,,,,
2025-07-30 07:00,93,31.88,159.42,69.32,0.06,50.83,0.67,,,,
2025-07-30 08:00,93,32.15,159.12,69.18,0.05,50.51,0.67,,,,
2025-07-30 09:00,94,32.35,157.15,68.84,0.05,49.81,0.68,,,,
2025-07-30 10:00,95,32.82,155.08,68.52,0.06,49.01,0.69,,,,
2025-07-30 11:00,96,33.58,153.86,68.35,0.06,48.28,0.7,,,,
2025-07-30 12:00,99,34.89,155.45,68.62,0.07,47.96,0.71,,,,
2025-07-30 13:00,104,36.92,160.45,69.76,0.09,48.16,0.71,,,,
2025-07-30 14:00,110,39.31,166.87,71.28,0.11,48.61,0.71,,,,
2025-07-30 15:00,116,41.51,172.21,72.5,0.11,48.8,0.7,,,,
2025-07-30 16:00,119,42.72,174.94,73.02,0.12,48.53,0.7,,,,
2025-07-30 17:00,119,42.88,175.34,72.93,0.12,47.77,0.7,,,,
2025-07-30 18:00,117,42.13,173.0,72.57,0.12,46.66,0.7,,,,
2025-07-30 19:00,113,40.46,168.58,72.15,0.12,45.51,0.7,,,,
2025-07-30 20:00,108,38.35,163.21,72.25,0.12,44.91,0.7,,,,
2025-07-30 21:00,103,36.24,158.39,72.35,0.11,44.89,0.69,,,,
2025-07-30 22:00,98,34.53,154.7,72.49,0.11,45.3,0.67,,,,
2025-07-30 23:00,95,32.93,150.18,71.99,0.11,45.46,0.67,,,,
2025-07-31 00:00,92,31.43,143.89,70.93,0.11,45.46,0.67,,,,
2025-07-31 00:00,92,31.43,143.89,70.93,0.11,45.46,0.67,,,,
2025-07-31 01:00,90,30.48,142.06,70.08,0.11,45.66,0.67,,,,
2025-07-31 02:00,89,29.96,141.56,69.94,0.11,46.25,0.66,,,,
2025-07-31 03:00,88,29.49,139.91,70.18,0.1,46.94,0.64,,,,
2025-07-31 04:00,87,29.18,138.39,70.58,0.1,47.54,0.62,,,,
2025-07-31 05:00,87,29.12,138.06,71.4,0.09,48.05,0.61,,,,
2025-07-31 06:00,87,29.08,137.56,72.05,0.08,48.09,0.6,,,,
2025-07-31 07:00,87,29.39,137.61,72.21,0.07,47.73,0.6,,,,
2025-07-31 08:00,88,29.57,134.38,72.27,0.06,47.08,0.59,,,,
2025-07-31 09:00,88,29.63,133.11,72.18,0.06,46.26,0.58,,,,
2025-07-31 10:00,88,29.73,132.61,71.98,0.06,45.65,0.58,,,,
2025-07-31 11:00,88,29.8,134.33,72.14,0.07,45.39,0.57,,,,
2025-07-31 12:00,88,29.88,137.84,72.33,0.08,45.46,0.57,,,,
2025-07-31 13:00,88,29.93,139.15,72.8,0.09,45.65,0.56,,,,
2025-07-31 14:00,89,30.08,139.69,73.1,0.11,45.74,0.55,,,,
2025-07-31 15:00,89,30.31,139.97,73.34,0.11,45.54,0.55,,,,
2025-07-31 16:00,90,30.58,140.46,73.35,0.11,45.23,0.54,,,,
2025-07-31 17:00,91,31.01,142.07,73.66,0.11,44.99,0.54,,,,
2025-07-31 18:00,92,31.55,144.89,74.48,0.11,44.92,0.53,,,,
2025-07-31 19:00,93,31.92,147.74,75.34,0.11,44.85,0.51,,,,
2025-07-31 20:00,93,32.07,149.8,76.23,0.1,44.87,0.51,,,,
2025-07-31 21:00,92,31.65,149.29,76.66,0.1,44.88,0.51,,,,
2025-07-31 22:00,90,30.54,144.1,76.55,0.1,44.92,0.52,,,,
2025-07-31 23:00,87,29.06,136.64,76.13,0.1,45.04,0.53,,,,
2025-08-01 00:00,84,27.61,129.85,75.66,0.1,45.29,0.54,,,,
2025-08-01 00:00,84,27.61,129.85,75.66,0.1,45.29,0.54,,,,
2025-08-01 01:00,80,25.81,118.61,75.17,0.1,45.73,0.53,,,,
2025-08-01 02:00,75,23.46,103.01,75.39,0.1,46.46,0.5,,,,
2025-08-01 03:00,71,21.43,89.79,75.59,0.1,47.12,0.47,,,,
2025-08-01 04:00,68,20.08,79.59,75.32,0.08,47.44,0.44,,,,
2025-08-01 05:00,67,19.66,73.25,74.9,0.07,47.32,0.43,,,,
2025-08-01 06:00,67,19.6,68.27,74.68,0.07,46.8,0.42,,,,
2025-08-01 07:00,67,19.57,65.52,75.03,0.06,46.23,0.41,,,,
2025-08-01 08:00,67,19.56,64.75,75.99,0.06,45.71,0.4,,,,
2025-08-01 09:00,67,19.7,65.37,77.52,0.05,45.35,0.39,,,,
2025-08-01 10:00,68,19.96,67.95,79.24,0.05,45.23,0.38,,,,
2025-08-01 11:00,68,20.1,70.63,80.85,0.05,45.15,0.37,,,,
2025-08-01 12:00,69,20.45,74.81,81.54,0.05,45.09,0.38,,,,
2025-08-01 13:00,70,21.08,81.17,81.76,0.06,45.05,0.39,,,,
2025-08-01 14:00,72,21.93,88.78,81.49,0.08,44.96,0.41,,,,
2025-08-01 15:00,74,23.17,98.04,80.33,0.09,44.67,0.43,,,,
2025-08-01 16:00,77,24.46,108.02,78.49,0.09,44.01,0.45,,,,
2025-08-01 17:00,79,25.64,116.8,76.46,0.09,43.39,0.46,,,,
2025-08-01 18:00,81,26.29,122.32,74.49,0.09,42.87,0.47,,,,
2025-08-01 19:00,80,25.9,121.78,72.71,0.09,42.56,0.47,,,,
2025-08-01 20:00,77,24.54,113.92,71.4,0.09,42.81,0.46,,,,
2025-08-01 21:00,73,22.69,102.28,70.73,0.09,43.39,0.43,,,,
2025-08-01 22:00,70,20.95,90.78,70.84,0.09,44.35,0.41,,,,
2025-08-01 23:00,66,19.45,79.54,71.42,0.08,45.63,0.38,,,,
2025-08-02 00:00,64,18.41,71.53,72.05,0.08,46.89,0.36,,,,
2025-08-02 00:00,64,18.41,71.53,72.05,0.08,46.89,0.36,,,,
2025-08-02 01:00,63,17.85,68.08,72.53,0.08,48.04,0.35,,,,
2025-08-02 02:00,63,17.85,67.96,72.41,0.08,48.58,0.36,,,,
2025-08-02 03:00,63,17.94,67.19,71.8,0.08,48.73,0.36,,,,
2025-08-02 04:00,63,17.73,64.45,71.17,0.07,48.62,0.36,,,,
2025-08-02 05:00,62,17.47,61.7,70.88,0.06,48.25,0.36,,,,
2025-08-02 06:00,62,17.23,60.09,70.64,0.05,47.7,0.36,,,,
2025-08-02 07:00,61,17.01,58.17,70.59,0.05,46.93,0.36,,,,
2025-08-02 08:00,61,16.85,56.83,70.37,0.05,46.07,0.35,,,,
2025-08-02 09:00,61,16.79,57.39,70.23,0.04,45.22,0.34,,,,
2025-08-02 10:00,61,16.94,61.03,70.49,0.04,44.57,0.34,,,,
2025-08-02 11:00,61,16.85,64.84,70.98,0.04,44.19,0.34,,,,
2025-08-02 12:00,61,16.63,66.38,71.83,0.05,44.18,0.33,,,,
2025-08-02 13:00,60,16.23,63.4,72.93,0.05,44.37,0.32,,,,
2025-08-02 14:00,59,15.99,59.9,74.38,0.06,44.75,0.31,,,,
2025-08-02 15:00,59,16.02,58.8,75.95,0.07,45.02,0.3,,,,
2025-08-02 16:00,60,16.55,61.7,77.17,0.07,45.14,0.31,,,,
2025-08-02 17:00,63,17.7,67.91,77.77,0.08,45.06,0.32,,,,
2025-08-02 18:00,66,19.13,74.6,77.3,0.08,44.9,0.34,,,,
2025-08-02 19:00,68,20.13,77.63,76.05,0.08,44.66,0.34,,,,
2025-08-02 20:00,69,20.64,78.27,74.71,0.08,44.56,0.34,,,,
2025-08-02 21:00,69,20.7,78.08,73.44,0.08,44.63,0.33,,,,
2025-08-02 22:00,68,20.23,74.42,72.48,0.08,44.84,0.32,,,,
2025-08-02 23:00,66,19.36,68.04,72.34,0.08,45.3,0.31,,,,
2025-08-03 00:00,65,18.69,62.79,72.61,0.08,45.98,0.3,,,,
2025-08-03 00:00,65,18.69,62.79,72.61,0.08,45.98,0.3,,,,
2025-08-03 01:00,64,18.48,62.12,73.07,0.08,46.61,0.29,,,,
2025-08-03 02:00,65,18.73,65.33,73.74,0.08,47.27,0.29,,,,
2025-08-03 03:00,66,19.06,68.92,74.46,0.08,48.01,0.29,,,,
2025-08-03 04:00,66,19.23,71.52,74.87,0.07,48.68,0.29,,,,
2025-08-03 05:00,67,19.53,75.45,74.22,0.06,48.56,0.3,,,,
2025-08-03 06:00,67,19.51,77.94,73.46,0.05,48.12,0.31,,,,
2025-08-03 07:00,66,19.13,79.16,72.99,0.05,47.45,0.31,,,,
2025-08-03 08:00,64,18.35,78.59,72.77,0.04,46.72,0.3,,,,
2025-08-03 09:00,62,17.4,76.35,72.75,0.04,46.1,0.29,,,,
2025-08-03 10:00,60,16.53,73.44,72.88,0.05,45.68,0.29,,,,
2025-08-03 11:00,59,15.88,70.67,72.37,0.05,45.07,0.29,,,,
2025-08-03 12:00,58,15.48,68.1,71.28,0.05,44.26,0.3,,,,
2025-08-03 13:00,57,15.11,64.09,70.74,0.06,43.72,0.3,,,,
2025-08-03 14:00,56,14.68,59.39,71.37,0.08,43.59,0.29,,,,
2025-08-03 15:00,56,14.35,56.03,73.01,0.08,43.85,0.29,,,,
2025-08-03 16:00,55,13.9,52.7,75.59,0.08,44.42,0.28,,,,
2025-08-03 17:00,54,13.47,49.97,78.8,0.08,45.26,0.28,,,,
2025-08-03 18:00,54,13.35,48.4,81.1,0.08,45.98,0.28,,,,
2025-08-03 19:00,54,13.47,47.55,81.73,0.08,46.29,0.28,,,,
2025-08-03 20:00,55,13.85,48.46,81.59,0.08,46.42,0.28,,,,
2025-08-03 21:00,55,14.18,49.74,80.7,0.08,46.5,0.28,,,,
2025-08-03 22:00,55,14.21,50.48,79.4,0.08,46.66,0.28,,,,
2025-08-03 23:00,55,13.96,50.84,78.06,0.08,47.08,0.27,,,,
2025-08-04 00:00,54,13.71,51.62,76.89,0.07,47.63,0.28,,,,
2025-08-04 00:00,54,13.71,51.62,76.89,0.07,47.63,0.28,,,,
2025-08-04 01:00,54,13.38,50.22,75.91,0.07,48.24,0.28,,,,
2025-08-04 02:00,53,13.05,48.44,74.98,0.08,48.8,0.27,,,,
2025-08-04 03:00,52,12.67,46.9,74.41,0.08,49.36,0.27,,,,
2025-08-04 04:00,51,12.22,46.47,74.15,0.06,49.82,0.27,,,,
2025-08-04 05:00,49,11.78,46.31,74.14,0.05,50.13,0.26,,,,
2025-08-04 06:00,48,11.43,45.71,74.22,0.04,49.99,0.26,,,,
2025-08-04 07:00,47,11.21,45.05,74.23,0.04,49.31,0.25,,,,
2025-08-04 08:00,47,11.22,44.97,74.21,0.03,48.25,0.25,,,,
2025-08-04 09:00,47,11.27,44.92,74.14,0.03,47.1,0.25,,,,
2025-08-04 10:00,47,11.24,44.07,74.16,0.03,46.17,0.25,,,,
2025-08-04 11:00,45,10.9,42.54,74.22,0.04,45.52,0.25,,,,
2025-08-04 12:00,43,10.41,41.17,74.02,0.04,45.17,0.25,,,,
2025-08-04 13:00,42,9.99,39.48,73.74,0.05,45.03,0.26,,,,
2025-08-04 14:00,41,9.82,37.57,73.52,0.06,44.89,0.27,,,,
2025-08-04 15:00,42,9.97,37.11,73.62,0.07,44.82,0.28,,,,
2025-08-04 16:00,43,10.27,37.11,74.36,0.07,44.76,0.28,,,,
2025-08-04 17:00,44,10.66,37.89,75.85,0.07,44.73,0.29,,,,
2025-08-04 18:00,47,11.23,40.22,77.0,0.07,44.66,0.3,,,,
2025-08-04 19:00,50,11.91,42.91,77.45,0.07,44.39,0.31,,,,
2025-08-04 20:00,52,12.63,45.82,77.53,0.07,44.09,0.32,,,,
2025-08-04 21:00,53,13.21,49.19,77.09,0.08,43.72,0.32,,,,
2025-08-04 22:00,54,13.52,52.21,76.64,0.08,43.39,0.32,,,,
2025-08-04 23:00,54,13.35,52.49,76.41,0.08,43.11,0.32,,,,
2025-08-05 00:00,53,12.87,50.89,76.11,0.08,42.93,0.31,,,,
2025-08-05 00:00,53,12.87,50.89,76.11,0.08,42.93,0.31,,,,
2025-08-05 01:00,52,12.42,50.2,75.7,0.08,42.87,0.31,,,,
2025-08-05 02:00,51,12.12,49.65,75.34,0.08,43.01,0.31,,,,
2025-08-05 03:00,49,11.85,47.89,75.36,0.08,43.39,0.31,,,,
2025-08-05 04:00,49,11.66,46.32,75.67,0.08,43.88,0.3,,,,
2025-08-05 05:00,49,11.81,46.82,76.04,0.07,44.35,0.31,,,,
2025-08-05 06:00,49,11.86,47.0,76.52,0.06,44.69,0.31,,,,
2025-08-05 07:00,49,11.74,46.49,76.76,0.05,44.87,0.32,,,,
2025-08-05 08:00,48,11.49,45.48,76.93,0.05,44.97,0.31,,,,
2025-08-05 09:00,47,11.23,44.7,76.8,0.05,44.9,0.31,,,,
2025-08-05 10:00,46,10.95,44.54,76.69,0.05,44.71,0.31,,,,
2025-08-05 11:00,44,10.5,44.2,77.06,0.06,44.39,0.31,,,,
2025-08-05 12:00,43,10.21,44.55,77.63,0.06,43.94,0.31,,,,
2025-08-05 13:00,42,10.13,42.87,78.62,0.07,43.5,0.3,,,,
2025-08-05 14:00,43,10.26,40.95,79.53,0.08,43.13,0.3,,,,
2025-08-05 15:00,44,10.64,41.22,80.05,0.08,42.96,0.3,,,,
2025-08-05 16:00,46,11.09,44.47,80.44,0.08,42.92,0.31,,,,
2025-08-05 17:00,48,11.44,48.09,81.24,0.08,42.92,0.32,,,,
2025-08-05 18:00,49,11.72,50.02,82.16,0.08,42.86,0.33,,,,
2025-08-05 19:00,50,11.97,50.03,82.79,0.08,42.67,0.33,,,,
2025-08-05 20:00,51,12.24,49.43,83.1,0.08,42.44,0.32,,,,
2025-08-05 21:00,52,12.57,49.92,82.8,0.08,42.32,0.32,,,,
2025-08-05 22:00,53,12.9,50.84,82.34,0.08,42.23,0.32,,,,
2025-08-05 23:00,54,13.36,55.41,81.67,0.08,42.19,0.32,,,,
2025-08-06 00:00,54,13.74,59.63,81.16,0.08,42.22,0.32,,,,
2025-08-06 00:00,54,13.74,59.63,81.16,0.08,42.22,0.32,,,,
2025-08-06 01:00,55,13.83,60.66,81.22,0.08,42.36,0.31,,,,
2025-08-06 02:00,54,13.56,58.45,81.56,0.08,42.67,0.3,,,,
2025-08-06 03:00,53,13.07,55.35,82.25,0.08,43.03,0.29,,,,
2025-08-06 04:00,52,12.55,53.89,83.02,0.06,43.45,0.28,,,,
2025-08-06 05:00,51,12.15,53.38,83.37,0.05,43.54,0.28,,,,
2025-08-06 06:00,49,11.78,52.45,83.36,0.04,43.27,0.28,,,,
2025-08-06 07:00,47,11.33,49.07,83.19,0.04,42.73,0.28,,,,
2025-08-06 08:00,45,10.78,44.28,82.97,0.04,42.07,0.27,,,,
2025-08-06 09:00,43,10.31,40.05,83.07,0.04,41.54,0.26,,,,
2025-08-06 10:00,42,10.09,37.3,83.48,0.04,41.29,0.26,,,,
2025-08-06 11:00,42,10.14,35.84,83.71,0.04,41.1,0.26,,,,
2025-08-06 12:00,43,10.25,34.89,84.23,0.05,41.18,0.26,,,,
2025-08-06 13:00,43,10.33,34.5,84.94,0.05,41.33,0.26,,,,
2025-08-06 14:00,43,10.41,34.95,85.88,0.07,41.49,0.26,,,,
2025-08-06 15:00,44,10.51,36.01,86.87,0.07,41.55,0.26,,,,
2025-08-06 16:00,44,10.52,37.27,87.78,0.07,41.55,0.27,,,,
2025-08-06 17:00,44,10.53,38.13,88.96,0.07,41.59,0.27,,,,
2025-08-06 18:00,44,10.65,38.41,90.05,0.07,41.71,0.27,,,,
2025-08-06 19:00,45,10.74,37.94,90.94,0.07,41.86,0.27,,,,
2025-08-06 20:00,45,10.83,37.7,92.07,0.07,42.17,0.27,,,,
2025-08-06 21:00,46,11.01,38.24,92.91,0.07,42.46,0.27,,,,
2025-08-06 22:00,47,11.3,38.74,93.44,0.07,42.78,0.26,,,,
2025-08-06 23:00,49,11.72,39.31,93.53,0.07,43.0,0.26,,,,
2025-08-07 00:00,51,12.29,41.41,93.31,0.07,43.11,0.26,,,,
2025-08-07 00:00,51,12.29,41.41,93.31,0.07,43.11,0.26,,,,
2025-08-07 01:00,53,13.03,45.56,92.99,0.08,43.27,0.26,,,,
2025-08-07 02:00,55,13.87,50.67,92.51,0.08,43.43,0.27,,,,
2025-08-07 03:00,56,14.41,54.63,92.66,0.08,43.89,0.27,,,,
2025-08-07 04:00,57,14.79,58.48,92.98,0.06,44.38,0.27,,,,
2025-08-07 05:00,58,15.44,63.37,92.32,0.05,44.31,0.28,,,,
2025-08-07 06:00,59,15.99,67.22,91.05,0.04,43.77,0.3,,,,
2025-08-07 07:00,60,16.21,69.43,89.76,0.04,42.87,0.3,,,,
2025-08-07 08:00,59,16.03,69.97,88.54,0.04,41.96,0.31,,,,
2025-08-07 09:00,58,15.6,69.5,87.73,0.04,41.24,0.3,,,,
2025-08-07 10:00,57,14.89,67.27,87.51,0.04,40.9,0.29,,,,
2025-08-07 11:00,54,13.71,62.07,88.3,0.04,40.99,0.28,,,,
2025-08-07 12:00,52,12.52,56.53,89.11,0.04,41.25,0.26,,,,
2025-08-07 13:00,48,11.48,50.81,90.28,0.05,41.73,0.25,,,,
2025-08-07 14:00,45,10.72,45.99,91.33,0.06,42.2,0.24,,,,
2025-08-07 15:00,43,10.37,43.15,91.8,0.07,42.61,0.23,,,,
2025-08-07 16:00,42,10.13,40.93,91.42,0.07,42.81,0.23,,,,
2025-08-07 17:00,41,9.93,38.92,90.94,0.07,42.91,0.23,,,,
2025-08-07 18:00,41,9.72,37.14,90.43,0.07,42.89,0.23,,,,
2025-08-07 19:00,40,9.5,35.79,89.69,0.06,42.69,0.23,,,,
2025-08-07 20:00,39,9.42,35.19,89.0,0.06,42.57,0.23,,,,
2025-08-07 21:00,40,9.48,35.24,88.25,0.06,42.38,0.24,,,,
2025-08-07 22:00,40,9.55,34.18,87.76,0.06,42.28,0.24,,,,
2025-08-07 23:00,40,9.52,32.69,87.54,0.06,42.22,0.23,,,,
2025-08-08 00:00,40,9.49,31.72,88.07,0.06,42.26,0.22,,,,
2025-08-08 00:00,40,9.49,31.72,88.07,0.06,42.26,0.22,,,,
2025-08-08 01:00,40,9.57,31.72,88.92,0.06,42.4,0.22,,,,
2025-08-08 02:00,41,9.8,32.84,90.03,0.07,42.6,0.22,,,,
2025-08-08 03:00,42,10.15,34.66,91.22,0.06,42.88,0.22,,,,
2025-08-08 04:00,44,10.58,36.84,91.78,0.05,43.04,0.22,,,,
2025-08-08 05:00,46,11.12,39.95,91.71,0.04,42.98,0.22,,,,
2025-08-08 06:00,49,11.71,43.9,90.71,0.04,42.55,0.22,,,,
2025-08-08 07:00,51,12.28,48.73,89.29,0.03,41.75,0.23,,,,
2025-08-08 08:00,53,12.93,53.87,87.28,0.03,40.71,0.23,,,,
2025-08-08 09:00,54,13.37,57.33,84.77,0.03,39.61,0.24,,,,
2025-08-08 10:00,54,13.45,59.0,82.64,0.03,38.59,0.25,,,,
2025-08-08 11:00,53,13.09,59.13,80.57,0.03,37.89,0.26,,,,
2025-08-08 12:00,52,12.49,58.41,79.12,0.04,37.53,0.27,,,,
2025-08-08 13:00,50,11.89,57.19,77.79,0.05,37.59,0.28,,,,
2025-08-08 14:00,48,11.41,55.74,76.68,0.06,37.77,0.29,,,,
2025-08-08 15:00,46,11.12,54.14,75.62,0.07,38.03,0.3,,,,
2025-08-08 16:00,45,10.71,50.16,74.97,0.07,38.37,0.3,,,,
2025-08-08 17:00,42,10.01,44.02,75.48,0.07,38.84,0.29,,,,
2025-08-08 18:00,39,9.4,39.23,76.25,0.07,39.24,0.28,,,,
2025-08-08 19:00,38,9.0,35.45,76.57,0.07,39.41,0.27,,,,
2025-08-08 20:00,37,8.88,34.38,76.96,0.07,39.56,0.27,,,,
2025-08-08 21:00,37,8.97,35.12,77.41,0.06,39.64,0.27,,,,
2025-08-08 22:00,38,9.1,36.11,78.08,0.06,39.71,0.28,,,,
2025-08-08 23:00,38,9.07,35.79,79.12,0.06,39.83,0.27,,,,
2025-08-09 00:00,37,8.92,34.44,80.35,0.06,40.04,0.26,,,,
2025-08-09 00:00,37,8.92,34.44,80.35,0.06,40.04,0.26,,,,
2025-08-09 01:00,37,8.82,33.94,81.27,0.06,40.18,0.25,,,,
2025-08-09 02:00,37,8.88,34.16,81.44,0.06,40.28,0.25,,,,
2025-08-09 03:00,38,9.0,34.5,81.39,0.06,40.42,0.24,,,,
2025-08-09 04:00,38,9.16,35.15,81.3,0.06,40.62,0.24,,,,
2025-08-09 05:00,40,9.62,37.52,80.39,0.05,40.76,0.24,,,,
2025-08-09 06:00,43,10.35,41.4,79.27,0.04,40.79,0.24,,,,
2025-08-09 07:00,46,11.09,45.61,78.34,0.04,40.77,0.25,,,,
2025-08-09 08:00,49,11.71,49.46,77.68,0.04,40.68,0.25,,,,
2025-08-09 09:00,500,12.03,52.17,77.65,0.04,40.66,0.25,,,,
2025-08-09 10:00,51,12.1,54.09,77.93,0.04,40.62,0.26,,,,
2025-08-09 11:00,51,12.21,56.38,77.34,0.04,40.19,0.26,,,,
2025-08-09 12:00,52,12.45,59.05,76.14,0.05,39.43,0.28,,,,
2025-08-09 13:00,52,12.72,61.52,74.57,0.06,38.65,0.29,,,,
2025-08-09 14:00,53,12.83,62.9,72.9,0.06,37.95,0.3,,,,
2025-08-09 15:00,52,12.79,62.97,71.46,0.07,37.5,0.3,,,,
2025-08-09 16:00,51,12.31,60.58,70.27,0.07,37.33,0.31,,,,
2025-08-09 17:00,48,11.46,55.81,69.84,0.07,37.49,0.31,,,,
2025-08-09 18:00,45,10.71,51.12,69.21,0.07,37.68,0.31,,,,
2025-08-09 19:00,42,10.11,46.28,68.44,0.07,37.78,0.31,,,,
2025-08-09 20:00,40,9.6,42.4,68.22,0.07,37.89,0.31,,,,
2025-08-09 21:00,38,9.08,39.26,68.66,0.07,38.01,0.31,,,,
2025-08-09 22:00,36,8.62,37.27,69.65,0.07,38.09,0.3,,,,
2025-08-09 23:00,35,8.4,36.09,70.69,0.07,38.12,0.29,,,,
2025-08-10 00:00,35,8.44,35.34,71.37,0.07,38.07,0.29,,,,
2025-08-10 00:00,35,8.44,35.34,71.37,0.07,38.07,0.29,,,,
2025-08-10 01:00,36,8.65,34.27,71.69,0.07,38.02,0.28,,,,
2025-08-10 02:00,37,8.95,33.13,71.42,0.07,37.78,0.28,,,,
2025-08-10 03:00,38,9.22,32.63,71.18,0.07,37.61,0.27,,,,
2025-08-10 04:00,40,9.51,32.88,71.26,0.06,37.52,0.26,,,,
2025-08-10 05:00,42,10.13,35.14,71.16,0.05,37.38,0.26,,,,
2025-08-10 06:00,45,10.78,38.08,71.47,0.05,37.15,0.27,,,,
2025-08-10 07:00,47,11.28,41.08,72.4,0.04,36.85,0.27,,,,
2025-08-10 08:00,48,11.54,43.7,73.37,0.04,36.57,0.26,,,,
2025-08-10 09:00,49,11.72,46.11,74.13,0.04,36.21,0.26,,,,
2025-08-10 10:00,50,11.91,49.07,74.44,0.04,36.08,0.26,,,,
2025-08-10 11:00,50,11.98,51.99,74.32,0.04,36.07,0.27,,,,
2025-08-10 12:00,51,12.2,54.43,73.35,0.05,36.19,0.28,,,,
2025-08-10 13:00,52,12.38,55.76,72.3,0.06,36.48,0.29,,,,
2025-08-10 14:00,51,12.12,53.98,71.47,0.07,36.72,0.3,,,,
2025-08-10 15:00,48,11.52,49.86,71.15,0.07,37.11,0.29,,,,
2025-08-10 16:00,45,10.78,44.49,71.56,0.07,37.41,0.28,,,,
2025-08-10 17:00,42,10.14,40.6,72.3,0.07,37.79,0.28,,,,
2025-08-10 18:00,40,9.66,38.85,72.54,0.07,38.19,0.3,,,,
2025-08-10 19:00,38,9.19,37.38,72.68,0.07,38.46,0.3,,,,
2025-08-10 20:00,36,8.71,35.77,72.98,0.07,38.7,0.3,,,,
2025-08-10 21:00,35,8.31,34.21,73.66,0.07,38.91,0.3,,,,
2025-08-10 22:00,33,7.99,32.05,74.58,0.06,39.17,0.29,,,,
2025-08-10 23:00,33,7.87,29.75,75.3,0.06,39.42,0.28,,,,
2025-08-11 00:00,33,7.97,28.4,76.07,0.06,39.67,0.27,,,,
2025-08-11 00:00,33,7.97,28.4,76.07,0.06,39.67,0.27,,,,
2025-08-11 01:00,34,8.27,29.02,76.64,0.06,39.92,0.28,,,,
2025-08-11 02:00,36,8.69,30.59,77.33,0.07,40.1,0.29,,,,
2025-08-11 03:00,37,8.89,31.1,78.37,0.07,40.25,0.29,,,,
2025-08-11 04:00,38,9.03,31.87,79.32,0.06,40.28,0.29,,,,
2025-08-11 05:00,39,9.45,34.6,80.06,0.05,40.07,0.31,,,,
2025-08-11 06:00,42,10.09,38.89,80.16,0.04,39.54,0.32,,,,
2025-08-11 07:00,45,10.83,43.73,79.75,0.04,38.61,0.33,,,,
2025-08-11 08:00,47,11.33,47.11,79.13,0.04,37.58,0.33,,,,
2025-08-11 09:00,48,11.6,48.99,78.09,0.04,36.7,0.33,,,,
2025-08-11 10:00,49,11.72,50.07,76.84,0.04,36.01,0.33,,,,
2025-08-11 11:00,48,11.53,49.81,75.2,0.04,35.74,0.33,,,,
2025-08-11 12:00,46,11.15,48.74,73.71,0.05,35.8,0.34,,,,
2025-08-11 13:00,44,10.65,46.97,73.28,0.07,36.29,0.35,,,,
2025-08-11 14:00,42,10.12,44.73,73.82,0.08,36.85,0.35,,,,
2025-08-11 15:00,40,9.65,42.63,74.7,0.08,37.24,0.35,,,,
2025-08-11 16:00,39,9.26,40.87,75.57,0.08,37.46,0.35,,,,
2025-08-11 17:00,38,9.23,40.79,76.24,0.08,37.53,0.35,,,,
2025-08-11 18:00,40,9.57,42.82,76.46,0.08,37.48,0.36,,,,
2025-08-11 19:00,43,10.25,45.02,75.93,0.08,37.2,0.38,,,,
2025-08-11 20:00,46,11.07,47.55,75.34,0.08,36.87,0.4,,,,
2025-08-11 21:00,48,11.52,48.88,75.22,0.09,36.56,0.4,,,,
2025-08-11 22:00,47,11.37,47.44,75.88,0.08,36.48,0.4,,,,
2025-08-11 23:00,46,10.92,45.65,77.03,0.08,36.71,0.39,,,,
2025-08-12 00:00,45,10.77,45.73,77.91,0.08,37.08,0.38,,,,
2025-08-12 00:00,45,10.77,45.73,77.91,0.08,37.08,0.38,,,,
2025-08-12 01:00,47,11.33,49.15,78.14,0.08,37.44,0.39,,,,
2025-08-12 02:00,52,12.65,55.73,77.05,0.08,37.0,0.41,,,,
2025-08-12 03:00,55,13.79,61.74,75.49,0.08,36.34,0.44,,,,
2025-08-12 04:00,55,14.18,63.61,74.42,0.08,36.05,0.44,,,,
2025-08-12 05:00,55,14.09,63.45,74.3,0.07,36.31,0.43,,,,
2025-08-12 06:00,54,13.75,62.49,74.56,0.06,36.78,0.42,,,,
2025-08-12 07:00,54,13.4,61.93,74.82,0.05,37.04,0.41,,,,
2025-08-12 08:00,53,13.27,61.99,74.34,0.05,36.88,0.42,,,,
2025-08-12 09:00,54,13.33,62.4,73.37,0.05,36.42,0.43,,,,
2025-08-12 10:00,54,13.44,62.63,72.87,0.05,36.19,0.44,,,,
2025-08-12 11:00,54,13.32,61.44,72.93,0.06,36.29,0.44,,,,
2025-08-12 12:00,53,13.1,59.69,73.53,0.06,36.6,0.44,,,,
2025-08-12 13:00,53,13.14,59.12,74.02,0.08,36.97,0.44,,,,
2025-08-12 14:00,54,13.29,59.16,73.71,0.1,37.27,0.44,,,,
2025-08-12 15:00,54,13.53,59.89,73.11,0.1,37.51,0.45,,,,
2025-08-12 16:00,54,13.72,60.74,72.94,0.11,37.77,0.46,,,,
2025-08-12 17:00,54,13.66,60.43,73.35,0.11,38.16,0.45,,,,
2025-08-12 18:00,54,13.7,60.56,74.22,0.11,38.47,0.45,,,,
2025-08-12 19:00,55,14.22,61.85,74.55,0.11,38.6,0.45,,,,
2025-08-12 20:00,58,15.45,66.98,74.32,0.11,38.5,0.46,,,,
2025-08-12 21:00,61,16.89,73.96,73.71,0.11,38.21,0.49,,,,
2025-08-12 22:00,63,18.04,80.07,73.29,0.12,38.22,0.5,,,,
2025-08-12 23:00,65,18.65,83.86,73.39,0.12,38.6,0.5,,,,
2025-08-13 00:00,66,19.38,87.88,74.13,0.12,39.34,0.51,,,,
2025-08-13 00:00,66,19.38,87.88,74.13,0.12,39.34,0.51,,,,
2025-08-13 01:00,69,20.56,94.71,74.82,0.11,40.31,0.51,,,,
2025-08-13 02:00,71,21.57,101.01,75.08,0.11,40.93,0.52,,,,
2025-08-13 03:00,72,22.13,104.57,74.95,0.12,41.15,0.53,,,,
2025-08-13 04:00,72,22.26,105.95,74.59,0.12,41.11,0.52,,,,
2025-08-13 05:00,72,22.19,106.15,74.26,0.11,41.05,0.52,,,,
2025-08-13 06:00,72,21.93,105.39,74.17,0.09,40.86,0.51,,,,
2025-08-13 07:00,71,21.49,103.68,74.06,0.08,40.5,0.5,,,,
2025-08-13 08:00,70,20.96,101.37,73.99,0.07,40.03,0.5,,,,
2025-08-13 09:00,69,20.47,99.19,73.89,0.07,39.54,0.5,,,,
2025-08-13 10:00,68,20.14,97.6,73.93,0.07,39.25,0.5,,,,
2025-08-13 11:00,67,19.85,96.22,74.13,0.08,39.15,0.5,,,,
2025-08-13 12:00,67,19.66,95.0,74.27,0.09,39.24,0.49,,,,
2025-08-13 13:00,67,19.61,94.33,74.85,0.1,39.45,0.49,,,,
2025-08-13 14:00,67,19.65,93.74,74.99,0.11,39.53,0.49,,,,
2025-08-13 15:00,67,19.78,93.45,75.01,0.11,39.53,0.5,,,,
2025-08-13 16:00,67,19.88,93.15,75.04,0.11,39.52,0.5,,,,
2025-08-13 17:00,67,19.94,92.82,75.31,0.11,39.65,0.49,,,,
2025-08-13 18:00,67,19.93,92.41,75.76,0.11,39.88,0.48,,,,
2025-08-13 19:00,67,19.81,91.97,76.33,0.11,40.25,0.46,,,,
2025-08-13 20:00,67,19.86,92.46,76.78,0.11,40.62,0.44,,,,
2025-08-13 21:00,68,20.01,92.97,77.01,0.11,40.67,0.43,,,,
2025-08-13 22:00,68,20.21,93.43,77.15,0.11,40.62,0.43,,,,
2025-08-13 23:00,68,20.38,93.6,77.36,0.11,40.66,0.43,,,,
2025-08-14 00:00,69,20.57,94.2,77.71,0.11,40.84,0.42,,,,
2025-08-14 00:00,69,20.57,94.2,77.71,0.11,40.84,0.42,,,,
2025-08-14 01:00,69,20.8,95.37,78.29,0.11,41.26,0.4,,,,
2025-08-14 02:00,70,21.03,96.32,78.85,0.11,41.62,0.39,,,,
2025-08-14 03:00,70,21.16,96.47,79.18,0.12,41.78,0.38,,,,
2025-08-14 04:00,70,21.15,95.87,79.26,0.12,41.66,0.37,,,,
2025-08-14 05:00,70,21.06,94.98,79.37,0.11,41.61,0.36,,,,
2025-08-14 06:00,70,20.93,93.9,79.4,0.11,41.49,0.36,,,,
2025-08-14 07:00,69,20.68,92.44,79.19,0.1,41.29,0.35,,,,
2025-08-14 08:00,68,20.39,90.76,78.86,0.09,41.21,0.34,,,,
2025-08-14 09:00,68,20.07,89.1,78.59,0.09,41.07,0.33,,,,
2025-08-14 10:00,67,19.85,87.61,78.43,0.09,40.96,0.32,,,,
2025-08-14 11:00,67,19.72,86.51,77.98,0.09,40.77,0.32,,,,
2025-08-14 12:00,67,19.66,86.1,77.53,0.11,40.8,0.32,,,,
2025-08-14 13:00,67,19.63,86.14,77.46,0.12,41.04,0.33,,,,
2025-08-14 14:00,67,19.52,85.78,77.51,0.13,41.41,0.33,,,,
2025-08-14 15:00,66,19.29,84.94,77.66,0.13,41.91,0.32,,,,
2025-08-14 16:00,65,18.91,83.42,78.04,0.13,42.54,0.3,,,,
2025-08-14 17:00,65,18.55,81.76,78.69,0.12,43.03,0.3,,,,
2025-08-14 18:00,64,18.26,80.34,79.32,0.12,43.42,0.29,,,,
2025-08-14 19:00,63,17.95,78.72,79.83,0.11,43.69,0.28,,,,
2025-08-14 20:00,63,17.68,77.36,80.27,0.11,44.0,0.27,,,,
2025-08-14 21:00,62,17.49,76.36,80.65,0.11,44.16,0.26,,,,
2025-08-14 22:00,62,17.37,75.59,80.84,0.1,44.22,0.25,,,,
2025-08-14 23:00,62,17.17,72.95,81.04,0.1,44.2,0.24,,,,
2025-08-15 00:00,61,16.92,69.9,81.21,0.1,44.16,0.23,,,,
2025-08-15 00:00,61,16.92,69.9,81.21,0.1,44.16,0.23,,,,
2025-08-15 01:00,60,16.6,66.44,81.3,0.1,44.01,0.21,,,,
2025-08-15 02:00,60,16.28,62.57,81.39,0.1,43.99,0.2,,,,
2025-08-15 03:00,59,15.87,58.47,81.5,0.11,43.97,0.19,,,,
2025-08-15 04:00,58,15.47,55.8,81.43,0.09,43.84,0.17,,,,
2025-08-15 05:00,58,15.21,54.51,81.41,0.08,43.7,0.17,,,,
2025-08-15 06:00,57,15.07,53.46,81.37,0.06,43.29,0.16,,,,
2025-08-15 07:00,57,15.09,52.69,81.21,0.05,42.37,0.15,,,,
2025-08-15 08:00,58,15.32,52.4,81.11,0.05,41.13,0.15,,,,
2025-08-15 09:00,58,15.65,52.39,80.85,0.05,39.96,0.15,,,,
2025-08-15 10:00,59,16.09,53.08,80.9,0.05,39.21,0.15,,,,
2025-08-15 11:00,60,16.6,54.27,80.73,0.05,38.67,0.15,,,,
2025-08-15 12:00,62,17.14,55.99,80.36,0.06,38.42,0.16,,,,
2025-08-15 13:00,63,17.65,58.14,80.13,0.08,38.36,0.16,,,,
2025-08-15 14:00,63,18.02,60.32,79.89,0.1,38.2,0.17,,,,
2025-08-15 15:00,64,18.19,62.35,79.53,0.1,38.08,0.17,,,,
2025-08-15 16:00,64,18.1,63.52,79.3,0.1,38.02,0.17,,,,
2025-08-15 17:00,63,17.65,63.18,79.17,0.1,38.06,0.17,,,,
2025-08-15 18:00,61,16.98,61.76,79.13,0.1,38.18,0.17,,,,
2025-08-15 19:00,59,16.12,59.22,79.15,0.09,38.27,0.16,,,,
2025-08-15 20:00,58,15.36,56.64,79.18,0.09,38.37,0.15,,,,
2025-08-15 21:00,57,14.74,54.12,79.27,0.09,38.5,0.15,,,,
2025-08-15 22:00,56,14.24,51.69,79.51,0.09,38.64,0.15,,,,
2025-08-15 23:00,55,13.92,49.62,79.78,0.09,38.74,0.14,,,,
2025-08-16 00:00,54,13.74,47.97,80.03,0.09,38.83,0.13,,,,
2025-08-16 00:00,54,13.74,47.97,80.03,0.09,38.83,0.13,,,,
2025-08-16 01:00,54,13.65,46.75,80.09,0.09,38.93,0.13,,,,
2025-08-16 02:00,54,13.59,45.93,80.34,0.09,38.94,0.12,,,,
2025-08-16 03:00,54,13.58,45.5,80.5,0.09,39.03,0.11,,,,
2025-08-16 04:00,54,13.57,45.08,80.69,0.08,38.91,0.11,,,,
2025-08-16 05:00,54,13.56,44.73,80.81,0.07,38.79,0.1,,,,
2025-08-16 06:00,54,13.57,44.4,80.95,0.06,38.57,0.1,,,,
2025-08-16 07:00,54,13.53,43.82,81.0,0.05,38.15,0.1,,,,
2025-08-16 08:00,54,13.49,43.21,81.04,0.04,37.5,0.09,,,,
2025-08-16 09:00,54,13.43,42.53,81.05,0.04,36.87,0.09,,,,
2025-08-16 10:00,54,13.45,42.09,81.38,0.04,36.46,0.09,,,,
2025-08-16 11:00,54,13.54,41.72,81.72,0.05,36.36,0.08,,,,
2025-08-16 12:00,54,13.66,41.45,82.14,0.06,36.65,0.08,,,,
2025-08-16 13:00,55,13.86,41.26,83.01,0.07,37.36,0.08,,,,
2025-08-16 14:00,55,14.03,40.9,84.02,0.07,38.14,0.08,,,,
2025-08-16 15:00,55,14.21,40.83,84.96,0.08,39.08,0.08,,,,
2025-08-16 16:00,56,14.25,40.51,85.81,0.08,39.97,0.08,,,,
2025-08-16 17:00,56,14.28,40.53,86.58,0.08,40.72,0.09,,,,
2025-08-16 18:00,56,14.3,40.81,87.29,0.08,41.35,0.09,,,,
2025-08-16 19:00,55,14.21,40.87,87.64,0.08,41.79,0.1,,,,
2025-08-16 20:00,55,13.93,40.28,87.88,0.08,41.87,0.1,,,,
2025-08-16 21:00,54,13.52,39.22,87.64,0.08,41.76,0.1,,,,
2025-08-16 22:00,53,13.11,38.16,87.38,0.08,41.53,0.1,,,,
2025-08-16 23:00,52,12.74,37.15,87.21,0.08,41.24,0.1,,,,
2025-08-17 00:00,52,12.47,36.44,87.04,0.08,40.99,0.09,,,,
2025-08-17 00:00,52,12.47,36.44,87.04,0.08,40.99,0.09,,,,
2025-08-17 01:00,51,12.3,36.03,86.89,0.07,40.78,0.09,,,,
2025-08-17 02:00,51,12.32,36.36,86.85,0.08,40.65,0.09,,,,
2025-08-17 03:00,52,12.58,37.57,86.81,0.08,40.56,0.08,,,,
2025-08-17 04:00,53,12.97,39.03,87.02,0.08,40.4,0.08,,,,
2025-08-17 05:00,54,13.35,40.3,87.21,0.06,40.17,0.08,,,,
2025-08-17 06:00,54,13.67,41.18,87.26,0.05,39.81,0.08,,,,
2025-08-17 07:00,55,13.85,41.6,87.34,0.04,39.08,0.08,,,,
2025-08-17 08:00,55,13.93,41.73,87.08,0.04,38.11,0.08,,,,
2025-08-17 09:00,55,13.96,41.63,86.85,0.04,37.18,0.08,,,,
2025-08-17 10:00,55,13.91,41.3,86.85,0.04,36.36,0.07,,,,
2025-08-17 11:00,54,13.74,40.6,86.68,0.04,35.68,0.07,,,,
2025-08-17 12:00,54,13.46,39.55,86.52,0.05,35.38,0.07,,,,
2025-08-17 13:00,53,13.16,38.4,86.6,0.05,35.5,0.06,,,,
2025-08-17 14:00,53,12.85,37.17,86.46,0.07,35.43,0.06,,,,
2025-08-17 15:00,52,12.53,36.05,86.32,0.08,35.25,0.06,,,,
2025-08-17 16:00,51,12.22,34.83,85.96,0.08,35.0,0.06,,,,
2025-08-17 17:00,50,11.91,33.48,85.58,0.08,34.8,0.06,,,,
2025-08-17 18:00,48,11.58,31.95,85.43,0.08,34.5,0.06,,,,
2025-08-17 19:00,47,11.19,30.17,84.9,0.08,34.23,0.06,,,,
2025-08-17 20:00,45,10.89,28.69,84.55,0.08,33.93,0.06,,,,
2025-08-17 21:00,44,10.67,27.61,84.17,0.07,33.71,0.06,,,,
2025-08-17 22:00,44,10.56,26.32,83.92,0.08,33.25,0.07,,,,
2025-08-17 23:00,44,10.56,25.52,83.83,0.08,32.71,0.09,,,,
2025-08-18 00:00,44,10.65,25.4,84.0,0.08,32.37,0.1,,,,
2025-08-18 00:00,44,10.65,25.4,84.0,0.08,32.37,0.1,,,,
2025-08-18 01:00,45,10.76,25.37,83.98,0.08,32.08,0.11,,,,
2025-08-18 02:00,45,10.91,25.62,84.12,0.08,31.65,0.1,,,,
2025-08-18 03:00,46,11.06,26.16,84.32,0.09,31.46,0.09,,,,
2025-08-18 04:00,45,10.91,25.99,84.87,0.09,31.82,0.08,,,,
2025-08-18 05:00,45,10.84,25.97,85.52,0.09,31.87,0.08,,,,
2025-08-18 06:00,46,11.02,26.41,85.9,0.09,31.94,0.09,,,,
2025-08-18 07:00,48,11.51,27.89,86.02,0.07,31.9,0.09,,,,
2025-08-18 08:00,500,12.03,29.36,85.8,0.06,31.49,0.08,,,,
2025-08-18 09:00,51,12.25,29.71,85.44,0.05,30.92,0.07,,,,
2025-08-18 10:00,51,12.23,29.15,85.11,0.05,30.55,0.07,,,,
2025-08-18 11:00,51,12.15,28.82,84.83,0.06,30.26,0.09,,,,
2025-08-18 12:00,50,11.99,28.49,84.58,0.06,30.14,0.12,,,,
2025-08-18 13:00,49,11.82,28.14,84.72,0.08,30.2,0.14,,,,
2025-08-18 14:00,49,11.67,27.8,84.86,0.08,30.38,0.16,,,,
2025-08-18 15:00,48,11.56,27.49,85.07,0.09,30.69,0.17,,,,
2025-08-18 16:00,48,11.41,26.01,85.06,0.09,30.98,0.18,,,,
2025-08-18 17:00,48,11.61,25.36,85.14,0.09,31.48,0.18,,,,
2025-08-18 18:00,500,12.06,25.79,85.05,0.09,31.93,0.18,,,,
2025-08-18 19:00,52,12.46,25.86,84.89,0.09,32.37,0.18,,,,
2025-08-18 20:00,53,12.94,26.31,84.4,0.1,32.8,0.19,,,,
2025-08-18 21:00,54,13.49,27.13,83.73,0.1,33.4,0.2,,,,
2025-08-18 22:00,54,13.43,25.14,83.07,0.1,34.2,0.23,,,,
2025-08-18 23:00,53,12.92,21.7,82.4,0.11,35.13,0.24,,,,
2025-08-19 00:00,52,12.4,19.18,81.81,0.11,36.13,0.24,,,,
2025-08-19 00:00,52,12.4,19.18,81.81,0.11,36.13,0.24,,,,
2025-08-19 01:00,48,11.56,17.18,80.9,0.12,36.82,0.23,,,,
2025-08-19 02:00,46,11.0,16.4,80.42,0.12,37.37,0.22,,,,
2025-08-19 03:00,45,10.74,16.29,80.08,0.13,37.74,0.22,,,,
2025-08-19 04:00,43,10.35,15.62,79.85,0.13,37.87,0.21,,,,
2025-08-19 05:00,40,9.63,14.06,79.8,0.12,37.9,0.2,,,,
2025-08-19 06:00,36,8.74,12.25,79.95,0.11,37.72,0.18,,,,
2025-08-19 07:00,35,8.31,11.34,80.02,0.1,37.32,0.16,,,,
2025-08-19 08:00,35,8.37,11.18,80.01,0.1,36.82,0.15,,,,
2025-08-19 09:00,35,8.44,11.06,79.91,0.1,36.4,0.14,,,,
2025-08-19 10:00,35,8.41,10.88,80.24,0.1,36.39,0.14,,,,
2025-08-19 11:00,35,8.29,10.86,80.18,0.11,36.42,0.14,,,,
2025-08-19 12:00,35,8.42,11.27,80.07,0.11,36.62,0.14,,,,
2025-08-19 13:00,37,8.87,12.19,80.1,0.11,37.09,0.14,,,,
2025-08-19 14:00,40,9.62,13.91,79.95,0.11,37.34,0.16,,,,
2025-08-19 15:00,43,10.4,15.96,79.61,0.11,37.64,0.17,,,,
2025-08-19 16:00,46,11.11,18.9,79.65,0.1,38.06,0.2,,,,
2025-08-19 17:00,49,11.76,22.73,79.72,0.1,38.51,0.23,,,,
2025-08-19 18:00,51,12.2,26.68,79.8,0.09,39.02,0.26,,,,
2025-08-19 19:00,52,12.49,30.48,79.72,0.09,39.61,0.28,,,,
2025-08-19 20:00,52,12.75,33.9,79.34,0.09,40.05,0.3,,,,
2025-08-19 21:00,53,13.09,36.94,78.84,0.09,40.41,0.32,,,,
2025-08-19 22:00,52,12.49,31.69,78.35,0.09,40.65,0.32,,,,
2025-08-19 23:00,50,11.91,26.52,78.01,0.09,40.72,0.3,,,,
2025-08-20 00:00,49,11.79,25.08,77.99,0.09,40.59,0.29,,,,
2025-08-20 00:00,49,11.79,25.08,77.99,0.09,40.59,0.29,,,,
2025-08-20 01:00,50,11.94,24.59,78.39,0.09,40.28,0.28,,,,
2025-08-20 02:00,50,11.93,23.05,78.69,0.09,39.82,0.27,,,,
2025-08-20 03:00,48,11.61,20.57,78.99,0.1,39.21,0.25,,,,
2025-08-20 04:00,44,10.62,17.11,79.63,0.11,38.65,0.24,,,,
2025-08-20 05:00,39,9.44,14.19,80.57,0.12,38.13,0.26,,,,
2025-08-20 06:00,34,8.26,11.93,81.84,0.11,37.75,0.32,,,,
2025-08-20 07:00,30,7.31,10.76,83.91,0.11,37.66,0.34,,,,
2025-08-20 08:00,28,6.75,10.47,86.27,0.11,37.68,0.34,,,,
2025-08-20 09:00,27,6.42,10.53,89.37,0.12,38.0,0.36,,,,
2025-08-20 10:00,27,6.58,11.16,92.96,0.11,38.68,0.36,,,,
2025-08-20 11:00,30,7.12,12.39,95.5,0.13,39.19,0.37,,,,
2025-08-20 12:00,33,7.84,14.04,97.36,0.15,39.7,0.38,,,,
2025-08-20 13:00,36,8.64,15.42,100.77,0.19,40.74,0.43,,,,
2025-08-20 14:00,39,9.24,15.89,104.43,0.25,41.79,0.5,,,,
2025-08-20 15:00,40,9.68,15.91,108.69,0.33,42.77,0.56,,,,
2025-08-20 16:00,43,10.32,16.43,119.83,0.55,44.92,0.76,,,,
2025-08-20 17:00,46,11.08,17.71,131.6,0.78,46.59,1.04,,,,
2025-08-20 18:00,48,11.63,19.06,137.31,0.9,46.89,1.22,,,,
2025-08-20 19:00,47,11.38,18.42,136.02,0.87,45.9,1.37,,,,
2025-08-20 20:00,44,10.62,16.44,132.19,0.77,44.42,1.42,,,,
2025-08-20 21:00,41,9.91,14.66,129.88,0.73,43.41,1.43,,,,
2025-08-20 22:00,39,9.37,13.61,126.4,0.69,42.15,1.28,,,,
2025-08-20 23:00,37,8.93,13.04,121.14,0.64,40.71,1.1,,,,
2025-08-21 00:00,36,8.58,12.56,117.72,0.6,39.84,1.0,,,,
2025-08-21 00:00,36,8.58,12.56,117.72,0.6,39.84,1.0,,,,
2025-08-21 01:00,36,8.59,12.45,118.63,0.59,40.6,1.04,,,,
2025-08-21 02:00,35,8.48,12.29,117.9,0.54,40.81,0.95,,,,
2025-08-21 03:00,34,8.17,11.71,115.29,0.51,40.71,0.84,,,,
2025-08-21 04:00,33,7.84,11.08,112.6,0.47,40.61,0.74,,,,
2025-08-21 05:00,31,7.41,10.33,108.89,0.38,40.46,0.62,,,,
2025-08-21 06:00,28,6.8,9.36,104.02,0.25,40.51,0.47,,,,
2025-08-21 07:00,25,6.04,8.16,100.12,0.15,40.86,0.31,,,,
2025-08-21 08:00,21,5.14,7.05,96.39,0.11,40.28,0.19,,,,
2025-08-21 09:00,18,4.33,6.31,94.02,0.08,39.46,0.14,,,,
2025-08-21 10:00,16,3.76,5.82,95.03,0.07,39.4,0.13,,,,
2025-08-21 11:00,14,3.47,5.63,97.31,0.07,39.46,0.12,,,,
2025-08-21 12:00,15,3.53,5.82,100.85,0.08,39.98,0.12,,,,
2025-08-21 13:00,16,3.83,6.29,104.41,0.09,40.82,0.13,,,,
2025-08-21 14:00,18,4.29,6.82,107.46,0.11,41.67,0.13,,,,
2025-08-21 15:00,20,4.84,7.35,109.43,0.11,42.39,0.13,,,,
2025-08-21 16:00,22,5.31,7.74,110.63,0.11,42.82,0.12,,,,
2025-08-21 17:00,24,5.74,8.16,111.68,0.11,43.14,0.12,,,,
2025-08-21 18:00,26,6.12,8.65,112.55,0.11,43.41,0.12,,,,
2025-08-21 19:00,27,6.4,9.38,113.52,0.11,43.53,0.13,,,,
2025-08-21 20:00,28,6.6,10.39,115.04,0.12,43.68,0.15,,,,
2025-08-21 21:00,28,6.81,11.54,117.13,0.12,43.74,0.18,,,,
2025-08-21 22:00,29,6.99,12.24,120.26,0.12,43.88,0.19,,,,
2025-08-21 23:00,30,7.11,12.72,123.31,0.12,43.99,0.2,,,,
2025-08-22 00:00,30,7.18,13.18,125.96,0.12,43.94,0.21,,,,
2025-08-22 00:00,30,7.18,13.18,125.96,0.12,43.94,0.21,,,,
2025-08-22 01:00,30,7.2,13.43,127.27,0.12,43.84,0.21,,,,
2025-08-22 02:00,30,7.19,13.3,127.99,0.12,43.75,0.21,,,,
2025-08-22 03:00,29,7.07,12.73,128.27,0.13,43.77,0.21,,,,
2025-08-22 04:00,28,6.79,11.53,128.45,0.13,43.79,0.19,,,,
2025-08-22 05:00,27,6.55,10.57,128.13,0.13,43.81,0.18,,,,
2025-08-22 06:00,27,6.41,9.98,127.82,0.11,43.86,0.17,,,,
2025-08-22 07:00,26,6.25,9.52,127.22,0.1,43.87,0.16,,,,
2025-08-22 08:00,26,6.14,9.44,127.02,0.1,44.04,0.16,,,,
2025-08-22 09:00,25,6.03,9.55,127.16,0.1,44.41,0.18,,,,
2025-08-22 10:00,25,6.02,10.12,127.6,0.1,45.12,0.19,,,,
2025-08-22 11:00,25,6.11,11.08,127.8,0.11,46.03,0.22,,,,
2025-08-22 12:00,27,6.42,12.51,127.7,0.12,47.17,0.24,,,,
2025-08-22 13:00,30,7.11,14.73,127.16,0.13,48.54,0.26,,,,
2025-08-22 14:00,34,8.18,18.07,125.3,0.14,49.71,0.29,,,,
2025-08-22 15:00,39,9.33,21.59,121.52,0.14,50.35,0.32,,,,
2025-08-22 16:00,43,10.38,25.84,115.98,0.12,49.99,0.34,,,,
2025-08-22 17:00,47,11.22,29.38,110.47,0.11,49.06,0.35,,,,
2025-08-22 18:00,50,11.95,31.71,106.49,0.11,48.03,0.36,,,,
2025-08-22 19:00,52,12.53,33.44,104.85,0.1,47.12,0.36,,,,
2025-08-22 20:00,53,12.85,33.76,104.73,0.11,46.41,0.36,,,,
2025-08-22 21:00,53,12.94,32.89,104.29,0.11,45.43,0.34,,,,
2025-08-22 22:00,53,12.84,31.6,103.15,0.12,44.36,0.34,,,,
2025-08-22 23:00,53,12.95,31.39,100.98,0.12,43.14,0.34,,,,
2025-08-23 00:00,53,13.19,32.23,98.18,0.12,41.98,0.36,,,,
2025-08-23 00:00,53,13.19,32.23,98.18,0.12,41.98,0.36,,,,
2025-08-23 01:00,54,13.58,34.07,95.65,0.12,41.0,0.37,,,,
2025-08-23 02:00,55,13.83,35.6,93.98,0.12,40.55,0.37,,,,
2025-08-23 03:00,54,13.74,36.44,93.84,0.11,40.84,0.36,,,,
2025-08-23 04:00,54,13.41,36.86,95.69,0.09,41.84,0.35,,,,
2025-08-23 05:00,53,13.16,37.35,98.06,0.07,42.78,0.34,,,,
2025-08-23 06:00,54,13.32,38.69,99.68,0.06,43.18,0.33,,,,
2025-08-23 07:00,55,13.98,42.18,99.79,0.06,42.79,0.34,,,,
2025-08-23 08:00,57,15.08,47.86,97.7,0.05,41.65,0.36,,,,
2025-08-23 09:00,60,16.23,54.0,94.43,0.05,40.2,0.38,,,,
2025-08-23 10:00,62,17.18,57.61,91.27,0.06,39.0,0.4,,,,
2025-08-23 11:00,63,17.73,58.4,89.13,0.06,38.26,0.41,,,,
2025-08-23 12:00,63,18.04,59.73,88.86,0.07,37.85,0.42,,,,
2025-08-23 13:00,64,18.19,64.5,90.12,0.09,37.85,0.44,,,,
2025-08-23 14:00,64,18.09,69.36,92.44,0.1,37.98,0.46,,,,
2025-08-23 15:00,63,17.95,71.58,95.37,0.1,38.14,0.47,,,,
2025-08-23 16:00,63,17.62,72.85,98.63,0.11,38.34,0.47,,,,
2025-08-23 17:00,62,17.24,72.63,101.8,0.11,38.67,0.47,,,,
2025-08-23 18:00,61,16.8,70.55,103.55,0.11,38.89,0.47,,,,
2025-08-23 19:00,60,16.27,67.57,103.72,0.11,39.07,0.46,,,,
2025-08-23 20:00,59,16.0,65.19,102.69,0.12,39.22,0.45,,,,
2025-08-23 21:00,60,16.42,66.78,101.3,0.12,39.4,0.46,,,,
2025-08-23 22:00,61,17.07,69.66,99.39,0.12,39.48,0.46,,,,
2025-08-23 23:00,63,17.66,72.02,97.09,0.12,39.29,0.48,,,,
2025-08-24 00:00,62,17.56,68.96,95.46,0.12,39.36,0.47,,,,
2025-08-24 00:00,62,17.56,68.96,95.46,0.12,39.36,0.47,,,,
2025-08-24 01:00,62,17.34,66.61,94.38,0.12,39.47,0.47,,,,
2025-08-24 02:00,62,17.24,65.27,93.92,0.12,39.68,0.47,,,,
2025-08-24 03:00,62,17.21,64.85,93.83,0.11,40.08,0.47,,,,
2025-08-24 04:00,62,17.27,67.57,94.39,0.11,40.47,0.47,,,,
2025-08-24 05:00,63,17.58,74.41,95.06,0.09,40.84,0.49,,,,
2025-08-24 06:00,63,17.9,81.0,95.58,0.08,41.1,0.5,,,,
2025-08-24 07:00,63,17.98,83.78,95.43,0.07,41.02,0.51,,,,
2025-08-24 08:00,63,18.01,84.59,94.5,0.06,40.67,0.51,,,,
2025-08-24 09:00,64,18.2,85.51,92.67,0.06,40.14,0.52,,,,
2025-08-24 10:00,65,18.53,86.74,90.43,0.06,39.6,0.53,,,,
2025-08-24 11:00,65,18.9,87.81,88.24,0.06,39.17,0.54,,,,
2025-08-24 12:00,66,19.25,88.69,86.6,0.07,38.92,0.54,,,,
2025-08-24 13:00,67,19.52,89.34,86.01,0.08,38.85,0.55,,,,
2025-08-24 14:00,67,19.67,89.78,85.56,0.1,38.7,0.55,,,,
2025-08-24 15:00,67,19.85,91.03,85.37,0.11,38.49,0.55,,,,
2025-08-24 16:00,68,20.03,93.05,85.79,0.12,38.18,0.56,,,,
2025-08-24 17:00,68,20.21,94.64,87.29,0.12,38.11,0.56,,,,
2025-08-24 18:00,68,20.24,95.16,88.9,0.12,38.09,0.56,,,,
2025-08-24 19:00,67,19.93,92.17,89.77,0.12,38.08,0.55,,,,
2025-08-24 20:00,67,19.55,89.32,89.21,0.12,38.03,0.53,,,,
2025-08-24 21:00,66,19.34,87.96,87.74,0.12,37.94,0.52,,,,
2025-08-24 22:00,66,19.41,90.07,86.11,0.12,37.94,0.51,,,,
2025-08-24 23:00,67,19.61,91.93,84.37,0.12,37.84,0.51,,,,
2025-08-25 00:00,67,19.64,92.12,83.25,0.12,37.89,0.51,,,,
2025-08-25 00:00,67,19.64,92.12,83.25,0.12,37.89,0.51,,,,
2025-08-25 01:00,67,19.59,89.59,82.82,0.11,38.13,0.51,,,,
2025-08-25 02:00,67,19.58,87.3,82.45,0.12,38.23,0.5,,,,
2025-08-25 03:00,67,19.54,86.56,82.39,0.11,38.37,0.49,,,,
2025-08-25 04:00,66,19.47,87.52,82.27,0.1,38.5,0.49,,,,
2025-08-25 05:00,66,19.37,88.82,81.67,0.09,38.62,0.49,,,,
2025-08-25 06:00,66,19.19,88.49,80.75,0.08,38.4,0.49,,,,
2025-08-25 07:00,65,18.98,86.59,80.23,0.07,38.05,0.48,,,,
2025-08-25 08:00,65,18.83,85.29,79.98,0.07,37.66,0.47,,,,
2025-08-25 09:00,65,18.84,85.07,79.64,0.08,37.16,0.48,,,,
2025-08-25 10:00,66,19.12,88.71,79.07,0.08,36.82,0.49,,,,
2025-08-25 11:00,67,19.48,92.31,78.03,0.08,36.36,0.51,,,,
2025-08-25 12:00,67,19.75,91.95,77.15,0.09,36.0,0.52,,,,
2025-08-25 13:00,68,20.09,94.05,76.83,0.11,35.74,0.53,,,,
2025-08-25 14:00,68,20.36,96.6,76.58,0.12,35.46,0.54,,,,
2025-08-25 15:00,69,20.56,97.77,76.42,0.13,35.21,0.55,,,,
2025-08-25 16:00,69,20.66,98.0,76.37,0.13,35.07,0.55,,,,
2025-08-25 17:00,69,20.78,98.16,76.52,0.13,34.94,0.55,,,,
2025-08-25 18:00,69,20.81,98.41,77.19,0.12,35.02,0.55,,,,
2025-08-25 19:00,69,20.67,98.59,78.92,0.12,35.24,0.53,,,,
2025-08-25 20:00,68,20.42,98.95,81.41,0.12,35.63,0.5,,,,
2025-08-25 21:00,68,20.22,98.59,83.38,0.12,35.87,0.48,,,,
2025-08-25 22:00,68,20.06,96.46,84.25,0.12,35.86,0.47,,,,
2025-08-25 23:00,67,19.83,92.74,84.59,0.12,35.78,0.46,,,,
2025-08-26 00:00,67,19.62,88.22,84.05,0.12,35.61,0.46,,,,
2025-08-26 00:00,67,19.62,88.22,84.05,0.12,35.61,0.46,,,,
2025-08-26 01:00,67,19.58,87.99,83.82,0.12,35.54,0.45,,,,
2025-08-26 02:00,67,19.61,88.23,84.49,0.13,35.96,0.43,,,,
2025-08-26 03:00,67,19.56,86.41,85.6,0.13,36.65,0.4,,,,
2025-08-26 04:00,66,19.3,80.0,86.62,0.12,37.4,0.37,,,,
2025-08-26 05:00,66,19.08,73.64,86.98,0.11,37.81,0.34,,,,
2025-08-26 06:00,66,19.04,70.14,86.5,0.1,37.91,0.33,,,,
2025-08-26 07:00,66,19.12,69.97,85.73,0.09,37.86,0.33,,,,
2025-08-26 08:00,66,19.28,72.23,85.24,0.08,37.76,0.33,,,,
2025-08-26 09:00,66,19.42,73.98,84.63,0.07,37.53,0.34,,,,
2025-08-26 10:00,67,19.5,75.42,84.01,0.07,37.24,0.34,,,,
2025-08-26 11:00,66,19.41,76.41,82.79,0.08,36.94,0.36,,,,
2025-08-26 12:00,66,19.09,75.52,81.71,0.09,36.69,0.38,,,,
2025-08-26 13:00,65,18.54,72.63,81.58,0.1,36.64,0.39,,,,
2025-08-26 14:00,63,17.86,67.98,82.52,0.12,36.77,0.38,,,,
2025-08-26 15:00,62,17.5,64.97,83.95,0.12,36.97,0.37,,,,
2025-08-26 16:00,62,17.47,65.88,85.57,0.12,37.12,0.38,,,,
2025-08-26 17:00,63,17.73,69.09,87.58,0.11,37.44,0.38,,,,
2025-08-26 18:00,63,18.02,71.25,89.89,0.11,37.72,0.38,,,,
2025-08-26 19:00,64,18.2,72.03,92.34,0.11,37.93,0.37,,,,
2025-08-26 20:00,64,18.42,72.42,94.98,0.11,38.23,0.38,,,,
2025-08-26 21:00,65,18.55,72.85,97.62,0.12,38.42,0.38,,,,
2025-08-26 22:00,65,18.56,71.58,100.12,0.12,38.52,0.38,,,,
2025-08-26 23:00,64,18.42,69.27,102.41,0.12,38.55,0.37,,,,
2025-08-27 00:00,64,18.22,67.28,104.86,0.12,38.75,0.36,,,,
2025-08-27 00:00,64,18.22,67.28,104.86,0.12,38.75,0.36,,,,
2025-08-27 01:00,63,18.02,65.87,108.47,0.12,39.4,0.34,,,,
2025-08-27 02:00,63,17.8,64.51,112.84,0.11,40.34,0.32,,,,
2025-08-27 03:00,62,17.52,62.41,117.36,0.12,41.52,0.3,,,,
2025-08-27 04:00,62,17.2,59.89,120.92,0.12,42.48,0.29,,,,
2025-08-27 05:00,62,17.19,58.43,123.1,0.1,43.07,0.28,,,,
2025-08-27 06:00,62,17.26,57.06,124.5,0.08,43.37,0.27,,,,
2025-08-27 07:00,62,17.37,56.59,124.8,0.06,43.22,0.26,,,,
2025-08-27 08:00,62,17.52,56.97,123.97,0.06,42.78,0.26,,,,
2025-08-27 09:00,63,17.7,58.3,121.89,0.06,42.09,0.26,,,,
2025-08-27 10:00,63,17.88,60.9,119.17,0.06,41.68,0.26,,,,
2025-08-27 11:00,64,18.06,64.59,114.79,0.06,41.27,0.27,,,,
2025-08-27 12:00,64,18.21,68.83,109.89,0.07,40.95,0.27,,,,
2025-08-27 13:00,64,18.18,72.23,105.47,0.09,40.68,0.28,,,,
2025-08-27 14:00,63,17.95,74.03,101.52,0.1,40.34,0.28,,,,
2025-08-27 15:00,63,17.78,75.46,97.67,0.1,39.86,0.29,,,,
2025-08-27 16:00,63,17.58,76.65,95.32,0.1,39.56,0.3,,,,
2025-08-27 17:00,62,17.5,78.5,94.85,0.1,39.7,0.3,,,,
2025-08-27 18:00,62,17.47,79.74,94.75,0.1,39.99,0.31,,,,
2025-08-27 19:00,62,17.26,78.35,94.39,0.1,40.07,0.31,,,,
2025-08-27 20:00,61,16.82,72.89,93.74,0.1,40.07,0.31,,,,
2025-08-27 21:00,60,16.37,68.23,92.94,0.1,39.94,0.31,,,,
2025-08-27 22:00,59,15.92,65.34,92.9,0.1,40.01,0.31,,,,
2025-08-27 23:00,58,15.44,63.36,94.13,0.1,40.5,0.3,,,,
2025-08-28 00:00,57,15.01,61.87,96.43,0.09,41.36,0.29,,,,
2025-08-28 00:00,57,15.01,61.87,96.43,0.09,41.36,0.29,,,,
2025-08-28 01:00,56,14.71,61.59,99.32,0.09,42.37,0.27,,,,
2025-08-28 02:00,57,14.74,62.45,101.67,0.09,43.19,0.26,,,,
2025-08-28 03:00,57,14.84,63.1,103.67,0.09,44.02,0.24,,,,
2025-08-28 04:00,57,14.9,63.22,105.13,0.08,44.66,0.22,,,,
2025-08-28 05:00,57,15.08,63.84,106.05,0.06,44.85,0.21,,,,
2025-08-28 06:00,58,15.22,64.04,106.65,0.05,44.59,0.19,,,,
2025-08-28 07:00,58,15.24,63.53,107.23,0.04,43.94,0.18,,,,
2025-08-28 08:00,57,15.13,62.13,107.95,0.04,43.07,0.17,,,,
2025-08-28 09:00,57,14.93,59.98,108.66,0.04,42.2,0.16,,,,
2025-08-28 10:00,56,14.69,57.28,110.08,0.04,41.65,0.16,,,,
2025-08-28 11:00,56,14.29,53.8,111.41,0.04,41.21,0.16,,,,
2025-08-28 12:00,55,13.84,50.13,112.62,0.05,41.05,0.17,,,,
2025-08-28 13:00,54,13.43,46.79,113.76,0.07,41.2,0.18,,,,
2025-08-28 14:00,53,13.08,43.84,113.87,0.09,41.35,0.19,,,,
2025-08-28 15:00,53,13.02,42.08,112.65,0.09,41.42,0.21,,,,
2025-08-28 16:00,53,13.28,41.64,110.7,0.1,41.39,0.22,,,,
2025-08-28 17:00,55,13.82,42.55,108.73,0.1,41.62,0.23,,,,
2025-08-28 18:00,56,14.49,44.32,107.42,0.1,42.08,0.25,,,,
2025-08-28 19:00,57,14.94,45.61,107.36,0.1,43.02,0.26,,,,
2025-08-28 20:00,57,15.19,46.07,108.06,0.09,44.09,0.27,,,,
2025-08-28 21:00,58,15.47,46.67,108.93,0.09,44.91,0.27,,,,
2025-08-28 22:00,58,15.53,46.79,109.88,0.09,45.71,0.26,,,,
2025-08-28 23:00,58,15.37,46.47,111.29,0.09,46.61,0.26,,,,
2025-08-29 00:00,57,15.11,46.14,112.55,0.08,47.35,0.25,,,,
2025-08-29 00:00,57,15.11,46.14,112.55,0.08,47.35,0.25,,,,
2025-08-29 01:00,57,14.91,46.05,113.59,0.08,47.79,0.25,,,,
2025-08-29 02:00,57,14.8,46.16,114.82,0.08,47.88,0.25,,,,
2025-08-29 03:00,56,14.59,45.1,116.17,0.09,47.88,0.24,,,,
2025-08-29 04:00,55,14.23,43.53,117.47,0.09,47.84,0.23,,,,
2025-08-29 05:00,55,13.83,42.32,119.36,0.07,48.02,0.22,,,,
2025-08-29 06:00,54,13.4,41.17,121.51,0.06,48.25,0.21,,,,
2025-08-29 07:00,53,12.99,40.2,123.85,0.05,48.19,0.2,,,,
2025-08-29 08:00,52,12.66,39.49,126.04,0.04,47.85,0.19,,,,
2025-08-29 09:00,52,12.44,38.95,127.88,0.04,47.42,0.18,,,,
2025-08-29 10:00,52,12.41,38.98,129.83,0.05,47.23,0.17,,,,
2025-08-29 11:00,52,12.65,40.12,131.11,0.05,47.26,0.18,,,,
2025-08-29 12:00,54,13.39,43.3,131.31,0.06,47.34,0.19,,,,
2025-08-29 13:00,57,14.75,49.21,130.28,0.08,47.28,0.21,,,,
2025-08-29 14:00,60,16.56,57.29,127.55,0.1,46.8,0.23,,,,
2025-08-29 15:00,64,18.49,66.28,123.52,0.1,46.21,0.25,,,,
2025-08-29 16:00,67,19.89,73.36,118.88,0.1,45.76,0.26,,,,
2025-08-29 17:00,69,20.59,77.53,114.87,0.1,45.82,0.26,,,,
2025-08-29 18:00,70,20.97,80.21,111.63,0.1,46.09,0.26,,,,
2025-08-29 19:00,70,21.2,81.86,109.17,0.1,46.28,0.25,,,,
2025-08-29 20:00,71,21.44,83.44,107.79,0.09,46.49,0.25,,,,
2025-08-29 21:00,71,21.77,85.37,107.3,0.09,46.45,0.24,,,,
2025-08-29 22:00,72,22.16,87.63,107.37,0.09,46.4,0.23,,,,
2025-08-29 23:00,73,22.5,89.68,107.7,0.09,46.37,0.23,,,,
2025-08-30 00:00,73,22.72,91.21,108.61,0.09,46.6,0.22,,,,
2025-08-30 00:00,73,22.72,91.21,108.61,0.09,46.6,0.22,,,,
2025-08-30 01:00,74,22.96,92.33,109.77,0.09,46.86,0.21,,,,
2025-08-30 02:00,74,23.17,93.36,111.29,0.09,47.19,0.2,,,,
2025-08-30 03:00,75,23.42,94.35,113.28,0.09,47.57,0.19,,,,
2025-08-30 04:00,75,23.6,94.73,115.29,0.08,47.84,0.19,,,,
2025-08-30 05:00,76,23.79,95.0,117.73,0.07,48.03,0.18,,,,
2025-08-30 06:00,76,24.12,95.65,120.38,0.06,47.99,0.18,,,,
2025-08-30 07:00,77,24.4,96.07,123.54,0.05,47.67,0.18,,,,
2025-08-30 08:00,77,24.6,96.17,126.78,0.04,47.17,0.18,,,,
2025-08-30 09:00,77,24.66,95.9,129.67,0.04,46.59,0.18,,,,
2025-08-30 10:00,78,24.76,95.99,132.56,0.04,46.35,0.18,,,,
2025-08-30 11:00,78,24.87,96.22,133.58,0.05,46.05,0.19,,,,
2025-08-30 12:00,78,25.08,97.45,132.74,0.06,45.65,0.21,,,,
2025-08-30 13:00,79,25.36,99.56,129.59,0.08,45.19,0.23,,,,
2025-08-30 14:00,79,25.5,101.69,124.42,0.1,44.5,0.24,,,,
2025-08-30 15:00,79,25.47,103.45,118.41,0.1,43.76,0.25,,,,
2025-08-30 16:00,79,25.2,103.95,112.25,0.1,43.03,0.26,,,,
2025-08-30 17:00,77,24.67,103.26,106.5,0.1,42.55,0.27,,,,
2025-08-30 18:00,76,23.97,101.73,101.22,0.1,42.07,0.28,,,,
2025-08-30 19:00,74,23.16,99.62,96.89,0.1,41.65,0.29,,,,
2025-08-30 20:00,73,22.35,97.28,94.31,0.1,41.45,0.3,,,,
2025-08-30 21:00,71,21.77,95.71,93.24,0.1,41.39,0.31,,,,
2025-08-30 22:00,71,21.48,95.02,93.43,0.09,41.52,0.31,,,,
2025-08-30 23:00,70,21.2,92.07,94.55,0.09,41.77,0.31,,,,
2025-08-31 00:00,69,20.85,88.25,95.88,0.09,42.1,0.3,,,,
2025-08-31 00:00,69,20.85,88.25,95.88,0.09,42.1,0.3,,,,
2025-08-31 01:00,68,20.32,85.2,97.44,0.09,42.56,0.28,,,,
2025-08-31 02:00,66,19.44,80.24,99.18,0.09,43.22,0.27,,,,
2025-08-31 03:00,64,18.43,73.81,100.49,0.09,43.78,0.26,,,,
2025-08-31 04:00,63,17.59,67.84,101.15,0.08,43.96,0.25,,,,
2025-08-31 05:00,62,17.14,63.72,101.1,0.07,43.68,0.26,,,,
2025-08-31 06:00,61,16.97,61.0,100.58,0.06,43.06,0.26,,,,
2025-08-31 07:00,61,17.01,59.95,99.41,0.05,42.19,0.27,,,,
2025-08-31 08:00,62,17.3,61.37,97.73,0.05,41.14,0.28,,,,
2025-08-31 09:00,63,17.68,64.31,95.88,0.05,40.17,0.3,,,,
2025-08-31 10:00,63,17.97,67.21,94.07,0.05,39.51,0.31,,,,
2025-08-31 11:00,63,17.92,68.75,91.87,0.06,38.98,0.33,,,,
2025-08-31 12:00,63,17.62,68.82,89.61,0.07,38.41,0.34,,,,
2025-08-31 13:00,62,17.21,68.11,87.75,0.09,37.92,0.35,,,,
2025-08-31 14:00,61,16.82,67.65,85.95,0.1,37.31,0.37,,,,
2025-08-31 15:00,60,16.56,68.14,84.23,0.11,36.78,0.39,,,,
2025-08-31 16:00,60,16.33,68.41,83.7,0.11,36.67,0.4,,,,
2025-08-31 17:00,60,16.17,69.11,84.36,0.1,37.05,0.41,,,,
2025-08-31 18:00,60,16.19,69.89,85.57,0.1,37.61,0.42,,,,
2025-08-31 19:00,60,16.37,69.79,86.44,0.1,38.14,0.43,,,,
2025-08-31 20:00,61,16.66,68.78,87.22,0.1,38.71,0.42,,,,
2025-08-31 21:00,61,16.97,67.73,88.21,0.1,39.37,0.41,,,,
2025-08-31 22:00,62,17.14,67.16,89.76,0.1,40.16,0.4,,,,
2025-08-31 23:00,62,17.13,66.27,91.14,0.1,40.9,0.39,,,,
2025-09-01 00:00,62,17.31,67.16,91.87,0.1,41.37,0.38,,,,
2025-09-01 00:00,62,17.31,67.16,91.87,0.1,41.37,0.38,,,,
2025-09-01 01:00,63,17.68,69.4,92.03,0.1,41.74,0.42,,,,
2025-09-01 02:00,63,17.97,71.05,92.01,0.1,42.21,0.45,,,,
2025-09-01 03:00,64,18.09,71.65,91.82,0.1,42.84,0.46,,,,
2025-09-01 04:00,64,18.07,71.99,91.26,0.09,43.6,0.47,,,,
2025-09-01 05:00,64,18.19,73.04,90.73,0.07,44.44,0.48,,,,
2025-09-01 06:00,64,18.38,73.72,90.19,0.06,44.96,0.49,,,,
2025-09-01 07:00,64,18.3,72.64,89.89,0.06,45.39,0.49,,,,
2025-09-01 08:00,63,17.86,70.16,90.23,0.05,45.7,0.49,,,,
2025-09-01 09:00,62,17.28,67.65,91.15,0.05,46.09,0.49,,,,
2025-09-01 10:00,61,16.85,66.29,92.79,0.05,46.74,0.5,,,,
2025-09-01 11:00,60,16.59,66.41,93.95,0.05,47.33,0.51,,,,
2025-09-01 12:00,61,16.64,68.17,94.36,0.06,47.6,0.54,,,,
2025-09-01 13:00,61,16.97,70.25,94.41,0.07,47.6,0.58,,,,
2025-09-01 14:00,62,17.31,71.57,94.61,0.09,47.49,0.6,,,,
2025-09-01 15:00,63,17.57,72.18,95.12,0.09,47.7,0.62,,,,
2025-09-01 16:00,63,17.79,73.09,96.13,0.09,48.04,0.63,,,,
2025-09-01 17:00,64,18.11,74.3,97.48,0.09,48.7,0.64,,,,
2025-09-01 18:00,65,18.58,76.34,98.75,0.09,49.47,0.65,,,,
2025-09-01 19:00,66,19.11,78.25,99.26,0.09,50.02,0.66,,,,
2025-09-01 20:00,67,19.84,81.84,99.43,0.09,50.25,0.66,,,,
2025-09-01 21:00,69,20.64,86.83,98.79,0.09,50.01,0.68,,,,
2025-09-01 22:00,70,21.19,90.38,97.64,0.09,49.34,0.69,,,,
2025-09-01 23:00,70,21.2,90.79,95.77,0.1,48.44,0.69,,,,
2025-09-02 00:00,69,20.7,88.44,93.69,0.1,47.46,0.67,,,,
2025-09-02 00:00,69,20.7,88.44,93.69,0.1,47.46,0.67,,,,
2025-09-02 01:00,67,19.83,85.05,91.66,0.1,46.58,0.66,,,,
2025-09-02 02:00,65,18.89,81.19,89.96,0.1,45.91,0.63,,,,
2025-09-02 03:00,63,18.02,77.31,88.4,0.1,45.3,0.61,,,,
2025-09-02 04:00,62,17.37,74.23,87.08,0.09,44.99,0.58,,,,
2025-09-02 05:00,61,17.03,72.61,85.95,0.07,44.7,0.57,,,,
2025-09-02 06:00,61,16.86,71.69,84.72,0.06,44.2,0.56,,,,
2025-09-02 07:00,61,16.73,71.13,83.56,0.06,43.53,0.56,,,,
2025-09-02 08:00,60,16.59,70.38,82.68,0.05,43.0,0.55,,,,
2025-09-02 09:00,60,16.54,70.6,82.16,0.05,42.72,0.54,,,,
2025-09-02 10:00,61,16.65,71.22,82.08,0.05,42.74,0.53,,,,
2025-09-02 11:00,61,16.81,71.86,81.69,0.05,42.87,0.53,,,,
2025-09-02 12:00,61,17.0,72.98,81.33,0.06,42.98,0.54,,,,
2025-09-02 13:00,62,17.14,73.66,81.41,0.08,43.3,0.55,,,,
2025-09-02 14:00,62,17.2,73.51,81.54,0.09,43.64,0.56,,,,
2025-09-02 15:00,62,17.24,73.05,82.01,0.09,44.01,0.57,,,,
2025-09-02 16:00,62,17.25,72.1,82.55,0.09,44.42,0.57,,,,
2025-09-02 17:00,62,17.25,71.42,83.39,0.09,44.88,0.57,,,,
2025-09-02 18:00,62,17.31,71.77,84.33,0.09,45.38,0.57,,,,
2025-09-02 19:00,62,17.4,72.25,84.83,0.09,45.44,0.56,,,,
2025-09-02 20:00,62,17.51,72.74,85.0,0.09,45.45,0.55,,,,
2025-09-02 21:00,63,17.64,73.28,84.96,0.09,45.27,0.54,,,,
2025-09-02 22:00,63,17.74,73.61,84.74,0.09,45.03,0.52,,,,
2025-09-02 23:00,63,17.84,74.02,84.64,0.09,44.93,0.51,,,,
2025-09-03 00:00,63,17.93,74.11,84.73,0.09,44.97,0.49,,,,
2025-09-03 00:00,63,17.93,74.11,84.73,0.09,44.97,0.49,,,,
2025-09-03 01:00,63,17.96,73.88,85.02,0.08,45.23,0.47,,,,
2025-09-03 02:00,63,17.93,73.08,85.45,0.09,45.64,0.44,,,,
2025-09-03 03:00,63,17.83,71.77,85.79,0.09,46.12,0.41,,,,
2025-09-03 04:00,63,17.67,69.87,86.11,0.07,46.49,0.39,,,,
2025-09-03 05:00,62,17.55,68.02,86.29,0.06,46.61,0.36,,,,
2025-09-03 06:00,62,17.49,66.47,86.36,0.06,46.47,0.35,,,,
2025-09-03 07:00,62,17.42,65.03,86.05,0.05,45.99,0.33,,,,
2025-09-03 08:00,62,17.38,64.25,85.72,0.05,45.29,0.33,,,,
2025-09-03 09:00,62,17.38,64.42,85.43,0.05,44.48,0.33,,,,
2025-09-03 10:00,63,17.59,66.38,85.33,0.05,43.82,0.34,,,,
2025-09-03 11:00,63,17.84,69.56,85.17,0.05,43.21,0.35,,,,
2025-09-03 12:00,63,17.97,72.27,85.2,0.06,43.1,0.36,,,,
2025-09-03 13:00,63,17.91,73.47,85.75,0.07,43.5,0.37,,,,
2025-09-03 14:00,63,17.68,73.45,86.33,0.08,43.99,0.36,,,,
2025-09-03 15:00,62,17.36,72.46,86.7,0.08,44.49,0.36,,,,
2025-09-03 16:00,61,16.94,71.23,86.82,0.08,44.73,0.36,,,,
2025-09-03 17:00,60,16.61,70.21,86.9,0.08,44.9,0.38,,,,
2025-09-03 18:00,60,16.33,68.93,87.01,0.08,45.02,0.39,,,,
2025-09-03 19:00,59,16.0,66.48,87.22,0.08,45.2,0.41,,,,
2025-09-03 20:00,59,15.78,64.45,87.67,0.08,45.56,0.4,,,,
2025-09-03 21:00,59,15.69,63.61,88.28,0.08,45.96,0.39,,,,
2025-09-03 22:00,59,15.77,63.98,88.7,0.07,46.29,0.39,,,,
2025-09-03 23:00,59,16.05,65.29,88.97,0.07,46.54,0.39,,,,
2025-09-04 00:00,60,16.44,67.03,89.33,0.07,46.69,0.39,,,,
2025-09-04 00:00,60,16.44,67.03,89.33,0.07,46.69,0.39,,,,
2025-09-04 01:00,61,16.83,67.16,89.74,0.07,46.68,0.4,,,,
2025-09-04 02:00,62,17.15,65.83,89.96,0.08,46.63,0.41,,,,
2025-09-04 03:00,62,17.3,63.79,90.33,0.08,46.8,0.42,,,,
2025-09-04 04:00,62,17.35,62.9,90.5,0.07,46.95,0.42,,,,
2025-09-04 05:00,62,17.35,63.37,90.68,0.06,47.03,0.39,,,,
2025-09-04 06:00,62,17.32,64.1,90.66,0.05,47.03,0.36,,,,
2025-09-04 07:00,61,17.09,64.37,90.82,0.04,47.09,0.32,,,,
2025-09-04 08:00,61,16.74,63.87,91.1,0.04,46.71,0.3,,,,
2025-09-04 09:00,60,16.42,63.23,91.4,0.03,46.31,0.28,,,,
2025-09-04 10:00,59,16.11,62.65,91.95,0.03,46.25,0.26,,,,
2025-09-04 11:00,59,15.78,62.01,92.22,0.04,46.35,0.25,,,,
2025-09-04 12:00,58,15.49,61.49,92.32,0.04,46.6,0.26,,,,
2025-09-04 13:00,58,15.35,61.59,92.39,0.06,46.87,0.27,,,,
2025-09-04 14:00,58,15.33,61.87,91.96,0.07,46.96,0.28,,,,
2025-09-04 15:00,58,15.38,62.16,91.51,0.07,47.03,0.3,,,,
2025-09-04 16:00,58,15.4,62.07,90.91,0.07,47.19,0.31,,,,
2025-09-04 17:00,58,15.36,61.64,90.36,0.07,47.44,0.32,,,,
2025-09-04 18:00,58,15.26,61.06,89.93,0.07,47.71,0.33,,,,
2025-09-04 19:00,57,15.12,60.54,89.53,0.07,48.09,0.34,,,,
2025-09-04 20:00,57,15.0,60.56,89.3,0.07,48.74,0.34,,,,
2025-09-04 21:00,57,15.07,61.5,89.24,0.07,49.36,0.34,,,,
2025-09-04 22:00,58,15.28,62.96,89.13,0.06,49.89,0.34,,,,
2025-09-04 23:00,58,15.42,64.1,89.0,0.06,50.06,0.34,,,,
2025-09-05 00:00,58,15.57,65.26,88.99,0.06,50.18,0.35,,,,
2025-09-05 00:00,58,15.57,65.26,88.99,0.06,50.18,0.35,,,,
2025-09-05 01:00,59,15.79,66.52,88.9,0.06,50.32,0.35,,,,
2025-09-05 02:00,59,16.09,67.91,88.89,0.06,50.25,0.36,,,,
2025-09-05 03:00,60,16.43,69.21,89.17,0.07,49.97,0.36,,,,
2025-09-05 04:00,61,16.7,70.01,89.13,0.06,49.58,0.36,,,,
2025-09-05 05:00,61,16.89,70.34,89.23,0.05,49.09,0.36,,,,
2025-09-05 06:00,61,16.93,69.87,89.23,0.04,48.5,0.35,,,,
2025-09-05 07:00,61,16.73,68.26,89.35,0.04,47.72,0.33,,,,
2025-09-05 08:00,60,16.34,65.79,89.64,0.03,47.0,0.33,,,,
2025-09-05 09:00,59,15.8,62.93,90.08,0.03,46.43,0.33,,,,
2025-09-05 10:00,57,15.18,59.91,90.93,0.03,46.34,0.34,,,,
2025-09-05 11:00,56,14.42,56.74,91.73,0.04,46.56,0.35,,,,
2025-09-05 12:00,54,13.72,54.11,92.52,0.04,46.9,0.36,,,,
2025-09-05 13:00,54,13.34,52.72,93.45,0.05,47.22,0.39,,,,
2025-09-05 14:00,53,13.23,52.42,94.23,0.07,47.4,0.41,,,,
2025-09-05 15:00,54,13.3,52.66,94.9,0.07,47.71,0.43,,,,
2025-09-05 16:00,54,13.44,53.07,95.25,0.07,48.14,0.44,,,,
2025-09-05 17:00,55,13.81,54.07,95.73,0.07,48.72,0.46,,,,
2025-09-05 18:00,56,14.43,55.88,95.94,0.08,48.91,0.48,,,,
2025-09-05 19:00,57,15.17,58.08,95.66,0.08,48.61,0.51,,,,
2025-09-05 20:00,59,15.85,60.19,94.68,0.09,47.99,0.53,,,,
2025-09-05 21:00,60,16.36,61.65,93.65,0.09,47.22,0.54,,,,
2025-09-05 22:00,60,16.43,61.51,92.63,0.09,47.07,0.54,,,,
2025-09-05 23:00,60,16.17,60.1,92.05,0.08,47.3,0.52,,,,
2025-09-06 00:00,59,15.9,58.92,91.24,0.08,47.04,0.51,,,,
2025-09-06 00:00,59,15.9,58.92,91.24,0.08,47.04,0.51,,,,
2025-09-06 01:00,59,15.67,58.01,90.26,0.08,46.56,0.5,,,,
2025-09-06 02:00,58,15.44,57.22,89.33,0.08,46.3,0.49,,,,
2025-09-06 03:00,58,15.23,56.58,88.77,0.08,46.37,0.48,,,,
2025-09-06 04:00,57,15.06,56.0,88.44,0.07,46.71,0.46,,,,
2025-09-06 05:00,57,14.96,55.41,88.33,0.06,46.71,0.45,,,,
2025-09-06 06:00,57,14.83,54.52,88.13,0.05,46.48,0.43,,,,
2025-09-06 07:00,56,14.55,53.02,88.22,0.05,45.96,0.41,,,,
2025-09-06 08:00,56,14.25,51.41,88.06,0.04,45.26,0.4,,,,
2025-09-06 09:00,55,14.02,50.09,88.02,0.04,44.44,0.39,,,,
2025-09-06 10:00,55,13.83,48.88,88.35,0.04,44.06,0.39,,,,
2025-09-06 11:00,54,13.6,47.64,89.26,0.04,44.37,0.39,,,,
2025-09-06 12:00,54,13.48,46.88,90.29,0.05,44.82,0.4,,,,
2025-09-06 13:00,54,13.42,46.63,92.15,0.06,45.68,0.41,,,,
2025-09-06 14:00,54,13.32,46.6,94.36,0.07,46.85,0.42,,,,
2025-09-06 15:00,54,13.29,47.18,96.75,0.07,48.23,0.43,,,,
2025-09-06 16:00,54,13.5,48.59,98.53,0.07,49.35,0.45,,,,
2025-09-06 17:00,55,14.05,51.11,99.68,0.07,49.93,0.48,,,,
2025-09-06 18:00,57,14.9,54.39,100.42,0.08,49.98,0.51,,,,
2025-09-06 19:00,59,15.79,57.73,100.27,0.08,49.63,0.53,,,,
2025-09-06 20:00,60,16.51,60.59,99.77,0.08,48.99,0.56,,,,
2025-09-06 21:00,61,16.91,62.55,98.86,0.08,48.08,0.58,,,,
2025-09-06 22:00,61,17.04,63.88,97.87,0.08,47.38,0.59,,,,
2025-09-06 23:00,61,17.01,64.59,96.77,0.08,47.21,0.6,,,,
2025-09-07 00:00,61,17.03,65.46,95.75,0.08,47.3,0.6,,,,
2025-09-07 00:00,61,17.03,65.46,95.75,0.08,47.3,0.6,,,,
2025-09-07 01:00,62,17.18,66.61,95.17,0.08,48.0,0.59,,,,
2025-09-07 02:00,62,17.31,67.84,94.76,0.08,49.22,0.57,,,,
2025-09-07 03:00,62,17.44,69.37,94.59,0.08,50.94,0.54,,,,
2025-09-07 04:00,63,17.66,71.19,94.58,0.08,52.67,0.53,,,,
2025-09-07 05:00,63,17.91,73.01,94.17,0.06,53.01,0.53,,,,
2025-09-07 06:00,63,17.92,73.78,93.5,0.05,52.3,0.54,,,,
2025-09-07 07:00,62,17.54,72.93,92.42,0.05,50.86,0.54,,,,
2025-09-07 08:00,62,17.3,72.94,90.97,0.05,48.83,0.56,,,,
2025-09-07 09:00,62,17.54,74.91,89.23,0.05,46.49,0.58,,,,
2025-09-07 10:00,63,17.95,77.68,88.13,0.05,44.7,0.6,,,,
2025-09-07 11:00,64,18.37,80.56,87.83,0.06,43.84,0.61,,,,
2025-09-07 12:00,65,18.77,83.2,88.11,0.07,44.02,0.61,,,,
2025-09-07 13:00,66,19.16,85.47,89.05,0.09,44.96,0.6,,,,
2025-09-07 14:00,66,19.35,86.53,89.51,0.1,45.73,0.6,,,,
2025-09-07 15:00,66,19.34,86.41,89.62,0.1,46.23,0.6,,,,
2025-09-07 16:00,66,19.2,85.35,89.45,0.09,46.41,0.6,,,,
2025-09-07 17:00,66,19.06,84.23,89.05,0.09,46.34,0.61,,,,
2025-09-07 18:00,65,18.96,83.2,88.5,0.09,46.19,0.63,,,,
2025-09-07 19:00,65,18.81,81.89,87.82,0.09,46.23,0.63,,,,
2025-09-07 20:00,65,18.57,80.14,87.5,0.09,46.75,0.62,,,,
2025-09-07 21:00,64,18.46,79.25,87.07,0.09,47.5,0.6,,,,
2025-09-07 22:00,65,18.82,80.32,86.55,0.09,48.23,0.58,,,,
2025-09-07 23:00,67,19.48,82.96,85.39,0.09,48.57,0.58,,,,
2025-09-08 00:00,68,20.03,85.57,83.77,0.09,48.13,0.6,,,,
2025-09-08 00:00,68,20.03,85.57,83.77,0.09,48.13,0.6,,,,
2025-09-08 01:00,68,20.15,84.51,81.96,0.09,47.44,0.61,,,,
2025-09-08 02:00,68,20.0,82.31,80.75,0.1,46.94,0.6,,,,
2025-09-08 03:00,68,19.99,82.1,80.04,0.11,46.74,0.58,,,,
2025-09-08 04:00,67,19.83,78.55,79.8,0.11,46.86,0.56,,,,
2025-09-08 05:00,68,20.04,76.81,80.06,0.11,47.35,0.53,,,,
2025-09-08 06:00,69,20.5,77.78,80.35,0.1,47.77,0.5,,,,
2025-09-08 07:00,68,20.35,74.58,80.39,0.1,47.83,0.5,,,,
2025-09-08 08:00,67,19.8,67.86,80.23,0.1,47.6,0.5,,,,
2025-09-08 09:00,66,19.23,61.81,80.19,0.09,47.62,0.49,,,,
2025-09-08 10:00,66,19.37,64.3,80.62,0.1,48.18,0.49,,,,
2025-09-08 11:00,67,19.66,69.39,80.91,0.1,48.59,0.51,,,,
2025-09-08 12:00,67,19.57,71.64,80.51,0.11,48.68,0.54,,,,
2025-09-08 13:00,65,18.94,64.53,79.82,0.12,48.27,0.55,,,,
2025-09-08 14:00,64,18.45,58.97,78.73,0.13,47.41,0.55,,,,
2025-09-08 15:00,64,18.29,58.01,77.78,0.13,46.45,0.56,,,,
2025-09-08 16:00,64,18.37,60.05,76.97,0.13,45.7,0.55,,,,
2025-09-08 17:00,65,18.53,63.35,76.53,0.12,45.31,0.56,,,,
2025-09-08 18:00,65,18.53,65.42,76.46,0.11,45.23,0.56,,,,
2025-09-08 19:00,65,18.69,70.7,76.75,0.11,45.43,0.56,,,,
2025-09-08 20:00,65,18.89,75.81,77.18,0.1,45.72,0.56,,,,
2025-09-08 21:00,65,18.85,77.54,77.37,0.1,45.83,0.56,,,,
2025-09-08 22:00,65,18.68,74.39,77.58,0.09,45.78,0.56,,,,
2025-09-08 23:00,64,18.46,70.91,77.53,0.09,45.54,0.56,,,,
2025-09-09 00:00,64,18.4,69.8,77.57,0.09,45.12,0.57,,,,
2025-09-11 00:00,34,8.06,19.1,80.92,0.08,38.68,0.31,,,,
2025-09-11 01:00,33,7.9,18.69,80.95,0.08,38.35,0.31,,,,
2025-09-11 02:00,32,7.68,17.63,81.03,0.08,38.01,0.3,,,,
2025-09-11 03:00,31,7.45,16.41,81.02,0.09,37.82,0.29,,,,
2025-09-11 04:00,30,7.26,15.48,81.02,0.09,37.81,0.26,,,,
2025-09-11 05:00,30,7.14,15.05,81.18,0.07,38.03,0.25,,,,
2025-09-11 06:00,29,7.07,14.71,81.23,0.06,38.0,0.24,,,,
2025-09-11 07:00,30,7.13,15.02,81.18,0.05,37.56,0.24,,,,
2025-09-11 08:00,30,7.27,15.61,80.87,0.05,36.76,0.24,,,,
2025-09-11 09:00,31,7.39,16.09,80.38,0.05,35.88,0.25,,,,
2025-09-11 10:00,31,7.54,16.74,80.0,0.05,35.15,0.26,,,,
2025-09-11 11:00,32,7.69,17.49,79.36,0.05,34.65,0.26,,,,
2025-09-11 12:00,33,7.81,18.14,78.84,0.06,34.43,0.27,,,,
2025-09-11 13:00,33,7.89,18.74,78.59,0.07,34.64,0.27,,,,
2025-09-11 14:00,33,7.86,18.92,78.46,0.09,34.89,0.27,,,,
2025-09-11 15:00,33,7.81,18.73,78.39,0.09,35.28,0.26,,,,
2025-09-11 16:00,32,7.74,18.26,78.27,0.09,35.69,0.24,,,,
2025-09-11 17:00,33,7.82,18.02,78.18,0.09,35.94,0.24,,,,
2025-09-11 18:00,34,8.04,17.96,77.89,0.09,36.12,0.24,,,,
2025-09-11 19:00,34,8.21,17.66,77.48,0.09,36.22,0.24,,,,
2025-09-11 20:00,35,8.31,17.22,77.2,0.08,36.26,0.23,,,,
2025-09-11 21:00,34,8.27,16.73,77.03,0.08,36.25,0.23,,,,
2025-09-11 22:00,34,8.08,16.17,77.11,0.08,36.33,0.23,,,,
2025-09-11 23:00,32,7.77,15.49,77.33,0.08,36.39,0.23,,,,
2025-09-12 00:00,31,7.32,14.57,77.67,0.08,36.47,0.22,,,,
2025-09-12 00:00,31,7.32,14.57,77.67,0.08,36.47,0.22,,,,
2025-09-12 01:00,28,6.81,13.35,78.11,0.08,36.54,0.21,,,,
2025-09-12 02:00,26,6.35,12.2,78.77,0.08,36.78,0.21,,,,
2025-09-12 03:00,24,5.88,11.08,79.66,0.08,37.11,0.21,,,,
2025-09-12 04:00,23,5.45,10.3,80.15,0.07,37.51,0.2,,,,
2025-09-12 05:00,21,5.13,9.77,80.74,0.05,37.89,0.19,,,,
2025-09-12 06:00,21,4.97,9.56,81.07,0.04,37.9,0.19,,,,
2025-09-12 07:00,21,4.99,9.73,80.97,0.04,37.5,0.19,,,,
2025-09-12 08:00,22,5.26,10.32,80.4,0.04,36.55,0.2,,,,
2025-09-12 09:00,24,5.66,11.07,79.5,0.04,35.41,0.21,,,,
2025-09-12 10:00,26,6.12,11.84,78.59,0.04,34.47,0.22,,,,
2025-09-12 11:00,27,6.52,12.4,77.35,0.04,33.71,0.22,,,,
2025-09-12 12:00,28,6.78,12.69,76.32,0.05,33.19,0.21,,,,
2025-09-12 13:00,29,6.9,12.74,75.52,0.07,32.91,0.21,,,,
2025-09-12 14:00,29,6.87,12.52,74.88,0.08,32.73,0.2,,,,
2025-09-12 15:00,28,6.75,12.19,74.32,0.09,32.57,0.18,,,,
2025-09-12 16:00,27,6.57,11.8,74.0,0.09,32.56,0.17,,,,
2025-09-12 17:00,27,6.38,11.55,73.82,0.09,32.7,0.17,,,,
2025-09-12 18:00,26,6.24,11.42,73.76,0.08,32.89,0.17,,,,
2025-09-12 19:00,26,6.13,11.32,73.6,0.08,33.14,0.17,,,,
2025-09-12 20:00,26,6.22,11.54,73.28,0.08,33.48,0.18,,,,
2025-09-12 21:00,27,6.38,11.81,72.98,0.08,33.88,0.19,,,,
2025-09-12 22:00,27,6.45,11.75,72.87,0.08,34.33,0.19,,,,
2025-09-12 23:00,27,6.37,11.25,72.87,0.08,34.79,0.18,,,,
2025-09-13 00:00,26,6.19,10.68,72.95,0.08,35.18,0.17,,,,
2025-09-13 00:00,26,6.19,10.68,72.95,0.08,35.18,0.17,,,,
2025-09-13 01:00,24,5.82,9.69,73.4,0.07,35.5,0.16,,,,
2025-09-13 02:00,22,5.37,8.75,74.23,0.07,35.96,0.15,,,,
2025-09-13 03:00,22,5.18,8.4,74.65,0.07,36.37,0.14,,,,
2025-09-13 04:00,21,5.12,8.35,74.74,0.06,36.7,0.14,,,,
2025-09-13 05:00,21,5.11,8.37,75.0,0.05,36.92,0.14,,,,
2025-09-13 06:00,21,5.08,8.34,75.2,0.05,37.0,0.13,,,,
2025-09-13 07:00,21,4.98,8.2,75.4,0.04,36.68,0.12,,,,
2025-09-13 08:00,21,4.93,8.2,75.52,0.04,36.1,0.11,,,,
2025-09-13 09:00,21,4.96,8.42,75.66,0.03,35.37,0.11,,,,
2025-09-13 10:00,21,5.07,8.8,76.08,0.03,34.84,0.12,,,,
2025-09-13 11:00,22,5.25,9.32,76.29,0.04,34.38,0.12,,,,
2025-09-13 12:00,22,5.38,9.76,76.5,0.04,34.17,0.13,,,,
2025-09-13 13:00,23,5.42,10.03,77.3,0.05,34.25,0.13,,,,
2025-09-13 14:00,22,5.37,10.13,77.93,0.06,34.23,0.14,,,,
2025-09-13 15:00,22,5.3,10.17,78.56,0.07,34.22,0.14,,,,
2025-09-13 16:00,22,5.24,10.16,78.87,0.07,34.17,0.14,,,,
2025-09-13 17:00,22,5.24,10.21,79.07,0.07,33.94,0.14,,,,
2025-09-13 18:00,22,5.26,10.24,78.92,0.07,33.71,0.14,,,,
2025-09-13 19:00,22,5.22,10.13,78.54,0.07,33.32,0.15,,,,
2025-09-13 20:00,21,5.1,9.83,78.17,0.07,33.02,0.15,,,,
2025-09-13 21:00,20,4.92,9.45,77.76,0.07,32.93,0.15,,,,
2025-09-13 22:00,20,4.72,9.06,77.55,0.07,32.94,0.15,,,,
2025-09-13 23:00,19,4.57,8.77,77.13,0.07,32.96,0.15,,,,
2025-09-14 00:00,19,4.45,8.55,76.62,0.07,32.96,0.15,,,,
2025-09-14 00:00,19,4.45,8.55,76.62,0.07,32.96,0.15,,,,
2025-09-14 01:00,18,4.39,8.48,76.31,0.08,32.74,0.18,,,,
2025-09-14 02:00,18,4.31,8.38,76.0,0.08,32.6,0.2,,,,
2025-09-14 03:00,17,4.13,8.14,76.0,0.08,32.76,0.21,,,,
2025-09-14 04:00,16,3.86,7.73,76.04,0.07,33.08,0.22,,,,
2025-09-14 05:00,15,3.57,7.35,76.44,0.06,33.68,0.21,,,,
2025-09-14 06:00,14,3.32,7.09,76.9,0.05,34.31,0.2,,,,
2025-09-14 07:00,13,3.04,6.49,77.3,0.04,34.87,0.15,,,,
2025-09-14 08:00,13,3.05,6.89,77.21,0.03,34.66,0.16,,,,
2025-09-14 09:00,13,3.2,7.51,76.85,0.03,34.22,0.17,,,,
2025-09-14 10:00,14,3.41,8.2,76.54,0.03,33.8,0.19,,,,
2025-09-14 11:00,15,3.65,8.8,75.75,0.03,33.43,0.2,,,,
2025-09-14 12:00,16,3.86,9.21,74.99,0.04,33.12,0.21,,,,
2025-09-14 13:00,17,3.97,9.39,74.44,0.05,33.05,0.22,,,,
2025-09-14 14:00,16,3.9,9.15,74.38,0.06,33.1,0.22,,,,
2025-09-14 15:00,16,3.72,8.69,74.8,0.06,33.2,0.21,,,,
2025-09-14 16:00,15,3.5,8.26,75.17,0.06,33.3,0.21,,,,
2025-09-14 17:00,14,3.37,8.14,75.6,0.06,33.27,0.22,,,,
2025-09-14 18:00,14,3.34,8.27,75.56,0.06,33.23,0.23,,,,
2025-09-14 19:00,14,3.35,8.48,75.42,0.06,33.23,0.24,,,,
2025-09-14 20:00,14,3.45,8.8,75.2,0.07,33.47,0.25,,,,
2025-09-14 21:00,15,3.6,9.19,74.99,0.07,33.85,0.26,,,,
2025-09-14 22:00,16,3.76,9.32,75.19,0.07,34.51,0.27,,,,
2025-09-14 23:00,16,3.84,9.14,75.52,0.07,35.33,0.26,,,,
2025-09-15 00:00,16,3.84,8.87,76.16,0.07,36.24,0.26,,,,
2025-09-15 00:00,16,3.84,8.87,76.16,0.07,36.24,0.26,,,,
2025-09-15 01:00,16,3.77,8.67,77.07,0.07,37.1,0.25,,,,
2025-09-15 02:00,16,3.75,8.8,77.76,0.07,37.84,0.26,,,,
2025-09-15 03:00,16,3.73,8.93,78.22,0.07,38.31,0.26,,,,
2025-09-15 04:00,15,3.71,8.94,78.35,0.06,38.51,0.26,,,,
2025-09-15 05:00,15,3.71,8.97,78.29,0.05,38.44,0.27,,,,
2025-09-15 06:00,16,3.77,9.22,78.09,0.04,38.14,0.27,,,,
2025-09-15 07:00,16,3.87,9.67,77.64,0.04,37.46,0.28,,,,
2025-09-15 08:00,17,3.99,10.48,76.99,0.03,36.54,0.29,,,,
2025-09-15 09:00,17,4.13,11.48,76.19,0.03,35.57,0.3,,,,
2025-09-15 10:00,18,4.27,12.26,75.53,0.04,34.84,0.31,,,,
2025-09-15 11:00,18,4.39,12.83,74.66,0.04,34.21,0.32,,,,
2025-09-15 12:00,19,4.47,13.36,74.1,0.05,33.81,0.33,,,,
2025-09-15 13:00,19,4.47,13.8,74.04,0.06,33.9,0.33,,,,
2025-09-15 14:00,18,4.39,13.69,74.44,0.06,34.23,0.33,,,,
2025-09-15 15:00,18,4.43,13.78,74.76,0.06,34.56,0.33,,,,
2025-09-15 16:00,19,4.57,14.33,74.61,0.07,34.75,0.34,,,,
2025-09-15 17:00,20,4.78,14.93,74.87,0.07,35.13,0.35,,,,
2025-09-15 18:00,21,5.02,15.6,75.12,0.07,35.63,0.36,,,,
2025-09-15 19:00,22,5.31,16.38,75.26,0.07,36.16,0.37,,,,
2025-09-15 20:00,23,5.6,17.3,75.59,0.07,36.75,0.38,,,,
2025-09-15 21:00,25,5.89,18.42,75.73,0.07,37.22,0.39,,,,
2025-09-15 22:00,26,6.17,19.69,75.88,0.07,37.71,0.41,,,,
2025-09-15 23:00,27,6.36,20.74,75.83,0.07,37.98,0.42,,,,
2025-09-16 00:00,27,6.45,21.38,76.19,0.07,38.32,0.42,,,,
2025-09-16 00:00,27,6.45,21.38,76.19,0.07,38.32,0.42,,,,
2025-09-16 01:00,27,6.43,21.7,76.9,0.07,38.87,0.43,,,,
2025-09-16 02:00,26,6.32,21.68,78.18,0.07,39.58,0.43,,,,
2025-09-16 03:00,26,6.19,21.57,79.47,0.07,40.37,0.42,,,,
2025-09-16 04:00,25,6.05,21.48,80.57,0.06,41.04,0.41,,,,
2025-09-16 05:00,25,5.97,21.59,81.41,0.05,41.53,0.4,,,,
2025-09-16 06:00,25,6.0,21.86,81.47,0.05,41.5,0.4,,,,
2025-09-16 07:00,25,6.1,22.05,81.06,0.05,40.95,0.39,,,,
2025-09-16 08:00,26,6.21,21.99,80.26,0.05,40.05,0.39,,,,
2025-09-16 09:00,26,6.28,21.98,79.41,0.04,39.01,0.39,,,,
2025-09-16 10:00,27,6.47,22.94,78.93,0.05,38.19,0.39,,,,
2025-09-16 11:00,29,6.87,25.29,78.49,0.05,37.49,0.41,,,,
2025-09-16 12:00,31,7.42,28.5,78.46,0.06,37.33,0.43,,,,
2025-09-16 13:00,34,8.08,32.16,78.86,0.07,37.66,0.45,,,,
2025-09-16 14:00,37,8.87,36.38,78.93,0.08,38.19,0.48,,,,
2025-09-16 15:00,40,9.57,39.86,78.74,0.09,38.84,0.5,,,,
2025-09-16 16:00,41,9.77,41.12,78.57,0.09,39.58,0.51,,,,
2025-09-16 17:00,40,9.49,40.27,79.33,0.09,40.58,0.5,,,,
2025-09-16 18:00,38,9.0,38.92,80.43,0.09,41.77,0.49,,,,
2025-09-16 19:00,36,8.54,37.24,81.23,0.08,42.79,0.48,,,,
2025-09-16 20:00,35,8.33,35.15,81.53,0.08,43.33,0.47,,,,
2025-09-16 21:00,34,8.28,32.88,81.36,0.08,43.54,0.46,,,,
2025-09-16 22:00,35,8.5,33.07,80.9,0.09,43.57,0.47,,,,
2025-09-16 23:00,38,9.01,35.49,80.28,0.09,43.6,0.5,,,,
2025-09-17 00:00,40,9.64,38.77,79.68,0.09,43.76,0.52,,,,
2025-09-17 00:00,40,9.64,38.77,79.68,0.09,43.76,0.52,,,,
2025-09-17 01:00,42,10.2,40.95,79.39,0.09,44.18,0.53,,,,
2025-09-17 02:00,44,10.45,41.46,80.1,0.09,45.15,0.51,,,,
2025-09-17 03:00,44,10.55,41.69,80.9,0.1,46.21,0.49,,,,
2025-09-17 04:00,44,10.56,41.86,81.62,0.09,46.94,0.46,,,,
2025-09-17 05:00,44,10.59,42.35,82.2,0.08,47.37,0.45,,,,
2025-09-17 06:00,44,10.59,43.01,82.93,0.07,47.52,0.43,,,,
2025-09-17 07:00,44,10.52,43.66,83.6,0.06,47.4,0.41,,,,
2025-09-17 08:00,43,10.39,43.92,84.15,0.06,46.91,0.39,,,,
2025-09-17 09:00,43,10.22,44.15,84.61,0.06,46.31,0.38,,,,
2025-09-17 10:00,42,10.07,45.22,85.19,0.06,45.83,0.37,,,,
2025-09-17 11:00,40,9.7,44.92,85.66,0.06,45.26,0.37,,,,
2025-09-17 12:00,39,9.32,43.56,85.82,0.07,44.64,0.36,,,,
2025-09-17 13:00,37,8.93,41.59,85.98,0.08,44.1,0.37,,,,
2025-09-17 14:00,36,8.55,39.22,85.99,0.09,43.3,0.37,,,,
2025-09-17 15:00,34,8.18,36.67,85.79,0.1,42.43,0.38,,,,
2025-09-17 16:00,33,7.84,34.29,85.53,0.1,41.67,0.38,,,,
2025-09-17 17:00,32,7.57,32.72,85.56,0.1,41.28,0.38,,,,
2025-09-17 18:00,30,7.31,31.38,85.63,0.09,41.25,0.38,,,,
2025-09-17 19:00,29,7.0,29.06,85.76,0.09,41.34,0.38,,,,
2025-09-17 20:00,28,6.76,27.03,85.84,0.09,41.61,0.37,,,,
2025-09-17 21:00,28,6.7,27.0,85.81,0.09,41.69,0.37,,,,
2025-09-17 22:00,28,6.83,28.1,85.55,0.08,41.43,0.39,,,,
2025-09-17 23:00,30,7.13,29.74,85.14,0.09,41.01,0.4,,,,
2025-09-18 00:00,31,7.35,30.88,84.73,0.09,40.73,0.39,,,,
2025-09-18 00:00,31,7.35,30.88,84.73,0.09,40.73,0.39,,,,
2025-09-18 01:00,31,7.35,30.39,84.69,0.08,40.7,0.38,,,,
2025-09-18 02:00,30,7.14,28.42,84.82,0.08,41.0,0.36,,,,
2025-09-18 03:00,29,6.93,26.38,85.1,0.09,41.39,0.34,,,,
2025-09-18 04:00,28,6.73,25.16,85.18,0.08,41.68,0.32,,,,
2025-09-18 05:00,28,6.68,25.19,85.17,0.07,41.81,0.31,,,,
2025-09-18 06:00,28,6.71,25.92,85.07,0.06,41.81,0.3,,,,
2025-09-18 07:00,28,6.74,26.82,84.91,0.05,41.59,0.3,,,,
2025-09-18 08:00,28,6.78,27.61,84.56,0.04,41.02,0.29,,,,
2025-09-18 09:00,28,6.8,28.16,84.15,0.04,40.48,0.29,,,,
2025-09-18 10:00,28,6.84,28.63,84.12,0.04,40.2,0.3,,,,
2025-09-18 11:00,29,6.85,28.76,83.93,0.05,39.88,0.29,,,,
2025-09-18 12:00,28,6.83,28.63,83.76,0.05,39.63,0.29,,,,
2025-09-18 13:00,29,6.86,28.47,83.62,0.06,39.46,0.29,,,,
2025-09-18 14:00,29,6.88,28.31,83.3,0.08,39.18,0.3,,,,
2025-09-18 15:00,29,6.91,28.14,83.03,0.08,38.92,0.3,,,,
2025-09-18 16:00,28,6.81,27.5,82.79,0.08,38.91,0.3,,,,
2025-09-18 17:00,28,6.7,27.04,82.98,0.08,39.27,0.3,,,,
2025-09-18 18:00,28,6.65,27.11,83.03,0.08,39.62,0.3,,,,
2025-09-18 19:00,28,6.64,27.16,82.86,0.07,39.93,0.3,,,,
2025-09-18 20:00,28,6.61,27.08,82.94,0.07,40.4,0.29,,,,
2025-09-18 21:00,27,6.57,27.15,83.07,0.07,40.91,0.28,,,,
2025-09-18 22:00,27,6.52,27.5,83.17,0.07,41.61,0.27,,,,
2025-09-18 23:00,27,6.45,27.59,83.45,0.07,42.28,0.26,,,,
2025-09-19 00:00,27,6.36,27.3,83.5,0.06,42.62,0.25,,,,
2025-09-19 00:00,27,6.36,27.3,83.5,0.06,42.62,0.25,,,,
2025-09-19 01:00,26,6.27,26.88,83.59,0.06,42.8,0.25,,,,
2025-09-19 02:00,26,6.21,26.63,83.49,0.07,42.75,0.25,,,,
2025-09-19 03:00,25,6.11,26.12,83.45,0.07,42.78,0.25,,,,
2025-09-19 04:00,25,5.95,25.23,83.18,0.06,42.83,0.24,,,,
2025-09-19 05:00,24,5.8,24.32,83.1,0.05,42.89,0.24,,,,
2025-09-19 06:00,24,5.71,23.56,82.95,0.04,42.77,0.23,,,,
2025-09-19 07:00,24,5.65,22.92,82.65,0.04,42.4,0.23,,,,
2025-09-19 08:00,24,5.65,22.53,82.4,0.03,41.79,0.23,,,,
2025-09-19 09:00,24,5.71,22.5,81.97,0.03,41.2,0.24,,,,
2025-09-19 10:00,24,5.82,22.84,81.91,0.04,40.92,0.25,,,,
2025-09-19 11:00,25,5.91,23.2,81.78,0.04,40.82,0.25,,,,
2025-09-19 12:00,25,5.97,23.56,81.56,0.05,40.99,0.26,,,,
2025-09-19 13:00,25,6.02,23.87,81.5,0.06,41.41,0.26,,,,
2025-09-19 14:00,25,6.06,24.1,81.52,0.07,41.8,0.26,,,,
2025-09-19 15:00,25,6.09,24.2,81.56,0.07,42.21,0.26,,,,
2025-09-19 16:00,25,6.08,23.94,81.41,0.07,42.56,0.25,,,,
2025-09-19 17:00,25,6.05,23.51,81.44,0.07,42.94,0.25,,,,
2025-09-19 18:00,25,6.05,23.22,81.44,0.07,43.12,0.24,,,,
2025-09-19 19:00,25,6.09,23.12,81.06,0.06,42.85,0.24,,,,
2025-09-19 20:00,25,6.06,22.74,80.65,0.07,42.39,0.24,,,,
2025-09-19 21:00,25,5.9,21.81,80.2,0.06,41.85,0.24,,,,
2025-09-19 22:00,23,5.61,20.37,80.04,0.06,41.51,0.23,,,,
2025-09-19 23:00,22,5.24,18.75,80.19,0.06,41.74,0.23,,,,
2025-09-20 00:00,20,4.85,17.14,80.49,0.06,42.58,0.22,,,,
2025-09-20 00:00,20,4.85,17.14,80.49,0.06,42.58,0.22,,,,
2025-09-20 01:00,19,4.49,15.67,81.12,0.06,43.69,0.21,,,,
2025-09-20 02:00,18,4.2,14.48,81.46,0.06,44.72,0.2,,,,
2025-09-20 03:00,17,3.99,13.6,81.71,0.06,45.55,0.19,,,,
2025-09-20 04:00,16,3.83,12.9,81.83,0.05,46.02,0.18,,,,
2025-09-20 05:00,16,3.74,12.51,81.63,0.05,46.06,0.18,,,,
2025-09-20 06:00,16,3.72,12.44,81.44,0.04,45.57,0.18,,,,
2025-09-20 07:00,16,3.73,12.51,81.03,0.03,44.62,0.19,,,,
2025-09-20 08:00,16,3.72,12.6,80.71,0.03,43.49,0.19,,,,
2025-09-20 09:00,15,3.69,12.65,80.36,0.03,42.39,0.19,,,,
2025-09-20 10:00,15,3.67,12.77,80.53,0.04,41.6,0.2,,,,
2025-09-20 11:00,15,3.6,12.76,80.66,0.04,40.98,0.2,,,,
2025-09-20 12:00,15,3.53,12.66,80.94,0.05,40.65,0.2,,,,
2025-09-20 13:00,14,3.47,12.54,81.35,0.06,40.75,0.21,,,,
2025-09-20 14:00,14,3.42,12.41,81.98,0.07,41.1,0.21,,,,
2025-09-20 15:00,14,3.4,12.36,82.44,0.07,41.52,0.21,,,,
2025-09-20 16:00,14,3.38,12.31,82.6,0.07,41.99,0.2,,,,
2025-09-20 17:00,14,3.41,12.41,82.84,0.07,42.31,0.2,,,,
2025-09-20 18:00,15,3.51,12.78,82.62,0.06,42.22,0.21,,,,
2025-09-20 19:00,15,3.63,13.24,82.03,0.06,41.71,0.21,,,,
2025-09-20 20:00,16,3.76,13.7,81.53,0.06,41.22,0.22,,,,
2025-09-20 21:00,16,3.83,13.96,81.26,0.06,41.04,0.22,,,,
2025-09-20 22:00,16,3.84,13.96,81.04,0.06,41.21,0.22,,,,
2025-09-20 23:00,16,3.77,13.63,81.34,0.06,41.85,0.21,,,,
2025-09-21 00:00,15,3.67,13.23,81.65,0.06,42.49,0.21,,,,
2025-09-21 00:00,15,3.67,13.23,81.65,0.06,42.49,0.21,,,,
2025-09-21 01:00,15,3.59,12.62,81.87,0.06,42.78,0.2,,,,
2025-09-21 02:00,15,3.51,11.89,81.87,0.06,42.97,0.2,,,,
2025-09-21 03:00,14,3.43,11.13,81.84,0.07,43.0,0.19,,,,
2025-09-21 04:00,14,3.31,10.63,81.91,0.06,43.15,0.17,,,,
2025-09-21 05:00,14,3.28,10.64,81.51,0.05,42.68,0.17,,,,
2025-09-21 06:00,14,3.28,10.76,80.71,0.05,41.74,0.18,,,,
2025-09-21 07:00,14,3.25,10.76,80.12,0.04,40.78,0.19,,,,
2025-09-21 08:00,13,3.12,10.44,79.76,0.04,40.07,0.19,,,,
2025-09-21 09:00,12,2.95,9.96,79.6,0.04,39.58,0.19,,,,
2025-09-21 10:00,11,2.72,9.21,80.13,0.04,39.61,0.19,,,,
2025-09-21 11:00,10,2.51,8.47,80.72,0.04,40.01,0.19,,,,
2025-09-21 12:00,10,2.39,8.07,81.23,0.04,40.33,0.2,,,,
2025-09-21 13:00,10,2.33,7.95,81.9,0.05,40.66,0.21,,,,
2025-09-21 14:00,10,2.29,7.94,82.31,0.06,40.73,0.21,,,,
2025-09-21 15:00,9,2.26,7.88,82.84,0.06,40.8,0.22,,,,
2025-09-21 16:00,9,2.23,7.75,83.07,0.06,40.91,0.22,,,,
2025-09-21 17:00,9,2.22,7.64,83.37,0.06,41.09,0.22,,,,
2025-09-21 18:00,9,2.25,7.61,83.34,0.07,41.02,0.22,,,,
2025-09-21 19:00,10,2.3,7.56,82.92,0.07,40.65,0.22,,,,
2025-09-21 20:00,10,2.35,7.47,82.53,0.07,40.35,0.21,,,,
2025-09-21 21:00,10,2.38,7.33,82.52,0.07,40.26,0.21,,,,
2025-09-21 22:00,10,2.38,7.07,82.65,0.07,40.45,0.2,,,,
2025-09-21 23:00,10,2.38,6.85,83.07,0.06,40.89,0.2,,,,
2025-09-22 00:00,10,2.37,6.71,83.73,0.06,41.53,0.2,,,,
2025-09-22 00:00,10,2.37,6.71,83.73,0.06,41.53,0.2,,,,
2025-09-22 01:00,10,2.39,6.82,84.62,0.06,42.27,0.21,,,,
2025-09-22 02:00,10,2.45,7.2,85.33,0.07,43.08,0.23,,,,
2025-09-22 03:00,10,2.49,7.47,86.19,0.07,44.08,0.25,,,,
2025-09-22 04:00,10,2.49,7.36,86.64,0.06,44.92,0.25,,,,
2025-09-22 05:00,10,2.41,6.97,86.93,0.05,45.73,0.24,,,,
2025-09-22 06:00,10,2.3,6.56,86.81,0.05,45.98,0.21,,,,
2025-09-22 07:00,9,2.2,6.18,86.38,0.04,45.52,0.18,,,,
2025-09-22 08:00,9,2.22,6.3,85.45,0.04,44.01,0.18,,,,
2025-09-22 09:00,9,2.27,6.51,84.55,0.04,42.15,0.19,,,,
2025-09-22 10:00,10,2.33,6.82,83.87,0.04,40.32,0.2,,,,
2025-09-22 11:00,10,2.4,7.21,83.19,0.05,38.64,0.22,,,,
2025-09-22 12:00,10,2.45,7.55,82.91,0.06,37.5,0.23,,,,
2025-09-22 13:00,10,2.46,7.78,83.26,0.07,37.06,0.23,,,,
2025-09-22 14:00,10,2.46,8.02,83.91,0.07,37.03,0.24,,,,
2025-09-22 15:00,10,2.42,8.28,84.64,0.07,37.29,0.25,,,,
2025-09-22 16:00,10,2.34,8.4,85.27,0.07,37.84,0.25,,,,
2025-09-22 17:00,9,2.27,8.39,85.79,0.07,38.58,0.25,,,,
2025-09-22 18:00,9,2.26,8.46,85.93,0.07,39.17,0.26,,,,
2025-09-22 19:00,10,2.29,8.56,85.5,0.07,39.21,0.26,,,,
2025-09-22 20:00,10,2.35,8.69,84.86,0.07,39.06,0.26,,,,
2025-09-22 21:00,10,2.44,8.84,84.19,0.07,38.73,0.26,,,,
2025-09-22 22:00,11,2.54,9.02,83.76,0.07,38.61,0.26,,,,
2025-09-22 23:00,11,2.64,9.21,83.83,0.07,39.02,0.26,,,,
2025-09-23 00:00,11,2.74,9.4,84.26,0.06,39.8,0.26,,,,
2025-09-23 00:00,11,2.74,9.4,84.26,0.06,39.8,0.26,,,,
2025-09-23 01:00,12,2.84,9.47,84.96,0.06,40.78,0.25,,,,
2025-09-23 02:00,12,2.9,9.33,85.8,0.06,41.72,0.25,,,,
2025-09-23 03:00,12,2.92,9.35,86.5,0.07,42.31,0.25,,,,
2025-09-23 04:00,12,2.91,9.37,86.86,0.06,42.47,0.25,,,,
2025-09-23 05:00,12,2.9,9.42,87.13,0.05,42.27,0.25,,,,
2025-09-23 06:00,12,2.9,9.49,87.31,0.05,41.63,0.26,,,,
2025-09-23 07:00,12,2.87,9.39,87.29,0.04,40.71,0.26,,,,
2025-09-23 08:00,12,2.8,9.1,87.1,0.04,39.84,0.26,,,,
2025-09-23 09:00,11,2.7,8.76,86.84,0.04,39.32,0.26,,,,
2025-09-23 10:00,11,2.63,8.6,87.05,0.04,39.45,0.26,,,,
2025-09-23 11:00,11,2.63,8.71,87.06,0.04,39.88,0.26,,,,
2025-09-23 12:00,11,2.68,9.04,87.01,0.05,40.5,0.26,,,,
2025-09-23 13:00,12,2.79,9.45,87.12,0.06,41.08,0.27,,,,
2025-09-23 14:00,12,2.93,9.99,87.0,0.07,41.31,0.28,,,,
2025-09-23 15:00,13,3.1,10.7,86.69,0.07,41.05,0.29,,,,
2025-09-23 16:00,14,3.27,11.33,86.02,0.07,40.53,0.3,,,,
2025-09-23 17:00,14,3.44,11.94,85.53,0.07,40.09,0.31,,,,
2025-09-23 18:00,15,3.63,12.61,85.01,0.07,39.62,0.32,,,,
2025-09-23 19:00,16,3.8,13.15,84.2,0.07,39.29,0.32,,,,
2025-09-23 20:00,16,3.93,13.61,83.57,0.06,39.16,0.33,,,,
2025-09-23 21:00,17,4.03,13.99,82.97,0.06,39.13,0.33,,,,
2025-09-23 22:00,17,4.12,14.44,82.81,0.06,39.25,0.33,,,,
2025-09-23 23:00,18,4.21,14.92,82.72,0.06,39.5,0.33,,,,
2025-09-24 00:00,18,4.28,15.38,82.8,0.06,39.86,0.33,,,,
2025-09-24 00:00,18,4.28,15.38,82.8,0.06,39.86,0.33,,,,
2025-09-24 01:00,18,4.34,15.52,82.98,0.06,40.17,0.33,,,,
2025-09-24 02:00,18,4.37,15.3,83.2,0.06,40.4,0.32,,,,
2025-09-24 03:00,18,4.35,14.99,83.3,0.06,40.64,0.31,,,,
2025-09-24 04:00,18,4.31,15.02,83.53,0.06,40.76,0.29,,,,
2025-09-24 05:00,18,4.28,15.25,83.59,0.05,40.73,0.28,,,,
2025-09-24 06:00,18,4.27,15.39,83.74,0.05,40.56,0.28,,,,
2025-09-24 07:00,18,4.26,15.4,83.95,0.05,40.31,0.27,,,,
2025-09-24 08:00,18,4.27,15.38,83.93,0.05,39.83,0.28,,,,
2025-09-24 09:00,18,4.28,15.32,83.88,0.04,39.35,0.28,,,,
2025-09-24 10:00,18,4.34,15.45,84.29,0.05,39.16,0.28,,,,
2025-09-24 11:00,18,4.4,15.61,84.47,0.05,39.05,0.29,,,,
2025-09-24 12:00,19,4.46,15.76,84.74,0.05,39.0,0.29,,,,
2025-09-24 13:00,19,4.52,15.79,85.26,0.06,39.18,0.3,,,,
2025-09-24 14:00,19,4.55,15.69,85.89,0.07,39.5,0.29,,,,
2025-09-24 15:00,19,4.57,15.63,86.67,0.07,40.16,0.29,,,,
2025-09-24 16:00,19,4.55,15.64,87.58,0.07,41.17,0.28,,,,
2025-09-24 17:00,19,4.61,16.31,88.77,0.07,42.64,0.27,,,,
2025-09-24 18:00,20,4.84,17.7,89.73,0.06,44.01,0.27,,,,
2025-09-24 19:00,21,5.14,18.78,90.31,0.06,45.23,0.27,,,,
2025-09-24 20:00,23,5.45,19.46,91.05,0.06,46.24,0.26,,,,
2025-09-24 21:00,24,5.73,20.04,91.52,0.06,47.15,0.25,,,,
2025-09-24 22:00,25,6.0,20.59,91.78,0.06,48.03,0.25,,,,
2025-09-24 23:00,26,6.24,21.18,91.95,0.06,48.75,0.24,,,,
2025-09-25 00:00,27,6.45,21.9,91.97,0.06,49.28,0.23,,,,
2025-09-25 00:00,27,6.45,21.9,91.97,0.06,49.28,0.23,,,,
2025-09-25 01:00,28,6.67,23.06,92.12,0.06,49.66,0.22,,,,
2025-09-25 02:00,29,6.9,24.3,92.12,0.06,49.87,0.22,,,,
2025-09-25 03:00,30,7.11,25.25,91.97,0.06,49.94,0.22,,,,
2025-09-25 04:00,30,7.27,25.93,92.01,0.05,49.82,0.21,,,,
2025-09-25 05:00,31,7.41,26.56,91.95,0.04,49.63,0.2,,,,
2025-09-25 06:00,31,7.52,27.09,91.95,0.04,49.23,0.19,,,,
2025-09-25 07:00,32,7.59,27.47,91.87,0.04,48.64,0.18,,,,
2025-09-25 08:00,32,7.64,27.93,91.72,0.04,47.99,0.17,,,,
2025-09-25 09:00,32,7.68,28.34,91.6,0.03,47.34,0.17,,,,
2025-09-25 10:00,32,7.74,28.72,91.85,0.04,47.05,0.16,,,,
2025-09-25 11:00,32,7.73,29.03,92.04,0.04,46.91,0.16,,,,
2025-09-25 12:00,32,7.66,29.14,92.3,0.04,46.88,0.15,,,,
2025-09-25 13:00,32,7.57,29.03,92.52,0.05,46.99,0.15,,,,
2025-09-25 14:00,31,7.52,29.01,92.77,0.06,47.04,0.14,,,,
2025-09-25 15:00,31,7.46,28.89,92.99,0.06,47.11,0.14,,,,
2025-09-25 16:00,31,7.34,28.43,92.97,0.06,47.02,0.13,,,,
2025-09-25 17:00,30,7.2,27.88,92.98,0.06,46.94,0.13,,,,
2025-09-25 18:00,30,7.08,27.4,92.97,0.06,46.86,0.13,,,,
2025-09-25 19:00,29,6.93,26.68,92.71,0.06,46.68,0.12,,,,
2025-09-25 20:00,28,6.77,26.0,92.55,0.06,46.49,0.12,,,,
2025-09-25 21:00,28,6.65,25.63,92.38,0.05,46.37,0.11,,,,
2025-09-25 22:00,28,6.6,25.59,92.13,0.05,46.33,0.11,,,,
2025-09-25 23:00,28,6.61,25.71,91.84,0.05,46.35,0.11,,,,
2025-09-26 00:00,28,6.64,25.83,91.7,0.05,46.51,0.11,,,,
2025-09-26 00:00,28,6.64,25.83,91.7,0.05,46.51,0.11,,,,
2025-09-26 01:00,28,6.77,26.47,91.65,0.05,46.59,0.11,,,,
2025-09-26 02:00,29,6.94,27.29,91.66,0.05,46.7,0.11,,,,
2025-09-26 03:00,29,7.05,27.76,91.53,0.06,46.98,0.11,,,,
2025-09-26 04:00,30,7.13,28.2,91.54,0.05,47.38,0.11,,,,
2025-09-26 05:00,30,7.2,28.78,91.52,0.05,47.63,0.1,,,,
2025-09-26 06:00,30,7.28,29.36,91.58,0.04,47.7,0.1,,,,
2025-09-26 07:00,30,7.31,29.69,91.46,0.03,47.45,0.1,,,,
2025-09-26 08:00,31,7.33,29.96,91.32,0.03,46.75,0.09,,,,
2025-09-26 09:00,31,7.36,30.27,90.98,0.03,45.96,0.09,,,,
2025-09-26 10:00,31,7.39,30.75,90.96,0.03,45.37,0.08,,,,
2025-09-26 11:00,31,7.34,30.5,90.85,0.03,44.96,0.08,,,,
2025-09-26 12:00,30,7.22,29.75,90.82,0.04,44.75,0.07,,,,
2025-09-26 13:00,29,7.04,28.58,90.95,0.04,44.72,0.07,,,,
2025-09-26 14:00,29,6.87,27.55,90.99,0.05,44.69,0.06,,,,
2025-09-26 15:00,28,6.68,26.45,91.03,0.05,44.76,0.06,,,,
2025-09-26 16:00,27,6.43,25.08,90.99,0.05,44.77,0.06,,,,
2025-09-26 17:00,26,6.19,23.77,91.15,0.05,44.7,0.06,,,,
2025-09-26 18:00,25,5.95,22.46,91.19,0.05,44.71,0.06,,,,
2025-09-26 19:00,24,5.7,21.15,91.1,0.05,44.58,0.06,,,,
2025-09-26 20:00,23,5.55,20.47,91.07,0.05,44.66,0.06,,,,
2025-09-26 21:00,23,5.55,20.57,91.02,0.05,44.82,0.07,,,,
2025-09-26 22:00,24,5.71,21.53,90.85,0.05,45.17,0.08,,,,
2025-09-26 23:00,25,5.98,23.02,90.79,0.05,45.8,0.08,,,,
2025-09-27 00:00,26,6.33,24.86,90.51,0.04,46.55,0.1,,,,
2025-09-27 00:00,26,6.33,24.86,90.51,0.04,46.55,0.1,,,,
2025-09-27 01:00,28,6.73,26.9,90.33,0.04,47.58,0.1,,,,
2025-09-27 02:00,30,7.17,29.07,90.39,0.04,48.53,0.11,,,,
2025-09-27 03:00,32,7.61,31.06,90.56,0.04,49.38,0.1,,,,
2025-09-27 04:00,34,8.04,32.87,90.84,0.04,49.97,0.1,,,,
2025-09-27 05:00,36,8.61,35.22,91.16,0.03,49.91,0.09,,,,
2025-09-27 06:00,38,9.17,37.48,91.51,0.03,49.63,0.09,,,,
2025-09-27 07:00,40,9.62,39.21,91.54,0.03,49.07,0.08,,,,
2025-09-27 08:00,41,9.91,40.21,91.41,0.03,48.46,0.08,,,,
2025-09-27 09:00,42,10.1,40.74,91.28,0.03,47.94,0.07,,,,
2025-09-27 10:00,42,10.11,40.3,91.22,0.03,47.83,0.07,,,,
2025-09-27 11:00,41,9.93,38.78,90.95,0.03,47.66,0.06,,,,
2025-09-27 12:00,40,9.63,36.93,90.7,0.03,47.71,0.06,,,,
2025-09-27 13:00,38,9.21,34.72,90.61,0.04,48.08,0.06,,,,
2025-09-27 14:00,36,8.68,32.13,90.43,0.04,48.51,0.06,,,,
2025-09-27 15:00,34,8.06,29.28,90.2,0.05,48.93,0.07,,,,
2025-09-27 16:00,31,7.43,26.49,89.9,0.05,49.39,0.09,,,,
2025-09-27 17:00,29,6.91,24.22,89.79,0.05,49.62,0.1,,,,
2025-09-27 18:00,27,6.53,22.58,89.53,0.05,49.55,0.12,,,,
2025-09-27 19:00,26,6.35,21.73,89.25,0.05,49.09,0.14,,,,
2025-09-27 20:00,27,6.39,21.9,89.14,0.05,48.51,0.17,,,,
2025-09-27 21:00,27,6.58,22.72,88.94,0.05,47.95,0.21,,,,
2025-09-27 22:00,28,6.78,23.54,88.79,0.05,47.7,0.25,,,,
2025-09-27 23:00,29,6.87,23.81,88.82,0.05,47.78,0.27,,,,
2025-09-28 00:00,29,6.94,24.14,88.91,0.04,48.23,0.29,,,,
2025-09-28 00:00,29,6.94,24.14,88.91,0.04,48.23,0.29,,,,
2025-09-28 01:00,30,7.13,25.06,89.0,0.04,48.85,0.31,,,,
2025-09-28 02:00,31,7.49,26.88,89.29,0.04,49.66,0.32,,,,
2025-09-28 03:00,33,7.99,29.45,89.5,0.05,50.47,0.33,,,,
2025-09-28 04:00,36,8.59,32.51,89.89,0.04,51.53,0.34,,,,
2025-09-28 05:00,39,9.28,36.14,90.17,0.04,52.37,0.35,,,,
2025-09-28 06:00,42,10.05,40.26,90.46,0.03,52.77,0.35,,,,
2025-09-28 07:00,45,10.79,44.36,90.6,0.03,52.7,0.35,,,,
2025-09-28 08:00,48,11.43,48.11,90.7,0.03,52.18,0.35,,,,
2025-09-28 09:00,50,12.0,51.71,90.75,0.03,51.45,0.34,,,,
2025-09-28 10:00,52,12.52,55.18,91.31,0.03,50.85,0.34,,,,
2025-09-28 11:00,52,12.8,57.27,91.32,0.04,50.11,0.35,,,,
2025-09-28 12:00,53,12.86,58.09,91.07,0.04,49.4,0.36,,,,
2025-09-28 13:00,52,12.73,57.73,91.09,0.06,48.9,0.38,,,,
2025-09-28 14:00,51,12.17,54.6,90.9,0.07,48.37,0.41,,,,
2025-09-28 15:00,47,11.16,49.15,90.74,0.07,48.15,0.44,,,,
2025-09-28 16:00,41,9.93,43.26,90.31,0.07,48.28,0.47,,,,
2025-09-28 17:00,37,8.94,39.65,90.14,0.07,48.92,0.5,,,,
2025-09-28 18:00,35,8.34,38.4,90.17,0.08,49.73,0.53,,,,
2025-09-28 19:00,34,8.14,39.34,90.05,0.08,50.48,0.54,,,,
2025-09-28 20:00,33,8.0,39.41,89.75,0.08,50.7,0.55,,,,
2025-09-28 21:00,32,7.76,38.33,89.42,0.08,50.43,0.56,,,,
2025-09-28 22:00,32,7.69,38.76,89.36,0.08,50.97,0.57,,,,
2025-09-28 23:00,33,7.89,41.02,89.31,0.08,52.06,0.58,,,,
2025-09-29 00:00,34,8.24,44.31,89.23,0.08,53.38,0.59,,,,
2025-09-29 00:00,34,8.24,44.31,89.23,0.08,53.38,0.59,,,,
2025-09-29 01:00,36,8.65,47.49,89.42,0.07,54.25,0.6,,,,
2025-09-29 02:00,37,8.94,49.19,89.86,0.08,54.28,0.62,,,,
2025-09-29 03:00,38,9.17,50.71,90.15,0.09,53.78,0.63,,,,
2025-09-29 04:00,40,9.49,53.15,90.44,0.09,53.19,0.63,,,,
2025-09-29 05:00,41,9.91,56.28,90.8,0.08,52.48,0.63,,,,
2025-09-29 06:00,43,10.39,59.7,91.1,0.08,51.77,0.64,,,,
2025-09-29 07:00,46,10.94,63.28,91.27,0.08,51.02,0.63,,,,
2025-09-29 08:00,48,11.6,67.13,91.32,0.07,50.43,0.62,,,,
2025-09-29 09:00,51,12.33,71.27,91.36,0.07,49.93,0.61,,,,
2025-09-29 10:00,53,13.14,75.35,91.64,0.08,49.83,0.6,,,,
2025-09-29 11:00,55,13.83,78.16,91.46,0.09,49.67,0.6,,,,
2025-09-29 12:00,56,14.34,79.39,91.22,0.1,49.45,0.6,,,,
2025-09-29 13:00,56,14.66,79.47,91.07,0.11,49.47,0.62,,,,
2025-09-29 14:00,56,14.71,78.12,91.03,0.12,49.38,0.64,,,,
2025-09-29 15:00,56,14.42,75.5,91.03,0.12,48.92,0.65,,,,
2025-09-29 16:00,55,13.93,72.59,90.7,0.13,48.06,0.67,,,,
2025-09-29 17:00,54,13.51,70.17,89.96,0.13,46.99,0.7,,,,
2025-09-29 18:00,53,13.28,68.38,89.27,0.13,46.18,0.71,,,,
2025-09-29 19:00,54,13.32,67.81,88.65,0.14,45.69,0.71,,,,
2025-09-29 20:00,54,13.75,69.18,88.66,0.14,45.58,0.72,,,,
2025-09-29 21:00,56,14.51,72.28,89.22,0.15,45.81,0.72,,,,
2025-09-29 22:00,58,15.55,77.11,90.76,0.2,46.57,0.7,,,,
2025-09-29 23:00,61,16.68,82.23,94.14,0.29,47.22,0.72,,,,
2025-09-30 00:00,63,17.99,87.56,100.43,0.43,48.19,0.77,,,,
2025-09-30 00:00,63,17.99,87.56,100.43,0.43,48.19,0.77,,,,
2025-09-30 01:00,56,14.71,77.64,91.27,0.11,48.64,0.67,,,,
2025-09-30 02:00,58,15.43,79.89,91.7,0.11,50.11,0.65,,,,
2025-09-30 03:00,59,16.08,81.29,92.03,0.13,51.34,0.61,,,,
2025-09-30 04:00,60,16.54,79.09,92.31,0.12,52.18,0.61,,,,
2025-09-30 05:00,61,16.94,76.35,92.66,0.1,53.0,0.59,,,,
2025-09-30 06:00,62,17.39,75.1,93.02,0.08,53.86,0.54,,,,
2025-09-30 07:00,63,18.01,77.18,93.29,0.07,54.5,0.48,,,,
2025-09-30 08:00,65,18.69,80.86,93.4,0.06,54.63,0.46,,,,
2025-09-30 09:00,66,19.3,83.81,93.35,0.06,54.58,0.47,,,,
2025-09-30 10:00,68,20.02,86.52,93.95,0.06,55.68,0.47,,,,
2025-09-30 11:00,69,20.72,87.57,94.54,0.07,57.24,0.46,,,,
2025-09-30 12:00,70,21.18,87.26,95.22,0.09,58.87,0.47,,,,
2025-09-30 13:00,71,21.44,86.4,95.97,0.11,59.99,0.48,,,,
2025-09-30 14:00,71,21.52,85.8,96.03,0.12,60.42,0.5,,,,
2025-09-30 15:00,70,21.33,84.74,95.91,0.12,60.06,0.52,,,,
2025-09-30 16:00,70,20.94,83.12,95.11,0.12,59.27,0.53,,,,
2025-09-30 17:00,69,20.56,81.81,94.55,0.12,58.37,0.55,,,,
2025-09-30 18:00,68,20.23,80.83,93.8,0.12,57.6,0.56,,,,
2025-09-30 19:00,67,19.91,80.21,92.77,0.11,56.84,0.56,,,,
2025-09-30 20:00,67,19.74,80.29,91.89,0.11,56.52,0.57,,,,
2025-09-30 21:00,67,19.66,80.75,91.32,0.11,56.15,0.57,,,,
2025-09-30 22:00,67,19.74,81.55,90.61,0.11,55.81,0.58,,,,
2025-09-30 23:00,68,19.95,82.36,90.18,0.11,55.46,0.57,,,,
2025-10-01 00:00,69,20.43,83.48,90.44,0.1,55.64,0.55,,,,
2025-10-01 00:00,69,20.43,83.48,90.44,0.1,55.64,0.55,,,,
2025-10-01 01:00,56,14.53,27.89,247.21,4.47,44.26,6.79,,,,
2025-10-01 02:00,57,14.74,30.6,236.47,4.65,42.81,7.03,,,,
2025-10-01 03:00,57,14.96,33.24,222.83,4.56,44.24,7.36,,,,
2025-10-01 04:00,57,14.87,34.97,201.71,3.62,51.71,7.36,,,,
2025-10-01 05:00,58,15.3,35.96,182.33,2.65,64.69,6.9,,,,
2025-10-01 06:00,62,17.28,37.81,171.97,1.74,79.5,6.33,,,,
2025-10-01 07:00,68,20.18,40.63,169.35,1.13,91.8,5.92,,,,
2025-10-01 08:00,75,23.47,44.46,171.87,0.88,101.24,5.84,,,,
2025-10-01 09:00,80,25.85,47.06,174.49,0.81,108.64,5.85,,,,
2025-10-01 10:00,83,27.51,48.3,178.55,0.83,114.87,5.73,,,,
2025-10-01 11:00,85,28.39,48.22,182.72,0.91,118.61,5.29,,,,
2025-10-01 12:00,85,28.29,46.78,185.44,1.1,119.48,4.77,,,,
2025-10-01 13:00,83,27.32,44.33,186.25,1.39,117.17,4.31,,,,
2025-10-01 14:00,80,25.68,41.21,184.97,1.48,112.34,4.0,,,,
2025-10-01 15:00,75,23.37,37.3,179.43,1.31,105.79,3.72,,,,
2025-10-01 16:00,67,19.56,31.0,163.96,1.1,95.91,3.08,,,,
2025-10-01 17:00,62,17.11,26.76,152.85,0.97,87.56,2.38,,,,
2025-10-01 18:00,58,15.4,23.85,145.25,0.96,81.07,1.97,,,,
2025-10-01 19:00,55,14.07,21.93,139.97,1.09,75.18,1.79,,,,
2025-10-01 20:00,53,13.08,20.75,138.79,1.32,69.88,1.79,,,,
2025-10-01 21:00,51,12.24,19.95,140.96,1.64,64.92,2.03,,,,
2025-10-01 22:00,43,10.27,16.96,139.68,1.95,59.52,2.61,,,,
2025-10-01 23:00,39,9.47,16.35,140.99,2.25,54.72,3.2,,,,
2025-10-02 00:00,38,9.22,16.88,142.93,2.58,50.42,3.87,,,,
2025-10-02 00:00,38,9.22,16.88,142.93,2.58,50.42,3.87,,,,
2025-10-02 01:00,37,8.79,17.16,140.33,2.73,47.27,4.22,,,,
2025-10-02 02:00,34,8.1,16.78,134.51,2.7,45.73,4.19,,,,
2025-10-02 03:00,31,7.5,16.38,127.95,2.62,45.7,4.03,,,,
2025-10-02 04:00,32,7.72,17.9,125.31,2.33,47.69,4.05,,,,
2025-10-02 05:00,38,9.11,21.45,128.27,2.25,52.05,4.4,,,,
2025-10-02 06:00,47,11.22,25.04,132.28,2.11,58.93,4.78,,,,
2025-10-02 07:00,53,12.91,26.69,134.23,1.8,65.59,4.92,,,,
2025-10-02 08:00,55,14.17,27.03,134.69,1.39,71.86,4.78,,,,
2025-10-02 09:00,57,15.05,26.9,134.52,1.15,77.15,4.53,,,,
2025-10-02 10:00,57,14.88,25.68,133.35,1.08,80.82,4.22,,,,
2025-10-02 11:00,54,13.53,23.12,130.37,1.14,81.5,3.77,,,,
2025-10-02 12:00,46,11.0,18.9,124.0,1.25,78.81,3.11,,,,
2025-10-02 13:00,34,8.18,14.45,116.12,1.3,74.28,2.36,,,,
2025-10-02 14:00,25,6.11,11.39,110.38,1.29,69.56,1.8,,,,
2025-10-02 15:00,22,5.16,10.06,108.45,1.36,65.6,1.58,,,,
2025-10-02 16:00,20,4.82,9.68,108.53,1.47,62.59,1.5,,,,
2025-10-02 17:00,20,4.8,9.96,110.88,1.54,60.84,1.44,,,,
2025-10-02 18:00,20,4.76,10.25,113.49,1.56,60.18,1.4,,,,
2025-10-02 19:00,19,4.6,10.01,115.24,1.55,59.67,1.4,,,,
2025-10-02 20:00,19,4.53,9.96,117.85,1.66,58.57,1.61,,,,
2025-10-02 21:00,20,4.68,10.34,120.75,1.87,56.39,2.04,,,,
2025-10-02 22:00,21,4.94,10.21,123.6,2.18,53.6,2.52,,,,
2025-10-02 23:00,23,5.42,10.61,126.5,2.48,50.67,2.78,,,,
2025-10-03 00:00,25,5.91,11.23,128.59,2.71,47.78,2.87,,,,
2025-10-03 00:00,25,5.91,11.23,128.59,2.71,47.78,2.87,,,,
2025-10-03 01:00,25,5.98,10.88,128.32,2.79,45.29,2.82,,,,
2025-10-03 02:00,24,5.8,10.57,126.31,2.77,43.0,2.51,,,,
2025-10-03 03:00,23,5.42,10.25,122.61,2.88,41.0,2.2,,,,
2025-10-03 04:00,21,4.98,9.81,118.5,2.94,38.96,1.93,,,,
2025-10-03 05:00,20,4.75,9.61,117.53,3.02,37.82,1.81,,,,
2025-10-03 06:00,20,4.73,9.63,117.96,3.06,37.69,1.72,,,,
2025-10-03 07:00,20,4.87,10.05,116.76,2.91,39.17,1.6,,,,
2025-10-03 08:00,22,5.26,10.91,114.17,2.7,42.19,1.48,,,,
2025-10-03 09:00,23,5.62,11.64,110.76,2.41,45.66,1.33,,,,
2025-10-03 10:00,23,5.6,11.68,107.37,2.09,48.93,1.16,,,,
2025-10-03 11:00,22,5.38,11.52,104.57,1.9,50.52,1.0,,,,
2025-10-03 12:00,22,5.28,11.57,102.69,1.85,50.57,0.9,,,,
2025-10-03 13:00,21,5.0,11.11,101.91,1.87,50.06,0.82,,,,
2025-10-03 14:00,19,4.57,10.46,101.73,1.82,49.32,0.71,,,,
2025-10-03 15:00,17,4.1,9.83,101.02,1.69,48.72,0.58,,,,
2025-10-03 16:00,16,3.76,9.34,99.64,1.48,48.4,0.46,,,,
2025-10-03 17:00,16,3.73,9.65,98.62,1.28,48.34,0.42,,,,
2025-10-03 18:00,16,3.89,10.2,97.93,1.09,48.46,0.4,,,,
2025-10-03 19:00,17,4.07,10.54,96.5,0.88,48.49,0.38,,,,
2025-10-03 20:00,18,4.27,10.51,95.0,0.71,48.39,0.37,,,,
2025-10-03 21:00,18,4.36,10.29,93.39,0.59,48.19,0.37,,,,
2025-10-03 22:00,19,4.55,10.49,92.35,0.51,47.98,0.39,,,,
2025-10-03 23:00,20,4.9,10.99,91.58,0.44,47.85,0.4,,,,
2025-10-04 00:00,22,5.17,11.24,90.75,0.39,47.69,0.39,,,,
2025-10-04 00:00,22,5.17,11.24,90.75,0.39,47.69,0.39,,,,
2025-10-04 01:00,24,5.69,14.16,90.31,0.35,47.63,0.41,,,,
2025-10-04 02:00,26,6.23,16.24,89.8,0.29,47.64,0.41,,,,
2025-10-04 03:00,27,6.42,16.37,89.99,0.24,48.06,0.37,,,,
2025-10-04 04:00,27,6.47,14.54,90.85,0.19,48.86,0.32,,,,
2025-10-04 05:00,28,6.67,13.51,91.85,0.16,49.69,0.28,,,,
2025-10-04 06:00,29,6.87,12.95,92.73,0.14,50.4,0.26,,,,
2025-10-04 07:00,29,7.01,12.4,93.74,0.11,51.09,0.24,,,,
2025-10-04 08:00,30,7.31,12.38,93.79,0.09,51.22,0.23,,,,
2025-10-04 09:00,32,7.61,12.43,93.47,0.08,50.92,0.22,,,,
2025-10-04 10:00,33,7.93,13.04,93.56,0.08,50.9,0.23,,,,
2025-10-04 11:00,34,8.12,13.56,94.01,0.08,51.18,0.23,,,,
2025-10-04 12:00,34,8.12,13.6,94.6,0.09,51.73,0.24,,,,
2025-10-04 13:00,34,8.07,13.46,95.34,0.11,52.34,0.24,,,,
2025-10-04 14:00,34,8.11,13.39,96.6,0.12,53.06,0.24,,,,
2025-10-04 15:00,34,8.24,13.46,98.61,0.12,54.23,0.24,,,,
2025-10-04 16:00,35,8.39,13.59,100.78,0.11,55.55,0.24,,,,
2025-10-04 17:00,36,8.57,13.77,102.79,0.11,56.69,0.24,,,,
2025-10-04 18:00,37,8.87,14.0,104.28,0.1,57.56,0.23,,,,
2025-10-04 19:00,38,9.05,13.96,106.81,0.09,59.31,0.22,,,,
2025-10-04 20:00,38,9.07,14.02,110.33,0.08,61.49,0.21,,,,
2025-10-04 21:00,38,9.03,14.26,112.01,0.08,62.42,0.22,,,,
2025-10-04 22:00,38,9.01,14.49,112.24,0.08,62.14,0.22,,,,
2025-10-04 23:00,39,9.24,15.18,110.74,0.08,60.44,0.24,,,,
2025-10-05 00:00,40,9.48,15.85,108.59,0.08,58.46,0.25,,,,
2025-10-05 00:00,40,9.48,15.85,108.59,0.08,58.46,0.25,,,,
2025-10-05 01:00,39,9.38,15.81,107.42,0.08,57.36,0.25,,,,
2025-10-05 02:00,38,9.11,15.27,107.21,0.08,57.09,0.23,,,,
2025-10-05 03:00,37,8.82,14.54,107.65,0.08,57.13,0.21,,,,
2025-10-05 04:00,36,8.58,13.91,107.96,0.07,57.27,0.19,,,,
2025-10-05 05:00,36,8.54,14.01,107.88,0.06,56.58,0.19,,,,
2025-10-05 06:00,36,8.67,14.62,107.15,0.06,55.32,0.2,,,,
2025-10-05 07:00,36,8.75,15.15,106.25,0.06,53.83,0.22,,,,
2025-10-05 08:00,36,8.66,15.11,105.69,0.05,52.89,0.22,,,,
2025-10-05 09:00,35,8.39,14.71,105.77,0.05,52.82,0.22,,,,
2025-10-05 10:00,34,8.05,14.85,106.65,0.05,53.63,0.22,,,,
2025-10-05 11:00,32,7.71,15.11,107.42,0.05,54.32,0.22,,,,
2025-10-05 12:00,31,7.41,15.04,107.01,0.05,54.22,0.22,,,,
2025-10-05 13:00,30,7.23,14.98,106.48,0.07,53.87,0.22,,,,
2025-10-05 14:00,29,7.07,14.92,105.39,0.08,53.3,0.23,,,,
2025-10-05 15:00,28,6.82,14.57,104.34,0.08,52.89,0.24,,,,
2025-10-05 16:00,26,6.26,13.59,104.02,0.07,53.26,0.24,,,,
2025-10-05 17:00,25,5.96,13.87,104.06,0.07,53.43,0.26,,,,
2025-10-05 18:00,24,5.87,15.17,103.83,0.07,53.38,0.28,,,,
2025-10-05 19:00,25,5.91,17.05,103.15,0.08,52.91,0.31,,,,
2025-10-05 20:00,25,5.98,18.7,101.53,0.08,52.21,0.32,,,,
2025-10-05 21:00,25,6.1,20.04,99.36,0.08,51.47,0.33,,,,
2025-10-05 22:00,26,6.18,20.35,97.29,0.08,51.14,0.33,,,,
2025-10-05 23:00,26,6.21,19.99,95.57,0.08,51.23,0.32,,,,
2025-10-06 00:00,26,6.17,19.15,94.43,0.08,51.77,0.31,,,,
2025-10-06 00:00,26,6.17,19.15,94.43,0.08,51.77,0.31,,,,
2025-10-06 01:00,25,5.94,17.6,93.94,0.08,53.09,0.29,,,,
2025-10-06 02:00,24,5.65,15.78,93.98,0.07,54.83,0.26,,,,
2025-10-06 03:00,23,5.52,14.76,93.87,0.08,56.13,0.24,,,,
2025-10-06 04:00,23,5.55,14.85,93.69,0.06,56.75,0.23,,,,
2025-10-06 05:00,25,6.05,17.75,93.4,0.05,56.4,0.24,,,,
2025-10-06 06:00,30,7.13,24.69,93.2,0.04,56.03,0.25,,,,
2025-10-06 07:00,38,9.11,37.21,93.02,0.04,55.78,0.25,,,,
2025-10-06 08:00,49,11.7,52.67,92.82,0.04,55.81,0.26,,,,
2025-10-06 09:00,57,14.75,70.18,92.6,0.04,56.31,0.25,,,,
2025-10-06 10:00,64,18.24,89.12,93.01,0.04,57.53,0.25,,,,
2025-10-06 11:00,69,20.82,102.15,92.92,0.05,58.41,0.26,,,,
2025-10-06 12:00,71,21.75,106.66,92.83,0.06,58.91,0.26,,,,
2025-10-06 13:00,70,21.05,102.33,92.69,0.07,58.99,0.27,,,,
2025-10-06 14:00,65,18.66,89.12,92.2,0.08,58.3,0.27,,,,
2025-10-06 15:00,58,15.65,73.13,91.55,0.08,57.24,0.27,,,,
2025-10-06 16:00,53,13.04,59.95,90.67,0.08,56.07,0.27,,,,
2025-10-06 17:00,47,11.16,50.74,89.8,0.08,54.39,0.28,,,,
2025-10-06 18:00,41,9.82,44.62,88.87,0.08,52.68,0.29,,,,
2025-10-06 19:00,37,8.87,40.64,87.75,0.08,51.2,0.3,,,,
2025-10-06 20:00,35,8.38,38.81,87.16,0.08,50.37,0.31,,,,
2025-10-06 21:00,34,8.26,38.76,86.79,0.08,50.03,0.32,,,,
2025-10-06 22:00,35,8.44,40.21,86.75,0.08,50.26,0.32,,,,
2025-10-06 23:00,37,8.81,42.41,87.0,0.07,50.82,0.32,,,,
2025-10-07 00:00,38,9.2,44.72,87.42,0.07,51.6,0.33,,,,
2025-10-07 00:00,38,9.2,44.72,87.42,0.07,51.6,0.33,,,,
2025-10-07 01:00,41,9.73,47.96,87.91,0.07,52.47,0.32,,,,
2025-10-07 02:00,42,10.19,51.02,88.38,0.07,53.45,0.31,,,,
2025-10-07 03:00,44,10.6,54.11,88.89,0.08,54.93,0.29,,,,
2025-10-07 04:00,49,11.71,62.52,89.65,0.07,57.75,0.27,,,,
2025-10-07 05:00,53,13.05,71.47,90.3,0.06,60.35,0.25,,,,
2025-10-07 06:00,55,13.77,75.71,90.75,0.05,61.46,0.23,,,,
2025-10-07 07:00,55,13.87,75.58,90.87,0.04,61.36,0.21,,,,
2025-10-07 08:00,54,13.48,72.08,90.81,0.04,60.27,0.2,,,,
2025-10-07 09:00,53,12.87,67.41,90.52,0.04,58.78,0.19,,,,
2025-10-07 10:00,51,12.33,63.63,90.53,0.04,57.67,0.18,,,,
2025-10-07 11:00,51,12.14,62.84,90.45,0.04,57.19,0.17,,,,
2025-10-07 12:00,49,11.82,61.27,90.4,0.05,56.65,0.16,,,,
2025-10-07 13:00,48,11.52,60.03,90.45,0.06,56.43,0.15,,,,
2025-10-07 14:00,47,11.25,58.8,90.41,0.06,56.29,0.14,,,,
2025-10-07 15:00,45,10.9,57.15,90.55,0.06,56.07,0.13,,,,
2025-10-07 16:00,44,10.51,55.24,90.45,0.06,55.85,0.12,,,,
2025-10-07 17:00,42,10.06,52.87,90.53,0.06,55.63,0.11,,,,
2025-10-07 18:00,40,9.53,49.91,90.67,0.06,55.28,0.11,,,,
2025-10-07 19:00,37,8.8,45.75,90.4,0.05,54.78,0.1,,,,
2025-10-07 20:00,33,7.87,40.35,90.32,0.05,53.78,0.1,,,,
2025-10-07 21:00,29,7.06,35.55,90.3,0.05,53.03,0.1,,,,
2025-10-07 22:00,27,6.44,31.75,90.31,0.05,52.64,0.1,,,,
2025-10-07 23:00,25,6.05,29.49,90.34,0.05,52.74,0.09,,,,
2025-10-08 00:00,24,5.87,28.67,90.45,0.05,53.14,0.08,,,,
2025-10-08 00:00,24,5.87,28.67,90.45,0.05,53.14,0.08,,,,
2025-10-08 01:00,25,6.07,29.72,90.66,0.05,53.89,0.08,,,,
2025-10-08 02:00,26,6.24,30.22,90.84,0.05,54.27,0.07,,,,
2025-10-08 03:00,26,6.32,30.34,90.99,0.05,54.29,0.07,,,,
2025-10-08 04:00,27,6.43,30.5,90.87,0.04,54.17,0.07,,,,
2025-10-08 05:00,27,6.59,30.99,91.05,0.04,54.17,0.07,,,,
2025-10-08 06:00,28,6.83,32.01,91.11,0.04,54.15,0.07,,,,
2025-10-08 07:00,29,7.06,32.99,90.95,0.03,53.73,0.07,,,,
2025-10-08 08:00,30,7.22,33.85,90.65,0.03,53.01,0.07,,,,
2025-10-08 09:00,31,7.55,35.86,90.45,0.03,52.61,0.07,,,,
2025-10-08 10:00,34,8.07,39.25,90.53,0.03,52.96,0.07,,,,
2025-10-08 11:00,35,8.49,41.85,90.49,0.03,53.07,0.07,,,,
2025-10-08 12:00,37,8.82,44.15,90.33,0.04,53.02,0.07,,,,
2025-10-08 13:00,39,9.38,48.13,90.48,0.05,53.58,0.06,,,,
2025-10-08 14:00,41,9.79,50.93,90.54,0.05,53.99,0.07,,,,
2025-10-08 15:00,41,9.86,51.92,90.69,0.05,54.26,0.07,,,,
2025-10-08 16:00,41,9.78,51.97,90.83,0.05,54.44,0.07,,,,
2025-10-08 17:00,40,9.56,50.76,91.21,0.05,54.53,0.06,,,,
2025-10-08 18:00,38,9.15,48.41,91.55,0.05,54.47,0.06,,,,
2025-10-08 19:00,36,8.57,45.03,91.82,0.05,54.34,0.06,,,,
2025-10-08 20:00,33,8.0,41.72,92.26,0.05,54.41,0.06,,,,
2025-10-08 21:00,31,7.48,38.71,92.81,0.05,54.47,0.06,,,,
2025-10-08 22:00,29,7.03,36.2,93.06,0.05,54.46,0.06,,,,
2025-10-08 23:00,28,6.8,34.88,93.35,0.05,54.54,0.06,,,,
2025-10-09 00:00,28,6.81,34.92,93.55,0.04,54.8,0.06,,,,
2025-10-09 00:00,28,6.81,34.92,93.55,0.04,54.8,0.06,,,,
2025-10-09 01:00,30,7.26,37.47,93.56,0.04,55.69,0.06,,,,
2025-10-09 02:00,33,8.02,41.46,93.64,0.04,56.97,0.06,,,,
2025-10-09 03:00,37,8.83,45.7,93.73,0.05,58.03,0.07,,,,
2025-10-09 04:00,41,9.72,50.16,93.69,0.04,58.88,0.09,,,,
2025-10-09 05:00,45,10.69,54.69,93.67,0.04,59.82,0.11,,,,
2025-10-09 06:00,49,11.7,59.1,93.88,0.04,60.52,0.14,,,,
2025-10-09 07:00,52,12.63,62.85,93.99,0.04,61.16,0.17,,,,
2025-10-09 08:00,54,13.49,65.93,94.18,0.04,61.69,0.19,,,,
2025-10-09 09:00,56,14.37,68.27,94.6,0.04,62.91,0.24,,,,
2025-10-09 10:00,56,14.66,67.0,95.96,0.05,64.84,0.27,,,,
2025-10-09 11:00,56,14.26,63.24,97.26,0.05,65.84,0.28,,,,
2025-10-09 12:00,55,14.06,60.97,98.08,0.06,66.8,0.29,,,,
2025-10-09 13:00,55,13.9,58.9,98.95,0.07,68.41,0.3,,,,
2025-10-09 14:00,54,13.52,56.1,99.26,0.08,69.72,0.3,,,,
2025-10-09 15:00,53,12.88,52.49,99.48,0.07,70.4,0.27,,,,
2025-10-09 16:00,51,12.18,48.85,99.55,0.07,70.41,0.24,,,,
2025-10-09 17:00,49,11.73,46.57,99.47,0.06,70.13,0.22,,,,
2025-10-09 18:00,47,11.33,44.71,99.28,0.06,69.46,0.19,,,,
2025-10-09 19:00,45,10.9,42.9,98.97,0.05,68.56,0.17,,,,
2025-10-09 20:00,44,10.54,41.41,98.56,0.05,67.5,0.14,,,,
2025-10-09 21:00,43,10.23,40.16,98.39,0.04,66.47,0.13,,,,
2025-10-09 22:00,42,10.04,39.41,98.07,0.04,65.44,0.11,,,,
2025-10-09 23:00,42,10.05,39.4,97.72,0.04,64.46,0.11,,,,
2025-10-10 00:00,43,10.24,40.14,97.28,0.04,63.86,0.1,,,,
2025-10-10 00:00,43,10.24,40.14,97.28,0.04,63.86,0.1,,,,
2025-10-10 01:00,44,10.57,41.45,97.18,0.04,63.5,0.1,,,,
2025-10-10 02:00,46,10.94,42.77,96.86,0.04,63.51,0.11,,,,
2025-10-10 03:00,47,11.3,43.96,96.68,0.04,63.84,0.11,,,,
2025-10-10 04:00,48,11.6,44.88,96.52,0.04,64.07,0.12,,,,
2025-10-10 05:00,49,11.81,45.37,96.4,0.03,64.22,0.12,,,,
2025-10-10 06:00,50,11.9,45.23,96.28,0.03,64.12,0.12,,,,
2025-10-10 07:00,48,11.41,42.69,96.59,0.03,64.97,0.14,,,,
2025-10-10 08:00,46,11.09,40.43,96.79,0.03,66.98,0.18,,,,
2025-10-10 09:00,46,10.97,39.12,96.71,0.03,67.7,0.19,,,,
2025-10-10 10:00,45,10.79,37.88,96.9,0.03,67.82,0.2,,,,
2025-10-10 11:00,44,10.49,36.35,96.81,0.04,67.63,0.19,,,,
2025-10-10 12:00,42,10.14,34.79,96.9,0.04,67.72,0.19,,,,
2025-10-10 13:00,41,9.94,33.75,97.09,0.05,67.78,0.19,,,,
2025-10-10 14:00,41,9.83,33.3,97.09,0.06,66.67,0.17,,,,
2025-10-10 15:00,40,9.65,32.59,97.03,0.05,65.46,0.15,,,,
2025-10-10 16:00,39,9.44,31.74,96.95,0.05,64.63,0.14,,,,
2025-10-10 17:00,38,9.21,30.78,97.17,0.05,63.93,0.12,,,,
2025-10-10 18:00,37,8.87,29.38,97.31,0.05,63.11,0.11,,,,
2025-10-10 19:00,35,8.38,27.52,97.31,0.04,62.3,0.1,,,,
2025-10-10 20:00,33,7.87,25.59,97.52,0.04,61.57,0.1,,,,
2025-10-10 21:00,31,7.43,24.0,97.54,0.04,60.93,0.09,,,,
2025-10-10 22:00,30,7.09,22.81,97.7,0.04,60.21,0.08,,,,
2025-10-10 23:00,28,6.83,21.96,97.73,0.04,59.42,0.08,,,,
2025-10-11 00:00,28,6.62,21.29,97.78,0.04,58.96,0.07,,,,
2025-10-11 00:00,28,6.62,21.29,97.78,0.04,58.96,0.07,,,,
2025-10-11 01:00,27,6.45,20.77,97.78,0.04,58.87,0.07,,,,
2025-10-11 02:00,26,6.32,20.32,97.89,0.04,59.05,0.07,,,,
2025-10-11 03:00,26,6.21,19.98,97.99,0.04,59.3,0.07,,,,
2025-10-11 04:00,26,6.17,19.84,98.01,0.03,59.57,0.07,,,,
2025-10-11 05:00,26,6.19,19.92,98.16,0.03,59.77,0.08,,,,
2025-10-11 06:00,26,6.25,20.15,98.05,0.03,59.65,0.08,,,,
2025-10-11 07:00,26,6.28,20.29,97.94,0.02,59.22,0.08,,,,
2025-10-11 08:00,26,6.32,20.45,97.65,0.02,58.41,0.08,,,,
2025-10-11 09:00,27,6.41,20.78,97.38,0.02,57.9,0.08,,,,
2025-10-11 10:00,27,6.5,21.14,97.54,0.02,57.83,0.09,,,,
2025-10-11 11:00,27,6.54,21.37,97.47,0.03,57.77,0.09,,,,
2025-10-11 12:00,28,6.65,21.84,97.47,0.03,58.43,0.1,,,,
2025-10-11 13:00,29,6.86,22.64,97.71,0.05,59.77,0.12,,,,
2025-10-11 14:00,29,7.07,23.29,97.9,0.05,61.14,0.14,,,,
2025-10-11 15:00,30,7.19,23.58,98.19,0.06,62.03,0.15,,,,
2025-10-11 16:00,30,7.24,23.59,98.21,0.06,62.6,0.16,,,,
2025-10-11 17:00,30,7.27,23.49,98.27,0.06,63.0,0.17,,,,
2025-10-11 18:00,30,7.28,23.3,98.48,0.06,63.45,0.18,,,,
2025-10-11 19:00,30,7.28,23.07,98.55,0.05,64.06,0.19,,,,
2025-10-11 20:00,31,7.32,23.01,98.67,0.05,64.74,0.2,,,,
2025-10-11 21:00,31,7.42,23.22,98.76,0.05,65.49,0.21,,,,
2025-10-11 22:00,32,7.58,23.74,99.07,0.05,66.36,0.21,,,,
2025-10-11 23:00,33,7.82,24.53,99.27,0.05,67.05,0.22,,,,
2025-10-12 00:00,34,8.12,25.68,99.47,0.05,67.77,0.24,,,,
2025-10-12 00:00,34,8.12,25.68,99.47,0.05,67.77,0.24,,,,
2025-10-12 01:00,35,8.48,27.21,99.63,0.05,68.16,0.25,,,,
2025-10-12 02:00,37,8.85,28.97,99.65,0.05,68.34,0.26,,,,
2025-10-12 03:00,39,9.27,31.01,99.75,0.06,68.38,0.27,,,,
2025-10-12 04:00,41,9.8,33.43,99.59,0.06,68.55,0.28,,,,
2025-10-12 05:00,43,10.43,35.98,99.68,0.05,68.86,0.29,,,,
2025-10-12 06:00,47,11.21,38.72,99.92,0.05,69.52,0.32,,,,
2025-10-12 07:00,500,12.04,41.28,100.35,0.05,70.23,0.34,,,,
2025-10-12 08:00,52,12.8,43.48,100.72,0.06,70.63,0.36,,,,
2025-10-12 09:00,54,13.56,45.52,101.26,0.06,71.06,0.39,,,,
2025-10-12 10:00,55,14.18,47.3,101.94,0.07,71.58,0.4,,,,
2025-10-12 11:00,56,14.51,48.28,102.1,0.08,71.63,0.4,,,,
2025-10-12 12:00,57,14.85,49.36,102.2,0.09,72.2,0.42,,,,
2025-10-12 13:00,58,15.4,51.1,102.61,0.12,73.71,0.45,,,,
2025-10-12 14:00,59,15.75,52.21,103.08,0.12,74.25,0.47,,,,
2025-10-12 15:00,59,15.89,52.82,103.11,0.11,74.26,0.47,,,,
2025-10-12 16:00,59,15.99,53.4,103.02,0.1,74.03,0.47,,,,
2025-10-12 17:00,60,16.15,54.34,103.17,0.09,74.1,0.47,,,,
2025-10-12 18:00,60,16.37,55.57,103.43,0.08,74.39,0.48,,,,
2025-10-12 19:00,60,16.58,56.8,103.58,0.08,74.52,0.49,,,,
2025-10-12 20:00,61,16.76,57.98,103.97,0.07,74.62,0.5,,,,
2025-10-12 21:00,61,16.82,58.63,104.36,0.07,74.42,0.51,,,,
2025-10-12 22:00,61,16.8,58.87,104.68,0.07,74.42,0.51,,,,
2025-10-12 23:00,61,16.75,58.85,105.1,0.06,74.68,0.53,,,,
2025-10-13 00:00,60,16.51,58.08,105.3,0.06,74.91,0.54,,,,
2025-10-13 00:00,60,16.51,58.08,105.3,0.06,74.91,0.54,,,,
2025-10-13 01:00,61,16.62,57.95,106.24,0.06,76.09,0.57,,,,
2025-10-13 02:00,62,17.24,58.8,107.91,0.07,78.4,0.62,,,,
2025-10-13 03:00,65,18.56,61.09,110.58,0.09,82.18,0.7,,,,
2025-10-13 04:00,76,24.15,70.94,122.04,0.13,95.25,1.09,,,,
2025-10-13 05:00,85,28.05,77.92,130.11,0.14,103.27,1.37,,,,
2025-10-13 06:00,88,29.52,80.6,132.3,0.13,105.18,1.46,,,,
2025-10-13 07:00,89,30.02,81.48,132.84,0.12,104.79,1.45,,,,
2025-10-13 08:00,88,29.82,80.77,131.59,0.11,102.97,1.37,,,,
2025-10-13 09:00,88,29.59,80.05,130.65,0.11,101.37,1.31,,,,
2025-10-13 10:00,88,29.74,80.09,130.68,0.11,101.21,1.28,,,,
2025-10-13 11:00,89,30.05,80.45,131.04,0.13,101.72,1.27,,,,
2025-10-13 12:00,90,30.5,81.12,132.01,0.15,103.03,1.29,,,,
2025-10-13 13:00,90,30.82,81.28,132.81,0.19,104.01,1.31,,,,
2025-10-13 14:00,89,30.4,79.72,132.12,0.19,103.24,1.26,,,,
2025-10-13 15:00,89,30.19,78.64,131.81,0.18,102.82,1.22,,,,
2025-10-13 16:00,89,30.07,77.87,131.66,0.16,102.54,1.2,,,,
2025-10-13 17:00,89,30.04,77.38,131.75,0.15,102.33,1.17,,,,
2025-10-13 18:00,89,30.07,76.88,132.04,0.14,102.33,1.15,,,,
2025-10-13 19:00,89,30.06,76.43,132.01,0.13,102.17,1.12,,,,
2025-10-13 20:00,89,30.02,75.86,132.2,0.12,102.21,1.08,,,,
2025-10-13 21:00,88,29.89,75.19,132.14,0.11,102.36,1.05,,,,
2025-10-13 22:00,88,29.69,74.42,132.16,0.11,103.03,1.03,,,,
2025-10-13 23:00,87,29.34,72.96,131.86,0.11,104.51,1.03,,,,
2025-10-14 00:00,86,28.84,71.07,131.09,0.11,106.53,1.06,,,,
2025-10-14 00:00,86,28.84,71.07,131.09,0.11,106.53,1.06,,,,
2025-10-14 01:00,87,29.17,70.5,132.22,0.13,112.67,1.3,,,,
2025-10-14 02:00,87,28.99,69.42,131.87,0.15,114.89,1.41,,,,
2025-10-14 03:00,85,28.37,67.82,130.82,0.19,114.49,1.41,,,,
2025-10-14 04:00,84,27.86,66.71,129.62,0.19,113.64,1.4,,,,
2025-10-14 05:00,83,27.55,66.19,128.87,0.16,112.52,1.39,,,,
2025-10-14 06:00,83,27.44,66.03,128.3,0.14,111.02,1.37,,,,
2025-10-14 07:00,83,27.11,65.28,126.91,0.12,108.63,1.31,,,,
2025-10-14 08:00,81,26.28,63.27,124.9,0.11,104.83,1.19,,,,
2025-10-14 09:00,79,25.56,61.8,123.17,0.1,101.09,1.09,,,,
2025-10-14 10:00,78,24.76,60.26,121.67,0.1,97.73,1.0,,,,
2025-10-14 11:00,75,23.7,58.21,119.8,0.11,94.3,0.89,,,,
2025-10-14 12:00,74,22.87,56.73,118.36,0.12,91.89,0.82,,,,
2025-10-14 13:00,73,22.36,55.89,117.61,0.14,90.47,0.78,,,,
2025-10-14 14:00,72,21.99,55.31,117.01,0.14,89.48,0.75,,,,
2025-10-14 15:00,72,22.08,55.67,117.17,0.13,89.83,0.76,,,,
2025-10-14 16:00,73,22.44,56.51,117.59,0.12,90.44,0.79,,,,
2025-10-14 17:00,73,22.7,57.04,117.98,0.11,90.56,0.8,,,,
2025-10-14 18:00,74,23.2,58.27,118.7,0.11,91.37,0.84,,,,
2025-10-14 19:00,76,24.05,60.2,119.87,0.11,92.7,0.89,,,,
2025-10-14 20:00,76,24.22,60.33,120.08,0.1,92.83,0.89,,,,
2025-10-14 21:00,77,24.44,60.64,120.34,0.1,93.16,0.89,,,,
2025-10-14 22:00,78,24.94,61.6,121.08,0.1,94.12,0.92,,,,
2025-10-14 23:00,80,25.83,63.52,121.97,0.1,96.16,1.0,,,,
2025-10-15 00:00,82,27.02,66.09,123.21,0.11,98.98,1.12,,,,
2025-10-15 00:00,82,27.02,66.09,123.21,0.11,98.98,1.12,,,,
2025-10-15 01:00,90,30.58,74.8,127.72,0.13,107.2,1.53,,,,
2025-10-15 02:00,96,33.49,81.84,131.62,0.16,112.99,1.87,,,,
2025-10-15 03:00,100,35.31,86.29,134.13,0.22,116.59,2.11,,,,
2025-10-15 04:00,103,36.4,89.12,135.8,0.22,118.48,2.25,,,,
2025-10-15 05:00,103,36.28,88.51,135.34,0.2,117.56,2.21,,,,
2025-10-15 06:00,101,35.58,86.52,134.08,0.17,115.78,2.07,,,,
2025-10-15 07:00,98,34.67,84.24,132.07,0.14,112.93,1.9,,,,
2025-10-15 08:00,97,33.83,82.43,130.39,0.13,110.06,1.74,,,,
2025-10-15 09:00,96,33.27,81.54,129.2,0.13,107.87,1.63,,,,
2025-10-15 10:00,97,33.91,83.93,130.0,0.14,108.11,1.68,,,,
2025-10-15 11:00,99,34.95,87.1,131.48,0.16,109.37,1.78,,,,
2025-10-15 12:00,101,35.66,89.12,132.54,0.19,110.56,1.86,,,,
2025-10-15 13:00,102,35.79,89.24,132.53,0.23,110.8,1.86,,,,
2025-10-15 14:00,500,35.43,87.9,131.65,0.22,109.76,1.77,,,,
2025-10-15 15:00,100,35.21,86.83,130.97,0.2,109.08,1.7,,,,
2025-10-15 16:00,99,34.85,85.49,130.01,0.18,108.29,1.63,,,,
2025-10-15 17:00,98,34.42,83.94,129.31,0.16,107.65,1.56,,,,
2025-10-15 18:00,97,34.12,82.75,128.89,0.15,107.45,1.51,,,,
2025-10-15 19:00,97,33.99,82.01,128.62,0.13,107.61,1.48,,,,
2025-10-15 20:00,97,33.99,81.61,128.37,0.12,107.88,1.46,,,,
2025-10-15 21:00,97,33.95,81.22,128.22,0.12,107.92,1.43,,,,
2025-10-15 22:00,97,33.84,80.56,127.96,0.11,107.98,1.4,,,,
2025-10-15 23:00,96,33.54,79.45,127.61,0.11,107.53,1.38,,,,
2025-10-16 00:00,95,33.05,78.04,127.11,0.11,106.75,1.35,,,,
2025-10-16 00:00,95,33.05,78.04,127.11,0.11,106.75,1.35,,,,
2025-10-16 01:00,94,32.68,77.29,127.38,0.13,106.88,1.4,,,,
2025-10-16 02:00,93,32.3,76.7,128.0,0.15,106.81,1.42,,,,
2025-10-16 03:00,93,31.91,76.38,128.51,0.22,106.85,1.39,,,,
2025-10-16 04:00,93,31.84,77.46,129.03,0.22,106.82,1.4,,,,
2025-10-16 05:00,93,32.19,80.08,129.57,0.21,106.87,1.5,,,,
2025-10-16 06:00,95,32.95,84.19,130.34,0.2,107.16,1.75,,,,
2025-10-16 07:00,97,34.02,88.32,131.42,0.2,107.01,2.01,,,,
2025-10-16 08:00,100,35.18,92.27,132.87,0.2,106.26,2.19,,,,
2025-10-16 09:00,103,36.44,96.24,134.52,0.21,106.38,2.53,,,,
2025-10-16 10:00,106,37.45,99.3,135.69,0.24,107.11,2.87,,,,
2025-10-16 11:00,106,37.57,99.92,134.98,0.25,106.92,2.91,,,,
2025-10-16 12:00,105,37.06,98.8,133.19,0.28,106.39,2.79,,,,
2025-10-16 13:00,103,36.29,96.74,131.62,0.31,105.54,2.59,,,,
2025-10-16 14:00,500,35.45,94.02,130.61,0.28,104.37,2.25,,,,
2025-10-16 15:00,98,34.65,91.31,130.07,0.24,103.28,1.89,,,,
2025-10-16 16:00,97,34.06,89.0,129.94,0.22,102.08,1.6,,,,
2025-10-16 17:00,96,33.7,87.41,130.39,0.2,100.81,1.38,,,,
2025-10-16 18:00,96,33.51,86.48,130.98,0.18,99.81,1.21,,,,
2025-10-16 19:00,96,33.43,86.25,131.28,0.17,99.06,1.11,,,,
2025-10-16 20:00,96,33.63,86.99,132.14,0.16,98.9,1.06,,,,
2025-10-16 21:00,97,34.0,88.35,133.33,0.16,98.84,1.05,,,,
2025-10-16 22:00,98,34.58,90.43,134.97,0.16,99.16,1.08,,,,
2025-10-16 23:00,100,35.34,92.73,137.73,0.17,99.6,1.14,,,,
2025-10-17 00:00,103,36.16,94.88,141.01,0.19,100.01,1.21,,,,
2025-10-17 00:00,103,36.16,94.88,141.01,0.19,100.01,1.21,,,,
2025-10-17 01:00,105,37.05,97.34,145.55,0.21,101.36,1.34,,,,
2025-10-17 02:00,107,37.96,99.24,150.23,0.24,102.85,1.47,,,,
2025-10-17 03:00,109,38.9,100.76,155.21,0.34,104.77,1.61,,,,
2025-10-17 04:00,113,40.34,103.79,158.44,0.36,108.8,1.9,,,,
2025-10-17 05:00,117,42.0,107.18,160.64,0.32,112.34,2.07,,,,
2025-10-17 06:00,121,43.76,111.17,162.36,0.27,114.78,2.14,,,,
2025-10-17 07:00,126,45.57,115.39,163.6,0.23,116.26,2.18,,,,
2025-10-17 08:00,130,47.42,119.71,164.53,0.22,116.48,2.19,,,,
2025-10-17 09:00,135,49.38,124.95,165.52,0.22,117.3,2.28,,,,
2025-10-17 10:00,140,51.18,129.89,166.55,0.24,117.93,2.41,,,,
2025-10-17 11:00,142,52.03,132.2,165.69,0.26,117.58,2.39,,,,
2025-10-17 12:00,142,52.32,133.47,163.73,0.29,117.29,2.37,,,,
2025-10-17 13:00,143,52.43,133.92,161.7,0.31,117.2,2.35,,,,
2025-10-17 14:00,142,52.23,132.49,159.91,0.27,116.62,2.26,,,,
2025-10-17 15:00,141,51.61,129.4,157.42,0.22,116.02,2.17,,,,
2025-10-17 16:00,139,50.77,125.19,155.03,0.18,115.06,2.08,,,,
2025-10-17 17:00,137,50.11,121.33,153.28,0.16,114.2,1.98,,,,
2025-10-17 18:00,135,49.25,117.32,151.88,0.14,113.56,1.89,,,,
2025-10-17 19:00,132,48.19,113.03,149.72,0.13,112.93,1.82,,,,
2025-10-17 20:00,130,47.13,109.13,148.15,0.12,112.56,1.76,,,,
2025-10-17 21:00,127,46.16,105.67,146.69,0.12,111.89,1.69,,,,
2025-10-17 22:00,124,45.0,102.01,144.71,0.11,111.42,1.63,,,,
2025-10-17 23:00,121,43.75,98.41,142.29,0.1,110.98,1.58,,,,
2025-10-18 00:00,118,42.6,95.47,140.08,0.1,110.51,1.55,,,,
2025-10-18 00:00,118,42.6,95.47,140.08,0.1,110.51,1.55,,,,
2025-10-18 01:00,116,41.51,93.32,138.26,0.09,111.41,1.59,,,,
2025-10-18 02:00,114,40.79,91.4,137.43,0.1,110.97,1.55,,,,
2025-10-18 03:00,113,40.34,90.0,137.3,0.14,109.98,1.48,,,,
2025-10-18 04:00,112,40.01,89.02,137.74,0.14,108.82,1.41,,,,
2025-10-18 05:00,112,39.9,88.31,138.46,0.13,107.38,1.34,,,,
2025-10-18 06:00,112,39.92,87.83,139.24,0.11,105.56,1.26,,,,
2025-10-18 07:00,112,39.9,87.4,139.24,0.1,103.73,1.2,,,,
2025-10-18 08:00,112,39.88,87.11,138.78,0.09,101.95,1.13,,,,
2025-10-18 09:00,112,39.81,86.86,138.21,0.09,100.19,1.08,,,,
2025-10-18 10:00,111,39.71,86.8,137.39,0.09,99.06,1.04,,,,
2025-10-18 11:00,110,39.28,86.34,135.9,0.1,97.74,1.0,,,,
2025-10-18 12:00,109,38.77,86.14,134.02,0.11,96.87,0.98,,,,
2025-10-18 13:00,108,38.36,86.18,132.77,0.12,96.42,0.96,,,,
2025-10-18 14:00,107,38.01,85.68,131.8,0.12,95.06,0.9,,,,
2025-10-18 15:00,106,37.6,85.26,130.84,0.11,93.72,0.85,,,,
2025-10-18 16:00,105,37.15,84.84,129.72,0.1,92.52,0.81,,,,
2025-10-18 17:00,104,36.83,84.8,128.91,0.1,91.84,0.78,,,,
2025-10-18 18:00,103,36.51,84.96,128.04,0.09,91.44,0.76,,,,
2025-10-18 19:00,103,36.11,85.09,127.05,0.08,91.06,0.75,,,,
2025-10-18 20:00,102,35.78,85.41,126.28,0.08,90.65,0.74,,,,
2025-10-18 21:00,500,35.48,86.13,125.46,0.08,90.42,0.74,,,,
2025-10-18 22:00,100,35.24,87.27,124.66,0.07,90.67,0.76,,,,
2025-10-18 23:00,99,35.01,88.71,123.92,0.07,90.86,0.78,,,,
2025-10-19 00:00,99,34.86,90.47,123.5,0.07,91.03,0.8,,,,
2025-10-19 00:00,99,34.86,90.47,123.5,0.07,91.03,0.8,,,,
2025-10-19 01:00,99,34.84,92.45,123.31,0.07,91.34,0.83,,,,
2025-10-19 02:00,99,34.79,94.1,123.14,0.07,90.82,0.79,,,,
2025-10-19 03:00,99,34.8,95.54,123.06,0.1,90.19,0.74,,,,
2025-10-19 04:00,99,34.84,96.39,123.13,0.1,89.4,0.71,,,,
2025-10-19 05:00,99,34.93,96.81,123.47,0.09,88.19,0.66,,,,
2025-10-19 06:00,99,35.02,96.97,123.55,0.08,87.22,0.62,,,,
2025-10-19 07:00,99,35.1,96.85,123.19,0.07,86.25,0.6,,,,
2025-10-19 08:00,99,35.09,96.49,122.77,0.06,85.01,0.59,,,,
2025-10-19 09:00,99,35.08,96.48,122.21,0.06,83.97,0.58,,,,
2025-10-19 10:00,99,35.11,96.47,121.97,0.07,83.31,0.55,,,,
2025-10-19 11:00,99,34.89,95.21,121.36,0.07,82.19,0.52,,,,
2025-10-19 12:00,98,34.55,93.44,120.72,0.09,81.5,0.5,,,,
2025-10-19 13:00,98,34.27,91.48,120.49,0.11,81.51,0.49,,,,
2025-10-19 14:00,97,33.91,89.53,120.09,0.11,81.2,0.47,,,,
2025-10-19 15:00,96,33.48,87.07,119.45,0.1,80.8,0.46,,,,
2025-10-19 16:00,95,32.99,84.1,118.84,0.08,80.41,0.45,,,,
2025-10-19 17:00,94,32.58,81.22,118.42,0.08,79.66,0.44,,,,
2025-10-19 18:00,93,32.02,77.96,117.93,0.07,78.89,0.42,,,,
2025-10-19 19:00,91,31.26,74.16,117.02,0.07,78.23,0.41,,,,
2025-10-19 20:00,89,30.34,70.08,116.2,0.07,77.75,0.41,,,,
2025-10-19 21:00,87,29.36,66.38,115.17,0.07,77.4,0.41,,,,
2025-10-19 22:00,85,28.24,63.18,114.41,0.07,77.42,0.42,,,,
2025-10-19 23:00,83,27.24,60.8,113.79,0.07,77.61,0.44,,,,
2025-10-20 00:00,81,26.51,59.65,113.55,0.07,78.39,0.47,,,,
2025-10-20 00:00,81,26.51,59.65,113.55,0.07,78.39,0.47,,,,
2025-10-20 01:00,80,26.05,59.95,113.77,0.07,80.48,0.51,,,,
2025-10-20 02:00,80,25.96,61.32,114.77,0.08,81.7,0.53,,,,
2025-10-20 03:00,80,26.05,62.92,116.67,0.13,83.08,0.55,,,,
2025-10-20 04:00,81,26.23,64.22,119.01,0.15,84.64,0.58,,,,
2025-10-20 05:00,81,26.51,65.39,121.83,0.16,86.29,0.62,,,,
2025-10-20 06:00,82,26.94,66.62,124.57,0.16,88.08,0.67,,,,
2025-10-20 07:00,83,27.48,67.87,126.84,0.15,89.79,0.71,,,,
2025-10-20 08:00,85,28.09,69.05,128.79,0.15,91.21,0.72,,,,
2025-10-20 09:00,86,28.84,70.43,130.67,0.15,92.87,0.74,,,,
2025-10-20 10:00,88,29.62,72.19,132.37,0.16,94.87,0.74,,,,
2025-10-20 11:00,89,30.05,73.41,132.97,0.18,96.07,0.71,,,,
2025-10-20 12:00,89,30.28,74.16,132.79,0.2,97.07,0.71,,,,
2025-10-20 13:00,90,30.43,74.6,132.37,0.22,97.85,0.71,,,,
2025-10-20 14:00,90,30.42,74.52,131.51,0.2,96.86,0.68,,,,
2025-10-20 15:00,89,30.25,74.14,130.01,0.17,95.38,0.64,,,,
2025-10-20 16:00,89,29.96,73.44,128.24,0.14,93.88,0.6,,,,
2025-10-20 17:00,88,29.73,72.77,127.13,0.12,93.11,0.57,,,,
2025-10-20 18:00,87,29.43,71.98,126.3,0.11,92.87,0.56,,,,
2025-10-20 19:00,87,29.07,71.04,125.45,0.1,92.76,0.56,,,,
2025-10-20 20:00,86,28.8,70.46,125.24,0.09,92.6,0.58,,,,
2025-10-20 21:00,85,28.47,69.93,124.79,0.09,92.01,0.59,,,,
2025-10-20 22:00,85,28.03,69.3,124.21,0.09,91.44,0.6,,,,
2025-10-20 23:00,84,27.67,69.02,124.02,0.09,91.3,0.63,,,,
2025-10-21 00:00,83,27.25,68.84,123.75,0.09,91.18,0.66,,,,
2025-10-21 00:00,83,27.25,68.84,123.75,0.09,91.18,0.66,,,,
2025-10-21 01:00,82,26.79,68.61,124.49,0.09,91.84,0.69,,,,
2025-10-21 02:00,81,26.35,67.64,125.77,0.11,91.08,0.65,,,,
2025-10-21 03:00,81,26.15,67.18,128.32,0.17,90.5,0.62,,,,
2025-10-21 04:00,81,26.26,67.63,132.33,0.21,90.15,0.63,,,,
2025-10-21 05:00,82,26.9,69.59,140.58,0.3,90.77,0.75,,,,
2025-10-21 06:00,86,28.63,74.11,155.43,0.47,93.87,1.12,,,,
2025-10-21 07:00,93,31.89,81.2,174.32,0.56,99.85,1.61,,,,
2025-10-21 08:00,104,36.79,90.6,194.17,0.59,107.54,2.07,,,,
2025-10-21 09:00,121,43.47,103.76,215.89,0.67,118.32,2.77,,,,
2025-10-21 10:00,135,49.27,115.99,228.27,0.77,128.97,3.39,,,,
2025-10-21 11:00,141,51.76,122.34,225.75,0.86,135.13,3.47,,,,
2025-10-21 12:00,142,52.04,125.34,215.15,0.95,137.77,3.43,,,,
2025-10-21 13:00,140,51.21,125.94,201.07,0.93,137.08,3.34,,,,
2025-10-21 14:00,135,49.36,122.91,184.67,0.68,133.55,3.02,,,,
2025-10-21 15:00,129,46.72,116.82,169.35,0.46,127.25,2.46,,,,
2025-10-21 16:00,123,44.4,110.67,158.76,0.34,120.79,1.98,,,,
2025-10-21 17:00,119,42.88,106.1,154.03,0.27,115.9,1.58,,,,
2025-10-21 18:00,117,41.92,102.99,154.07,0.29,111.46,1.33,,,,
2025-10-21 19:00,116,41.58,101.44,163.45,0.53,107.57,1.26,,,,
2025-10-21 20:00,118,42.52,103.11,193.55,1.13,103.74,1.42,,,,
2025-10-21 21:00,125,45.35,109.02,258.18,2.16,99.12,1.89,,,,
2025-10-21 22:00,135,49.44,118.18,345.37,3.32,93.98,2.64,,,,
2025-10-21 23:00,147,54.23,129.53,435.41,4.26,88.85,3.6,,,,
2025-10-22 00:00,153,59.02,141.15,507.91,4.81,84.61,4.61,,,,
2025-10-22 00:00,153,59.02,141.15,507.91,4.81,84.61,4.61,,,,
2025-10-22 01:00,155,63.1,151.39,546.75,4.92,82.49,5.53,,,,
2025-10-22 02:00,156,66.02,158.5,545.55,4.63,82.67,6.19,,,,
2025-10-22 03:00,158,68.23,163.13,509.35,4.69,86.68,6.91,,,,
2025-10-22 04:00,159,70.09,167.63,438.73,4.32,97.9,8.41,,,,
2025-10-22 05:00,160,73.41,173.49,394.57,3.76,111.68,9.33,,,,
2025-10-22 06:00,163,77.9,179.77,372.41,3.14,126.67,9.7,,,,
2025-10-22 07:00,165,83.38,185.36,363.89,2.56,141.55,9.76,,,,
2025-10-22 08:00,169,90.44,191.06,371.7,2.15,156.14,9.53,,,,
2025-10-22 09:00,173,97.48,196.1,388.01,1.95,170.55,9.48,,,,
2025-10-22 10:00,176,103.56,199.23,408.23,1.99,183.86,9.39,,,,
2025-10-22 11:00,178,107.83,199.6,428.05,2.21,192.69,8.95,,,,
2025-10-22 12:00,179,109.85,197.82,440.62,2.58,196.42,8.51,,,,
2025-10-22 13:00,179,110.04,194.71,444.15,2.7,195.84,8.06,,,,
2025-10-22 14:00,178,107.99,189.25,433.72,1.95,190.8,7.54,,,,
2025-10-22 15:00,176,103.79,181.41,410.16,1.42,182.85,6.99,,,,
2025-10-22 16:00,173,98.51,171.51,383.71,1.25,172.97,6.36,,,,
2025-10-22 17:00,171,93.84,162.28,365.91,1.28,162.34,5.64,,,,
2025-10-22 18:00,169,89.73,154.36,358.77,1.5,151.81,5.08,,,,
2025-10-22 19:00,167,86.29,148.25,362.78,1.82,141.76,4.76,,,,
2025-10-22 20:00,166,83.62,144.29,379.27,2.16,132.62,4.64,,,,
2025-10-22 21:00,164,81.55,141.98,407.75,2.55,123.37,4.68,,,,
2025-10-22 22:00,163,79.67,140.96,439.24,2.91,113.92,4.8,,,,
2025-10-22 23:00,163,78.36,141.45,473.39,3.21,104.88,5.01,,,,
2025-10-23 00:00,162,77.53,143.71,508.24,3.45,97.38,5.42,,,,
2025-10-23 00:00,162,77.53,143.71,508.24,3.45,97.38,5.42,,,,
2025-10-23 01:00,162,76.94,147.39,533.9,3.59,92.81,6.13,,,,
2025-10-23 02:00,162,76.55,149.72,541.86,3.53,89.45,6.3,,,,
2025-10-23 03:00,162,76.03,150.86,528.3,3.82,89.27,6.37,,,,
2025-10-23 04:00,162,75.84,152.27,501.42,3.94,94.26,6.64,,,,
2025-10-23 05:00,162,77.63,155.96,480.96,3.73,105.39,6.79,,,,
2025-10-23 06:00,165,81.9,162.98,464.13,3.22,121.84,7.02,,,,
2025-10-23 07:00,168,89.12,173.27,458.21,2.64,140.27,7.2,,,,
2025-10-23 08:00,173,98.81,185.88,466.57,2.19,158.08,7.2,,,,
2025-10-23 09:00,178,107.85,198.05,474.79,1.93,174.64,7.63,,,,
2025-10-23 10:00,181,114.42,206.87,481.61,1.89,188.73,8.18,,,,
2025-10-23 11:00,183,118.08,210.53,484.35,2.05,197.0,8.38,,,,
2025-10-23 12:00,184,118.76,210.49,478.25,2.34,200.67,8.75,,,,
2025-10-23 13:00,183,117.51,207.29,465.78,2.43,200.07,9.1,,,,
2025-10-23 14:00,182,114.86,201.71,445.67,1.76,195.64,9.03,,,,
2025-10-23 15:00,180,111.19,194.56,419.35,1.27,188.91,8.57,,,,
2025-10-23 16:00,178,107.68,186.56,395.59,1.03,181.43,7.72,,,,
2025-10-23 17:00,176,104.61,178.68,375.8,0.88,174.05,6.76,,,,
2025-10-23 18:00,174,100.6,170.01,351.29,0.74,166.71,5.89,,,,
2025-10-23 19:00,172,95.91,161.06,325.93,0.62,159.49,5.22,,,,
2025-10-23 20:00,170,92.11,153.34,310.0,0.56,152.33,4.77,,,,
2025-10-23 21:00,169,89.7,147.63,320.34,0.77,144.47,4.56,,,,
2025-10-23 22:00,168,88.13,143.98,354.54,1.26,135.6,4.48,,,,
2025-10-23 23:00,167,86.88,141.82,404.71,1.87,125.51,4.39,,,,
2025-10-24 00:00,167,85.75,141.09,466.93,2.52,114.68,4.44,,,,
2025-10-24 00:00,167,85.75,141.09,466.93,2.52,114.68,4.44,,,,
2025-10-24 01:00,165,82.95,139.26,512.8,3.09,105.96,4.96,,,,
2025-10-24 02:00,164,80.95,139.47,545.94,3.5,100.18,5.48,,,,
2025-10-24 03:00,163,79.48,141.16,565.91,4.34,97.44,6.17,,,,
2025-10-24 04:00,163,78.4,143.46,580.77,5.17,100.64,7.3,,,,
2025-10-24 05:00,164,79.87,147.77,595.77,5.51,113.32,8.57,,,,
2025-10-24 06:00,167,85.78,156.36,604.86,4.98,135.32,9.78,,,,
2025-10-24 07:00,172,96.16,168.67,604.93,3.78,159.64,10.4,,,,
2025-10-24 08:00,178,107.47,181.67,607.32,2.78,179.92,10.43,,,,
2025-10-24 09:00,183,116.51,192.27,608.41,2.33,195.32,10.37,,,,
2025-10-24 10:00,185,121.98,199.0,602.39,2.19,205.45,9.65,,,,
2025-10-24 11:00,186,122.89,200.15,583.5,2.23,208.98,8.45,,,,
2025-10-24 12:00,184,118.54,194.58,544.03,2.34,205.88,7.51,,,,
2025-10-24 13:00,179,110.63,183.65,491.19,2.16,197.02,6.53,,,,
2025-10-24 14:00,174,100.86,168.94,427.83,1.38,184.95,5.37,,,,
2025-10-24 15:00,169,90.46,152.51,363.51,0.91,172.03,4.34,,,,
2025-10-24 16:00,165,81.97,137.79,314.38,0.68,160.6,3.55,,,,
2025-10-24 17:00,161,75.75,125.98,282.33,0.55,151.53,3.07,,,,
2025-10-24 18:00,159,70.79,116.46,260.96,0.45,144.5,2.86,,,,
2025-10-24 19:00,157,67.48,109.77,251.68,0.43,139.16,2.85,,,,
2025-10-24 20:00,157,66.5,106.75,267.1,0.6,133.88,2.93,,,,
2025-10-24 21:00,157,67.38,107.02,315.16,1.14,127.2,3.16,,,,
2025-10-24 22:00,158,68.41,108.54,375.93,1.86,119.89,3.32,,,,
2025-10-24 23:00,158,69.39,111.41,441.82,2.7,112.18,3.34,,,,
2025-10-25 00:00,159,71.3,117.59,530.54,3.87,103.28,3.51,,,,
2025-10-25 00:00,159,71.3,117.59,530.54,3.87,103.28,3.51,,,,
2025-10-25 01:00,159,71.52,123.94,589.62,4.61,99.52,4.85,,,,
2025-10-25 02:00,160,72.01,130.38,639.48,5.18,96.07,6.02,,,,
2025-10-25 03:00,160,72.84,136.57,681.12,6.4,93.5,6.91,,,,
2025-10-25 04:00,160,73.8,141.01,694.23,6.95,98.5,7.84,,,,
2025-10-25 05:00,162,76.47,145.23,678.19,6.21,114.61,8.45,,,,
2025-10-25 06:00,165,81.76,151.02,643.37,4.69,137.04,8.63,,,,
2025-10-25 07:00,168,89.04,158.61,604.57,3.24,158.04,8.51,,,,
2025-10-25 08:00,172,96.74,167.06,578.96,2.4,173.84,8.28,,,,
2025-10-25 09:00,175,102.44,173.27,557.95,2.03,185.41,8.25,,,,
2025-10-25 10:00,177,106.01,176.57,542.7,1.95,195.17,8.29,,,,
2025-10-25 11:00,178,107.9,177.28,534.7,2.11,200.77,8.13,,,,
2025-10-25 12:00,178,107.31,175.14,522.41,2.44,202.19,8.14,,,,
2025-10-25 13:00,177,105.15,171.21,506.15,2.58,200.55,8.2,,,,
2025-10-25 14:00,175,101.84,165.52,483.71,1.94,195.81,8.1,,,,
2025-10-25 15:00,173,97.48,158.33,454.52,1.49,189.02,7.9,,,,
2025-10-25 16:00,169,91.21,147.7,418.82,1.33,179.5,7.5,,,,
2025-10-25 17:00,165,83.17,134.38,381.05,1.29,168.23,7.08,,,,
2025-10-25 18:00,161,75.22,121.78,349.75,1.33,156.78,6.79,,,,
2025-10-25 19:00,158,68.78,112.25,336.12,1.61,146.34,6.74,,,,
2025-10-25 20:00,156,64.51,107.19,352.04,2.26,135.71,6.77,,,,
2025-10-25 21:00,154,61.41,105.6,384.17,3.05,124.17,6.86,,,,
2025-10-25 22:00,152,58.27,105.28,400.84,3.4,113.63,6.93,,,,
2025-10-25 23:00,151,56.28,105.96,400.9,3.3,105.62,6.34,,,,
2025-10-26 00:00,149,55.07,107.88,388.06,2.96,101.63,5.84,,,,
2025-10-26 00:00,149,55.07,107.88,388.06,2.96,101.63,5.84,,,,
2025-10-26 01:00,148,54.59,111.35,363.42,2.53,101.5,5.65,,,,
2025-10-26 02:00,149,54.97,116.16,339.91,2.23,103.45,5.66,,,,
2025-10-26 03:00,151,55.67,121.29,317.99,2.49,106.44,5.77,,,,
2025-10-26 04:00,151,56.34,125.46,293.07,2.44,111.67,5.98,,,,
2025-10-26 05:00,152,57.57,127.93,276.93,2.17,118.48,6.17,,,,
2025-10-26 06:00,153,59.66,128.77,271.18,1.84,126.78,6.41,,,,
2025-10-26 07:00,155,62.67,128.75,271.5,1.5,136.06,6.76,,,,
2025-10-26 08:00,157,66.45,129.05,277.06,1.29,145.2,7.2,,,,
2025-10-26 09:00,158,69.32,127.58,282.84,1.22,155.07,7.75,,,,
2025-10-26 10:00,159,70.64,124.17,286.41,1.3,165.08,8.44,,,,
2025-10-26 11:00,158,70.0,118.77,286.17,1.62,172.48,9.18,,,,
2025-10-26 12:00,157,67.89,112.66,285.12,2.27,175.49,9.9,,,,
2025-10-26 13:00,156,64.67,106.34,284.09,3.11,173.2,10.44,,,,
2025-10-26 14:00,154,60.63,100.0,282.18,3.1,165.94,10.45,,,,
2025-10-26 15:00,152,56.86,95.27,282.23,3.06,156.06,10.09,,,,
2025-10-26 16:00,145,53.51,92.15,284.75,3.27,145.21,9.57,,,,
2025-10-26 17:00,138,50.33,89.17,285.7,3.49,133.89,9.15,,,,
2025-10-26 18:00,132,48.26,87.46,280.17,3.41,125.92,9.12,,,,
2025-10-26 19:00,131,47.54,87.57,265.46,2.93,124.59,9.34,,,,
2025-10-26 20:00,133,48.6,91.45,257.56,2.49,127.13,9.46,,,,
2025-10-26 21:00,137,50.32,98.28,252.78,2.17,129.46,9.3,,,,
2025-10-26 22:00,141,51.8,105.58,249.16,1.96,129.43,8.86,,,,
2025-10-26 23:00,144,52.85,110.43,247.41,1.85,127.4,8.31,,,,
2025-10-27 00:00,145,53.17,111.44,245.14,1.78,124.97,7.75,,,,
2025-10-27 00:00,145,53.17,111.44,245.14,1.78,124.97,7.75,,,,
2025-10-27 01:00,144,52.83,109.03,240.86,1.72,122.61,7.26,,,,
2025-10-27 02:00,143,52.5,106.03,237.94,1.7,120.81,6.96,,,,
2025-10-27 03:00,142,52.34,103.67,235.78,2.22,120.01,6.78,,,,
2025-10-27 04:00,143,52.4,102.28,235.69,2.31,120.06,6.62,,,,
2025-10-27 05:00,146,53.7,103.59,243.4,2.2,123.87,6.61,,,,
2025-10-27 06:00,152,56.49,107.1,258.42,1.98,131.4,6.82,,,,
2025-10-27 07:00,154,60.8,111.72,277.44,1.7,141.69,7.28,,,,
2025-10-27 08:00,156,65.9,116.75,296.96,1.5,153.52,8.05,,,,
2025-10-27 09:00,158,69.93,119.57,315.47,1.48,165.61,9.03,,,,
2025-10-27 10:00,160,72.56,120.14,331.06,1.65,177.93,10.11,,,,
2025-10-27 11:00,160,72.89,117.26,338.38,2.07,186.54,10.82,,,,
2025-10-27 12:00,159,70.46,110.85,337.78,2.87,187.97,10.92,,,,
2025-10-27 13:00,156,65.49,101.66,333.29,3.96,181.03,10.43,,,,
2025-10-27 14:00,153,58.66,90.66,325.36,4.04,166.54,9.63,,,,
2025-10-27 15:00,143,52.47,82.06,319.05,3.99,151.18,9.04,,,,
2025-10-27 16:00,133,48.33,77.5,308.59,3.8,139.4,8.73,,,,
2025-10-27 17:00,130,47.18,77.86,302.35,3.68,131.84,8.78,,,,
2025-10-27 18:00,133,48.37,81.97,299.98,3.6,128.29,9.07,,,,
2025-10-27 19:00,137,50.24,87.06,293.31,3.37,128.14,9.17,,,,
2025-10-27 20:00,142,52.04,92.27,294.26,3.24,126.11,9.31,,,,
2025-10-27 21:00,143,52.67,95.38,292.2,2.99,123.84,9.05,,,,
2025-10-27 22:00,141,51.74,95.83,285.67,2.6,121.34,8.4,,,,
2025-10-27 23:00,137,50.18,94.88,282.01,2.22,118.91,7.63,,,,
2025-10-28 00:00,134,48.79,93.15,283.58,1.96,116.74,7.04,,,,
2025-10-28 00:00,134,48.79,93.15,283.58,1.96,116.74,7.04,,,,
2025-10-28 01:00,131,47.7,90.23,289.66,1.79,115.19,6.69,,,,
2025-10-28 02:00,132,48.14,90.25,297.83,1.82,115.17,6.92,,,,
2025-10-28 03:00,135,49.28,92.02,306.13,2.36,116.55,7.4,,,,
2025-10-28 04:00,138,50.55,93.48,313.43,2.72,119.41,7.75,,,,
2025-10-28 05:00,145,53.26,96.59,325.21,2.78,125.71,7.99,,,,
2025-10-28 06:00,152,57.75,101.8,339.1,2.58,135.73,8.23,,,,
2025-10-28 07:00,155,63.18,107.27,348.11,2.06,148.14,8.42,,,,
2025-10-28 08:00,157,67.91,110.43,347.54,1.55,159.51,8.37,,,,
2025-10-28 09:00,158,69.77,109.29,331.71,1.3,167.29,8.02,,,,
2025-10-28 10:00,157,67.77,103.44,305.15,1.25,170.21,7.23,,,,
2025-10-28 11:00,156,64.87,98.17,284.95,1.39,168.57,6.59,,,,
2025-10-28 12:00,154,61.88,93.11,273.4,1.78,165.09,6.3,,,,
2025-10-28 13:00,153,58.55,87.88,267.83,2.39,159.34,6.23,,,,
2025-10-28 14:00,148,54.78,82.69,263.35,2.47,150.9,6.19,,,,
2025-10-28 15:00,142,52.28,80.0,264.31,2.32,142.91,6.17,,,,
2025-10-28 16:00,142,52.03,80.91,274.72,2.34,137.8,6.28,,,,
2025-10-28 17:00,146,53.88,85.75,289.85,2.52,134.96,6.81,,,,
2025-10-28 18:00,151,55.72,90.94,300.02,2.57,133.16,7.25,,,,
2025-10-28 19:00,152,56.59,94.8,304.51,2.5,131.1,7.51,,,,
2025-10-28 20:00,152,57.06,98.11,307.74,2.38,129.45,7.63,,,,
2025-10-28 21:00,152,56.81,99.74,308.41,2.18,127.93,7.44,,,,
2025-10-28 22:00,152,57.64,103.44,307.02,2.01,126.34,7.46,,,,
2025-10-28 23:00,153,59.57,109.15,304.96,1.88,125.1,7.66,,,,
2025-10-29 00:00,154,60.38,112.04,302.67,1.74,123.82,7.61,,,,
2025-10-29 00:00,154,60.38,112.04,302.67,1.74,123.82,7.61,,,,
2025-10-29 01:00,154,60.5,113.24,303.23,1.65,122.15,7.54,,,,
2025-10-29 02:00,154,60.86,114.59,307.95,1.65,120.45,7.62,,,,
2025-10-29 03:00,154,61.09,115.44,315.61,2.16,119.44,7.71,,,,
2025-10-29 04:00,153,60.06,112.86,325.55,2.46,119.21,7.67,,,,
2025-10-29 05:00,154,60.51,112.07,341.63,2.45,123.98,7.81,,,,
2025-10-29 06:00,155,62.95,113.78,359.13,2.17,133.08,8.01,,,,
2025-10-29 07:00,156,64.68,112.77,368.03,1.67,142.6,7.84,,,,
2025-10-29 08:00,155,63.37,106.74,363.07,1.3,147.53,7.28,,,,
2025-10-29 09:00,153,59.94,98.89,349.83,1.17,148.73,6.77,,,,
2025-10-29 10:00,151,55.57,90.57,335.37,1.18,148.32,6.31,,,,
2025-10-29 11:00,139,50.75,82.12,319.91,1.33,145.28,5.92,,,,
2025-10-29 12:00,127,46.04,74.47,307.06,1.68,140.05,5.74,,,,
2025-10-29 13:00,116,41.72,67.85,298.96,2.17,133.05,5.69,,,,
2025-10-29 14:00,107,37.97,62.35,293.79,2.33,124.39,5.69,,,,
2025-10-29 15:00,100,35.18,58.43,292.68,2.42,116.58,5.71,,,,
2025-10-29 16:00,96,33.69,56.67,297.57,2.61,109.88,5.78,,,,
2025-10-29 17:00,97,33.8,57.83,307.95,2.84,105.11,6.03,,,,
2025-10-29 18:00,99,35.02,61.23,316.59,2.91,101.8,6.31,,,,
2025-10-29 19:00,104,36.67,65.71,321.38,2.85,99.48,6.58,,,,
2025-10-29 20:00,108,38.21,70.71,322.32,2.82,97.69,6.9,,,,
2025-10-29 21:00,110,39.03,74.96,316.86,2.77,96.59,7.02,,,,
2025-10-29 22:00,112,39.79,79.5,308.3,2.68,95.64,7.04,,,,
2025-10-29 23:00,115,41.17,84.79,304.54,2.62,93.26,7.01,,,,
2025-10-30 00:00,119,42.66,89.69,298.57,2.44,92.29,6.7,,,,
2025-10-30 00:00,119,42.66,89.69,298.57,2.44,92.29,6.7,,,,
2025-10-30 01:00,122,44.16,94.22,290.56,2.26,92.66,6.4,,,,
2025-10-30 02:00,127,45.92,99.13,283.85,2.17,93.97,6.37,,,,
2025-10-30 03:00,132,47.91,104.73,278.23,2.62,95.85,6.62,,,,
2025-10-30 04:00,136,49.65,108.97,275.55,2.86,98.82,6.87,,,,
2025-10-30 05:00,143,52.64,115.36,280.92,2.89,104.65,7.28,,,,
2025-10-30 06:00,152,56.84,122.39,292.8,2.64,114.58,7.6,,,,
2025-10-30 07:00,154,61.82,128.4,302.71,2.08,126.72,7.79,,,,
2025-10-30 08:00,157,67.2,133.29,311.21,1.6,138.29,7.83,,,,
2025-10-30 09:00,159,71.11,134.54,315.36,1.41,146.77,7.72,,,,
2025-10-30 10:00,160,72.2,130.34,317.11,1.44,152.0,7.42,,,,
2025-10-30 11:00,159,70.95,122.68,315.32,1.71,153.16,7.01,,,,
2025-10-30 12:00,158,68.46,113.9,312.96,2.26,150.23,6.66,,,,
2025-10-30 13:00,156,65.82,106.11,315.05,2.94,144.29,6.34,,,,
2025-10-30 14:00,155,62.91,99.09,318.35,2.91,135.84,5.9,,,,
2025-10-30 15:00,153,59.69,92.64,321.89,2.86,127.03,5.47,,,,
2025-10-30 16:00,151,56.24,86.88,326.57,2.92,118.3,5.11,,,,
2025-10-30 17:00,145,53.48,82.98,333.44,3.01,110.9,4.99,,,,
2025-10-30 18:00,141,51.56,81.1,339.39,3.01,105.39,5.1,,,,
2025-10-30 19:00,137,50.15,80.64,333.28,2.75,102.27,5.56,,,,
2025-10-30 20:00,139,50.77,82.85,340.07,2.78,99.28,5.68,,,,
2025-10-30 21:00,143,52.46,87.36,347.92,2.84,97.26,5.96,,,,
2025-10-30 22:00,149,54.88,94.24,353.43,2.9,96.8,6.53,,,,
2025-10-30 23:00,152,57.04,102.37,351.48,2.86,98.26,7.25,,,,
2025-10-31 00:00,153,58.44,111.08,339.74,2.68,101.37,7.91,,,,
2025-10-31 00:00,153,58.44,111.08,339.74,2.68,101.37,7.91,,,,
2025-10-31 01:00,153,59.3,120.14,320.41,2.37,106.1,8.38,,,,
2025-10-31 02:00,153,60.17,126.88,305.71,2.07,109.32,8.33,,,,
2025-10-31 03:00,154,61.06,131.7,297.52,2.28,111.6,8.08,,,,
2025-10-31 04:00,154,61.74,134.36,292.54,2.34,113.27,7.7,,,,
2025-10-31 05:00,155,63.64,138.58,294.56,2.18,118.15,7.52,,,,
2025-10-31 06:00,157,67.35,145.7,301.62,1.89,126.8,7.71,,,,
2025-10-31 07:00,160,72.81,154.94,311.76,1.55,137.94,8.19,,,,
2025-10-31 08:00,163,79.6,165.28,324.73,1.31,150.27,8.73,,,,
2025-10-31 09:00,167,86.44,175.45,339.55,1.22,162.83,9.46,,,,
2025-10-31 10:00,170,92.71,184.43,353.29,1.28,175.33,10.3,,,,
2025-10-31 11:00,173,97.43,191.22,363.62,1.47,185.94,10.95,,,,
2025-10-31 12:00,174,99.95,194.63,367.03,1.72,192.63,11.48,,,,
2025-10-31 13:00,174,100.61,195.14,363.28,1.78,195.97,11.75,,,,
2025-10-31 14:00,173,99.06,191.47,352.47,1.35,194.59,11.33,,,,
2025-10-31 15:00,172,95.46,183.58,333.9,0.99,189.62,10.32,,,,
2025-10-31 16:00,169,90.81,172.87,313.9,0.78,182.92,9.0,,,,
2025-10-31 17:00,167,86.14,161.36,295.74,0.63,175.32,7.67,,,,
2025-10-31 18:00,164,81.55,149.8,279.56,0.52,167.56,6.51,,,,
2025-10-31 19:00,162,77.43,139.61,267.25,0.45,160.05,5.67,,,,
2025-10-31 20:00,160,73.88,131.59,259.55,0.44,153.25,5.22,,,,
2025-10-31 21:00,159,71.06,126.23,256.4,0.46,147.65,5.12,,,,
2025-10-31 22:00,158,68.83,122.72,254.65,0.47,143.03,5.16,,,,
2025-10-31 23:00,157,67.56,120.25,253.58,0.45,137.48,4.78,,,,
2025-11-01 00:00,157,67.12,119.29,260.4,0.49,133.12,4.49,,,,
2025-11-01 00:00,157,67.12,119.29,260.4,0.49,133.12,4.49,,,,
2025-11-01 01:00,157,67.25,119.71,277.73,0.67,129.73,4.46,,,,
2025-11-01 02:00,158,68.48,122.71,305.71,0.92,125.7,4.44,,,,
2025-11-01 03:00,159,70.73,127.87,341.69,1.46,121.72,4.65,,,,
2025-11-01 04:00,161,74.25,135.1,389.08,2.0,118.9,5.01,,,,
2025-11-01 05:00,163,78.37,141.67,423.72,2.02,122.02,5.18,,,,
2025-11-01 06:00,165,82.67,146.67,434.7,1.6,130.26,5.16,,,,
2025-11-01 07:00,167,86.66,149.85,429.13,1.15,138.47,5.01,,,,
2025-11-01 08:00,169,90.06,151.77,417.34,0.9,144.88,4.83,,,,
2025-11-01 09:00,170,92.79,152.94,405.93,0.81,149.91,4.75,,,,
2025-11-01 10:00,171,93.72,152.59,389.31,0.79,154.07,4.69,,,,
2025-11-01 11:00,170,91.65,149.23,361.95,0.79,155.02,4.55,,,,
2025-11-01 12:00,167,86.81,143.3,325.74,0.82,153.4,4.42,,,,
2025-11-01 13:00,164,81.21,136.68,290.0,0.8,149.56,4.17,,,,
2025-11-01 14:00,162,76.29,131.03,261.95,0.58,141.81,3.42,,,,
2025-11-01 15:00,159,71.42,126.02,235.6,0.4,132.4,2.56,,,,
2025-11-01 16:00,157,67.36,122.03,215.3,0.29,123.7,1.84,,,,
2025-11-01 17:00,156,64.65,119.5,202.31,0.22,117.52,1.34,,,,
2025-11-01 18:00,155,62.65,117.35,193.47,0.17,112.72,0.99,,,,
2025-11-01 19:00,154,61.05,115.15,187.54,0.14,108.86,0.77,,,,
2025-11-01 20:00,153,60.08,113.66,184.66,0.12,106.01,0.64,,,,
2025-11-01 21:00,153,59.56,112.83,183.23,0.11,103.69,0.56,,,,
2025-11-01 22:00,153,59.26,112.6,182.2,0.11,101.64,0.51,,,,
2025-11-01 23:00,153,59.01,112.83,181.42,0.1,100.07,0.48,,,,
2025-11-02 00:00,153,58.8,113.56,180.71,0.1,99.19,0.46,,,,
2025-11-02 00:00,153,58.8,113.56,180.71,0.1,99.19,0.46,,,,
2025-11-02 01:00,152,58.4,113.66,180.29,0.1,98.92,0.44,,,,
2025-11-02 02:00,152,58.03,113.33,180.51,0.1,98.81,0.42,,,,
2025-11-02 03:00,152,57.63,112.87,181.19,0.13,98.97,0.39,,,,
2025-11-02 04:00,152,57.07,112.05,181.11,0.14,98.77,0.39,,,,
2025-11-02 05:00,152,56.65,111.6,181.32,0.15,98.96,0.42,,,,
2025-11-02 06:00,151,56.23,111.43,181.4,0.14,99.68,0.49,,,,
2025-11-02 07:00,151,55.51,110.67,179.69,0.12,99.92,0.52,,,,
2025-11-02 08:00,149,55.02,109.92,178.23,0.11,98.57,0.5,,,,
2025-11-02 09:00,148,54.58,109.5,176.55,0.11,97.12,0.46,,,,
2025-11-02 10:00,147,54.0,109.14,174.25,0.11,95.79,0.39,,,,
2025-11-02 11:00,144,52.77,107.77,170.22,0.11,94.13,0.29,,,,
2025-11-02 12:00,139,51.04,105.24,165.09,0.12,93.5,0.23,,,,
2025-11-02 13:00,135,49.31,102.17,160.68,0.12,93.89,0.19,,,,
2025-11-02 14:00,132,48.14,99.99,157.92,0.11,93.24,0.17,,,,
2025-11-02 15:00,130,47.11,98.37,154.81,0.09,92.94,0.16,,,,
2025-11-02 16:00,128,46.39,97.63,152.04,0.08,92.87,0.16,,,,
2025-11-02 17:00,127,46.25,98.75,149.33,0.07,92.52,0.18,,,,
2025-11-02 18:00,129,46.83,102.58,146.97,0.07,92.07,0.19,,,,
2025-11-02 19:00,133,48.48,110.42,143.95,0.07,91.79,0.21,,,,
2025-11-02 20:00,141,51.58,123.2,141.21,0.07,91.97,0.22,,,,
2025-11-02 21:00,151,56.06,141.15,138.95,0.07,92.36,0.23,,,,
2025-11-02 22:00,154,61.42,162.69,137.09,0.07,93.36,0.24,,,,
2025-11-02 23:00,157,66.75,184.46,135.65,0.07,94.28,0.26,,,,
2025-11-03 00:00,159,71.08,203.06,134.79,0.07,94.87,0.27,,,,
2025-11-03 00:00,159,71.08,203.06,134.79,0.07,94.87,0.27,,,,
2025-11-03 01:00,160,73.5,215.11,134.49,0.07,95.43,0.27,,,,
2025-11-03 02:00,161,74.17,220.6,134.24,0.07,96.28,0.27,,,,
2025-11-03 03:00,160,73.8,222.05,134.03,0.09,97.09,0.28,,,,
2025-11-03 04:00,160,72.57,220.11,133.26,0.08,97.51,0.27,,,,
2025-11-03 05:00,159,70.89,216.76,132.47,0.07,98.07,0.28,,,,
2025-11-03 06:00,158,68.72,211.39,131.43,0.05,98.38,0.28,,,,
2025-11-03 07:00,156,65.87,203.9,129.99,0.05,98.67,0.29,,,,
2025-11-03 08:00,155,62.69,194.96,128.16,0.04,98.58,0.31,,,,
2025-11-03 09:00,153,59.72,186.15,126.66,0.04,98.16,0.33,,,,
2025-11-03 10:00,152,56.92,177.18,126.0,0.05,98.48,0.34,,,,
2025-11-03 11:00,147,54.05,166.46,125.32,0.05,98.66,0.35,,,,
2025-11-03 12:00,140,51.46,155.78,124.74,0.07,98.77,0.36,,,,
2025-11-03 13:00,135,49.49,146.71,124.56,0.09,99.32,0.38,,,,
2025-11-03 14:00,131,47.85,138.69,124.44,0.09,99.88,0.39,,,,
2025-11-03 15:00,128,46.53,132.21,124.14,0.09,100.68,0.42,,,,
2025-11-03 16:00,125,45.42,126.83,123.48,0.08,101.82,0.45,,,,
2025-11-03 17:00,124,44.7,123.3,123.26,0.08,103.09,0.48,,,,
2025-11-03 18:00,123,44.45,121.66,123.16,0.08,104.23,0.52,,,,
2025-11-03 19:00,123,44.5,121.29,123.27,0.08,105.08,0.55,,,,
2025-11-03 20:00,124,44.91,122.11,123.66,0.07,105.81,0.57,,,,
2025-11-03 21:00,125,45.44,123.25,123.98,0.07,106.3,0.59,,,,
2025-11-03 22:00,127,45.96,124.42,124.62,0.07,106.82,0.6,,,,
2025-11-03 23:00,128,46.3,125.11,125.32,0.08,106.66,0.61,,,,
2025-11-04 00:00,128,46.39,125.49,126.48,0.09,106.76,0.61,,,,
2025-11-04 00:00,128,46.39,125.49,126.48,0.09,106.76,0.61,,,,
2025-11-04 01:00,127,46.22,125.66,128.39,0.12,106.91,0.6,,,,
2025-11-04 02:00,126,45.65,124.89,130.64,0.15,106.79,0.59,,,,
2025-11-04 03:00,122,44.22,121.52,132.69,0.25,106.84,0.61,,,,
2025-11-04 04:00,116,41.49,113.78,133.73,0.3,107.48,0.66,,,,
2025-11-04 05:00,106,37.54,102.67,132.46,0.3,109.35,0.75,,,,
2025-11-04 06:00,96,33.63,93.51,128.88,0.26,112.22,0.85,,,,
2025-11-04 07:00,92,31.75,94.03,124.96,0.22,114.9,0.92,,,,
2025-11-04 08:00,94,32.55,103.33,122.81,0.2,115.89,0.95,,,,
2025-11-04 09:00,100,35.31,119.19,122.49,0.2,116.19,0.96,,,,
2025-11-04 10:00,113,40.24,144.0,123.15,0.21,116.47,0.97,,,,
2025-11-04 11:00,130,47.4,178.22,123.29,0.24,116.58,0.97,,,,
2025-11-04 12:00,151,55.5,215.7,122.35,0.31,117.35,0.99,,,,
2025-11-04 13:00,154,61.79,245.32,120.45,0.39,119.09,1.05,,,,
2025-11-04 14:00,156,64.26,257.68,117.68,0.4,120.81,1.07,,,,
2025-11-04 15:00,155,63.5,257.22,114.68,0.39,121.09,1.0,,,,
2025-11-04 16:00,154,61.36,252.57,111.94,0.37,119.82,0.85,,,,
2025-11-04 17:00,154,60.35,255.25,109.89,0.36,117.55,0.68,,,,
2025-11-04 18:00,154,61.88,270.65,108.46,0.36,115.3,0.55,,,,
2025-11-04 19:00,156,65.25,292.71,107.71,0.36,113.14,0.49,,,,
2025-11-04 20:00,157,67.37,305.17,107.29,0.36,111.69,0.51,,,,
2025-11-04 21:00,156,65.89,296.51,107.05,0.36,110.46,0.63,,,,
2025-11-04 22:00,154,60.73,269.35,106.64,0.38,109.33,0.83,,,,
2025-11-04 23:00,147,53.99,233.93,106.78,0.41,108.13,1.09,,,,
2025-11-05 00:00,129,47.04,197.79,107.74,0.49,106.58,1.63,,,,
2025-11-05 00:00,129,47.04,197.79,107.74,0.49,106.58,1.63,,,,
2025-11-05 01:00,115,41.06,167.67,112.25,0.72,104.45,2.74,,,,
2025-11-05 02:00,106,37.57,150.01,125.12,1.27,101.87,4.23,,,,
2025-11-05 03:00,103,36.13,141.06,146.26,2.38,99.55,5.6,,,,
2025-11-05 04:00,101,35.52,134.07,171.68,2.98,99.51,6.6,,,,
2025-11-05 05:00,102,35.99,128.31,196.48,3.03,105.28,7.11,,,,
2025-11-05 06:00,108,38.48,125.22,216.56,2.51,116.6,7.07,,,,
2025-11-05 07:00,120,43.12,126.22,230.9,1.82,128.64,6.63,,,,
2025-11-05 08:00,134,49.0,130.28,244.2,1.35,138.55,6.05,,,,
2025-11-05 09:00,146,53.94,134.32,254.3,1.12,146.13,5.5,,,,
2025-11-05 10:00,152,57.03,136.93,259.84,1.06,151.99,5.06,,,,
2025-11-05 11:00,152,58.23,137.05,260.65,1.09,154.93,4.69,,,,
2025-11-05 12:00,152,58.3,135.78,258.66,1.19,156.06,4.39,,,,
2025-11-05 13:00,152,57.96,134.35,256.15,1.26,155.65,4.16,,,,
2025-11-05 14:00,152,57.69,133.28,252.99,1.02,154.59,4.0,,,,
2025-11-05 15:00,152,57.27,132.57,247.84,0.82,153.77,3.87,,,,
2025-11-05 16:00,152,56.75,131.73,241.92,0.71,152.48,3.78,,,,
2025-11-05 17:00,152,56.57,131.62,237.99,0.65,151.85,3.76,,,,
2025-11-05 18:00,152,56.6,132.15,234.71,0.61,151.68,3.84,,,,
2025-11-05 19:00,152,56.6,132.36,231.5,0.58,151.33,3.95,,,,
2025-11-05 20:00,152,56.61,131.97,228.77,0.56,150.19,4.01,,,,
2025-11-05 21:00,152,56.65,131.22,229.33,0.56,148.75,4.03,,,,
2025-11-05 22:00,152,56.71,130.79,234.88,0.65,146.61,4.08,,,,
2025-11-05 23:00,152,56.69,130.98,243.17,0.78,143.96,4.25,,,,
2025-11-06 00:00,152,56.55,131.98,256.59,0.96,140.55,4.59,,,,
2025-11-06 00:00,152,56.55,131.98,256.59,0.96,140.55,4.59,,,,
2025-11-06 01:00,149,55.09,130.97,265.17,1.11,138.26,5.82,,,,
2025-11-06 02:00,145,53.38,129.24,272.62,1.23,134.42,6.79,,,,
2025-11-06 03:00,141,51.76,127.63,276.04,1.62,131.32,7.5,,,,
2025-11-06 04:00,138,50.52,125.83,284.01,1.98,129.41,8.39,,,,
2025-11-06 05:00,139,50.89,125.95,301.55,2.17,131.42,9.24,,,,
2025-11-06 06:00,145,53.37,127.85,318.09,2.0,137.73,9.96,,,,
2025-11-06 07:00,152,57.7,131.05,327.85,1.58,146.62,10.46,,,,
2025-11-06 08:00,155,62.63,134.49,335.34,1.31,155.25,10.95,,,,
2025-11-06 09:00,157,66.79,137.03,340.69,1.24,163.1,11.64,,,,
2025-11-06 10:00,158,68.7,136.91,334.1,1.23,170.03,12.17,,,,
2025-11-06 11:00,158,68.9,135.72,319.83,1.26,173.25,11.97,,,,
2025-11-06 12:00,157,67.32,133.09,301.12,1.34,172.59,11.53,,,,
2025-11-06 13:00,155,63.18,127.15,272.85,1.26,168.22,10.88,,,,
2025-11-06 14:00,153,59.41,121.29,247.05,0.89,163.43,9.78,,,,
2025-11-06 15:00,500,55.41,115.04,220.78,0.63,157.73,8.26,,,,
2025-11-06 16:00,140,51.21,108.32,195.98,0.48,151.18,6.75,,,,
2025-11-06 17:00,131,47.77,102.96,176.56,0.37,144.62,5.4,,,,
2025-11-06 18:00,124,44.65,98.4,159.79,0.29,137.62,4.19,,,,
2025-11-06 19:00,117,41.89,94.65,146.1,0.22,130.66,3.23,,,,
2025-11-06 20:00,111,39.68,91.72,135.92,0.18,124.79,2.52,,,,
2025-11-06 21:00,107,37.74,89.02,127.89,0.15,119.88,2.0,,,,
2025-11-06 22:00,102,35.98,86.77,120.86,0.12,115.88,1.57,,,,
2025-11-06 23:00,98,34.59,85.32,114.92,0.1,112.07,1.23,,,,
2025-11-07 00:00,96,33.65,84.83,110.37,0.09,108.98,0.96,,,,
2025-11-07 00:00,96,33.65,84.83,110.37,0.09,108.98,0.96,,,,
2025-11-07 01:00,95,33.2,85.69,107.15,0.08,106.4,0.75,,,,
2025-11-07 02:00,95,33.04,87.51,105.12,0.08,104.42,0.61,,,,
2025-11-07 03:00,95,33.11,90.16,103.96,0.12,102.76,0.53,,,,
2025-11-07 04:00,94,32.7,91.3,103.58,0.13,102.49,0.51,,,,
2025-11-07 05:00,94,32.42,91.83,104.59,0.12,101.89,0.52,,,,
2025-11-07 06:00,94,32.46,92.35,105.67,0.11,101.09,0.52,,,,
2025-11-07 07:00,94,32.45,92.06,106.36,0.1,100.16,0.5,,,,
2025-11-07 08:00,94,32.47,91.48,106.96,0.1,99.22,0.48,,,,
2025-11-07 09:00,94,32.46,90.17,107.85,0.1,99.0,0.47,,,,
2025-11-07 10:00,93,32.13,87.91,108.64,0.11,99.69,0.46,,,,
2025-11-07 11:00,92,31.41,84.75,108.53,0.12,99.98,0.45,,,,
2025-11-07 12:00,90,30.43,80.87,108.51,0.14,100.67,0.44,,,,
2025-11-07 13:00,87,29.44,76.82,108.68,0.17,101.67,0.45,,,,
2025-11-07 14:00,85,28.39,72.83,108.56,0.16,102.68,0.47,,,,
2025-11-07 15:00,83,27.29,68.67,108.15,0.15,103.65,0.48,,,,
2025-11-07 16:00,80,26.04,64.27,107.57,0.13,104.52,0.49,,,,
2025-11-07 17:00,78,24.79,60.16,107.18,0.12,105.25,0.48,,,,
2025-11-07 18:00,75,23.44,55.93,106.64,0.11,105.96,0.46,,,,
2025-11-07 19:00,72,21.98,51.45,105.99,0.1,106.8,0.46,,,,
2025-11-07 20:00,69,20.46,46.84,105.35,0.1,108.19,0.47,,,,
2025-11-07 21:00,65,18.97,42.37,104.83,0.09,109.99,0.52,,,,
2025-11-07 22:00,62,17.25,36.69,104.85,0.09,113.83,0.7,,,,
2025-11-07 23:00,59,16.02,33.44,103.96,0.09,114.66,0.72,,,,
2025-11-08 00:00,57,15.13,31.62,102.78,0.08,114.41,0.67,,,,
2025-11-08 00:00,57,15.13,31.62,102.78,0.08,114.41,0.67,,,,
2025-11-08 01:00,56,14.35,30.09,102.03,0.08,114.49,0.63,,,,
2025-11-08 02:00,54,13.71,29.0,101.58,0.07,114.96,0.58,,,,
2025-11-08 03:00,54,13.36,28.61,101.27,0.11,115.42,0.55,,,,
2025-11-08 04:00,53,13.03,28.01,100.59,0.1,115.13,0.54,,,,
2025-11-08 05:00,53,12.94,27.92,100.03,0.08,114.82,0.54,,,,
2025-11-08 06:00,53,13.07,28.54,99.5,0.07,113.95,0.53,,,,
2025-11-08 07:00,54,13.3,29.52,98.81,0.06,112.84,0.52,,,,
2025-11-08 08:00,54,13.56,30.71,98.13,0.05,111.33,0.5,,,,
2025-11-08 09:00,54,13.73,31.83,97.32,0.05,110.03,0.49,,,,
2025-11-08 10:00,55,13.83,33.0,96.9,0.05,109.5,0.47,,,,
2025-11-08 11:00,56,14.38,35.92,96.34,0.06,108.53,0.44,,,,
2025-11-08 12:00,57,15.19,39.81,95.95,0.06,107.73,0.41,,,,
2025-11-08 13:00,60,16.28,44.84,96.08,0.08,107.16,0.38,,,,
2025-11-08 14:00,62,17.54,50.52,96.43,0.07,106.45,0.35,,,,
2025-11-08 15:00,65,18.65,55.62,97.0,0.07,106.01,0.33,,,,
2025-11-08 16:00,67,19.66,60.38,97.43,0.07,105.46,0.32,,,,
2025-11-08 17:00,69,20.84,65.57,98.22,0.07,104.72,0.3,,,,
2025-11-08 18:00,72,21.94,70.36,99.03,0.07,104.18,0.28,,,,
2025-11-08 19:00,74,22.82,74.25,99.56,0.07,103.5,0.27,,,,
2025-11-08 20:00,75,23.61,77.65,100.07,0.07,103.08,0.26,,,,
2025-11-08 21:00,77,24.36,80.72,100.61,0.07,102.73,0.25,,,,
2025-11-08 22:00,78,24.99,83.51,101.24,0.07,102.48,0.24,,,,
2025-11-08 23:00,79,25.36,85.09,101.65,0.07,102.58,0.24,,,,
2025-11-09 00:00,79,25.56,85.88,101.86,0.07,102.78,0.24,,,,
2025-11-09 00:00,79,25.56,85.88,101.86,0.07,102.78,0.24,,,,
2025-11-09 01:00,79,25.53,85.54,102.31,0.07,103.2,0.24,,,,
2025-11-09 02:00,79,25.18,83.82,102.42,0.07,104.25,0.25,,,,
2025-11-09 03:00,78,24.74,81.8,102.5,0.1,105.78,0.26,,,,
2025-11-09 04:00,76,24.22,79.4,102.16,0.1,106.82,0.28,,,,
2025-11-09 05:00,76,23.89,77.94,102.07,0.08,107.64,0.29,,,,
2025-11-09 06:00,76,23.85,77.71,101.91,0.07,107.8,0.3,,,,
2025-11-09 07:00,76,24.03,78.46,102.16,0.06,107.42,0.31,,,,
2025-11-09 08:00,77,24.27,79.58,102.21,0.05,106.53,0.32,,,,
2025-11-09 09:00,77,24.55,80.8,102.35,0.05,105.76,0.32,,,,
2025-11-09 10:00,78,25.02,82.83,103.18,0.05,105.65,0.33,,,,
2025-11-09 11:00,79,25.42,84.62,103.8,0.06,105.84,0.34,,,,
2025-11-09 12:00,80,25.76,86.05,104.36,0.07,106.19,0.35,,,,
2025-11-09 13:00,80,26.07,87.17,105.06,0.09,106.79,0.35,,,,
2025-11-09 14:00,81,26.29,87.84,105.61,0.09,107.21,0.36,,,,
2025-11-09 15:00,81,26.43,88.12,105.92,0.09,107.61,0.36,,,,
2025-11-09 16:00,81,26.37,87.68,106.04,0.08,107.92,0.36,,,,
2025-11-09 17:00,81,26.25,86.82,106.01,0.08,108.23,0.36,,,,
2025-11-09 18:00,80,26.11,85.89,106.01,0.07,108.53,0.36,,,,
2025-11-09 19:00,80,25.86,84.57,105.73,0.07,108.81,0.36,,,,
2025-11-09 20:00,79,25.55,82.98,105.57,0.07,108.97,0.36,,,,
2025-11-09 21:00,79,25.22,81.31,105.31,0.07,109.16,0.35,,,,
2025-11-09 22:00,78,25.04,80.3,105.15,0.06,109.16,0.35,,,,
2025-11-09 23:00,78,24.97,79.86,105.15,0.06,108.98,0.34,,,,
2025-11-10 00:00,78,24.87,79.37,105.09,0.06,108.81,0.34,,,,
2025-11-10 00:00,78,24.87,79.37,105.09,0.06,108.81,0.34,,,,
2025-11-10 01:00,78,24.77,78.81,105.26,0.06,108.67,0.33,,,,
2025-11-10 02:00,77,24.65,77.99,105.41,0.05,108.76,0.32,,,,
2025-11-10 03:00,77,24.48,77.12,105.61,0.08,108.91,0.32,,,,
2025-11-10 04:00,76,24.16,75.81,105.17,0.07,108.19,0.31,,,,
2025-11-10 05:00,76,23.93,74.58,104.99,0.06,107.75,0.3,,,,
2025-11-10 06:00,75,23.65,73.29,104.67,0.05,106.74,0.3,,,,
2025-11-10 07:00,75,23.33,71.88,104.13,0.04,105.37,0.29,,,,
2025-11-10 08:00,74,22.98,70.43,103.53,0.04,103.54,0.28,,,,
2025-11-10 09:00,73,22.64,69.07,102.88,0.04,101.8,0.27,,,,
2025-11-10 10:00,72,22.3,67.69,102.8,0.04,100.94,0.26,,,,
2025-11-10 11:00,71,21.83,65.94,102.64,0.04,100.29,0.25,,,,
2025-11-10 12:00,70,21.36,64.07,102.37,0.05,100.15,0.25,,,,
2025-11-10 13:00,70,20.93,62.31,102.59,0.06,100.47,0.25,,,,
2025-11-10 14:00,69,20.5,60.56,102.65,0.06,101.06,0.25,,,,
2025-11-10 15:00,68,20.06,58.75,102.76,0.06,101.6,0.25,,,,
2025-11-10 16:00,67,19.62,56.97,102.69,0.06,102.15,0.25,,,,
2025-11-10 17:00,66,19.29,55.57,102.67,0.06,102.75,0.25,,,,
2025-11-10 18:00,66,19.03,54.36,102.62,0.05,103.29,0.25,,,,
2025-11-10 19:00,65,18.8,53.26,102.65,0.05,103.55,0.25,,,,
2025-11-10 20:00,65,18.61,52.4,102.7,0.05,103.77,0.25,,,,
2025-11-10 21:00,64,18.5,51.72,102.72,0.05,103.97,0.25,,,,
2025-11-10 22:00,64,18.41,51.17,102.59,0.05,103.86,0.25,,,,
2025-11-10 23:00,64,18.38,50.87,102.61,0.05,103.81,0.25,,,,
2025-11-11 00:00,64,18.37,50.71,102.64,0.04,103.66,0.24,,,,
2025-11-11 00:00,64,18.37,50.71,102.64,0.04,103.66,0.24,,,,
2025-11-11 01:00,64,18.4,50.64,102.56,0.04,103.81,0.24,,,,
2025-11-11 02:00,64,18.45,50.6,102.92,0.04,103.93,0.23,,,,
2025-11-11 03:00,64,18.49,50.47,103.05,0.06,104.21,0.23,,,,
2025-11-11 04:00,64,18.48,50.14,102.8,0.05,103.78,0.23,,,,
2025-11-11 05:00,64,18.5,49.92,102.66,0.04,103.4,0.22,,,,
2025-11-11 06:00,65,18.53,49.58,102.34,0.03,102.66,0.22,,,,
2025-11-11 07:00,65,18.55,49.29,101.83,0.03,101.3,0.22,,,,
2025-11-11 08:00,65,18.59,49.04,101.34,0.03,99.47,0.21,,,,
2025-11-11 09:00,65,18.63,48.87,100.77,0.03,97.66,0.2,,,,
2025-11-11 10:00,65,18.68,48.74,100.7,0.03,96.61,0.2,,,,
2025-11-11 11:00,65,18.61,48.3,100.58,0.03,95.87,0.2,,,,
2025-11-11 12:00,64,18.51,47.79,100.38,0.04,95.84,0.2,,,,
2025-11-11 13:00,64,18.43,47.29,100.63,0.05,96.21,0.2,,,,
2025-11-11 14:00,64,18.33,46.73,100.69,0.05,96.78,0.21,,,,
2025-11-11 15:00,64,18.23,46.17,100.84,0.05,97.3,0.22,,,,
2025-11-11 16:00,64,18.13,45.64,100.8,0.05,97.52,0.22,,,,
2025-11-11 17:00,64,18.11,45.27,100.84,0.05,97.87,0.23,,,,
2025-11-11 18:00,64,18.08,44.93,100.91,0.05,98.21,0.23,,,,
2025-11-11 19:00,63,18.04,44.49,100.82,0.05,98.39,0.24,,,,
2025-11-11 20:00,63,17.99,44.05,100.84,0.04,98.61,0.25,,,,
2025-11-11 21:00,63,17.92,43.55,100.86,0.04,98.96,0.25,,,,
2025-11-11 22:00,63,17.81,43.08,100.87,0.04,99.18,0.26,,,,
2025-11-11 23:00,63,17.72,42.77,101.04,0.04,99.3,0.26,,,,
2025-11-12 00:00,63,17.63,42.57,101.08,0.04,99.51,0.26,,,,
2025-11-12 00:00,63,17.63,42.57,101.08,0.04,99.51,0.26,,,,
2025-11-12 01:00,62,17.52,42.37,101.27,0.04,99.69,0.26,,,,
2025-11-12 02:00,62,17.4,42.13,101.62,0.04,100.15,0.27,,,,
2025-11-12 03:00,62,17.28,41.81,102.03,0.06,100.51,0.28,,,,
2025-11-12 04:00,62,17.11,41.25,101.93,0.05,100.45,0.3,,,,
2025-11-12 05:00,61,17.01,40.71,102.07,0.05,100.03,0.31,,,,
2025-11-12 06:00,61,16.95,40.28,101.91,0.04,99.35,0.34,,,,
2025-11-12 07:00,61,16.93,39.88,101.86,0.04,98.41,0.36,,,,
2025-11-12 08:00,61,16.88,39.39,101.5,0.04,97.27,0.37,,,,
2025-11-12 09:00,61,16.89,38.82,101.2,0.04,96.41,0.4,,,,
2025-11-12 10:00,61,16.94,38.25,101.44,0.05,96.49,0.43,,,,
2025-11-12 11:00,61,16.89,37.53,101.4,0.05,96.55,0.44,,,,
2025-11-12 12:00,61,16.8,36.75,101.29,0.06,96.78,0.46,,,,
2025-11-12 13:00,61,16.79,36.03,101.65,0.08,97.7,0.48,,,,
2025-11-12 14:00,61,16.77,35.39,101.91,0.08,98.39,0.5,,,,
2025-11-12 15:00,61,16.74,34.84,102.12,0.08,99.0,0.51,,,,
2025-11-12 16:00,61,16.67,34.26,102.07,0.07,99.32,0.51,,,,
2025-11-12 17:00,61,16.66,33.86,102.21,0.07,99.55,0.52,,,,
2025-11-12 18:00,61,16.65,33.44,102.33,0.07,100.01,0.52,,,,
2025-11-12 19:00,61,16.63,33.0,102.47,0.06,100.41,0.53,,,,
2025-11-12 20:00,61,16.64,32.71,102.62,0.06,101.1,0.54,,,,
2025-11-12 21:00,61,16.74,32.72,103.12,0.06,101.78,0.57,,,,
2025-11-12 22:00,61,16.93,33.15,103.56,0.06,102.8,0.61,,,,
2025-11-12 23:00,62,17.23,33.96,103.9,0.06,103.7,0.66,,,,
2025-11-13 00:00,63,17.63,35.09,104.66,0.06,104.55,0.73,,,,
2025-11-13 00:00,63,17.63,35.09,104.66,0.06,104.55,0.73,,,,
2025-11-13 01:00,64,18.14,36.41,105.72,0.07,105.48,0.82,,,,
2025-11-13 02:00,65,18.66,37.77,106.66,0.07,106.5,0.92,,,,
2025-11-13 03:00,66,19.14,39.04,107.7,0.1,107.37,1.02,,,,
2025-11-13 04:00,67,19.62,39.84,109.2,0.11,108.66,1.22,,,,
2025-11-13 05:00,68,20.15,40.68,111.01,0.11,109.62,1.39,,,,
2025-11-13 06:00,69,20.69,41.72,112.7,0.11,109.44,1.51,,,,
2025-11-13 07:00,70,21.2,42.72,113.87,0.1,108.88,1.55,,,,
2025-11-13 08:00,71,21.68,43.59,114.68,0.1,107.93,1.57,,,,
2025-11-13 09:00,72,22.3,44.5,116.25,0.11,107.64,1.65,,,,
2025-11-13 10:00,74,23.19,45.54,118.68,0.12,109.04,1.84,,,,
2025-11-13 11:00,76,23.85,46.2,119.95,0.14,110.3,1.99,,,,
2025-11-13 12:00,76,24.19,46.34,120.35,0.17,111.25,2.09,,,,
2025-11-13 13:00,77,24.36,46.25,120.44,0.2,112.04,2.15,,,,
2025-11-13 14:00,76,24.15,45.78,119.69,0.18,111.6,2.06,,,,
2025-11-13 15:00,76,23.86,45.13,118.67,0.16,111.27,1.95,,,,
2025-11-13 16:00,75,23.66,44.56,117.96,0.15,111.09,1.88,,,,
2025-11-13 17:00,75,23.63,44.4,117.79,0.14,111.1,1.87,,,,
2025-11-13 18:00,75,23.71,44.62,118.06,0.13,111.2,1.89,,,,
2025-11-13 19:00,76,23.93,45.26,118.73,0.13,111.17,1.95,,,,
2025-11-13 20:00,75,23.68,45.13,118.08,0.13,110.17,1.87,,,,
2025-11-13 21:00,74,23.24,44.75,117.07,0.12,108.95,1.73,,,,
2025-11-13 22:00,73,22.77,44.48,116.07,0.11,107.94,1.61,,,,
2025-11-13 23:00,73,22.43,44.55,115.55,0.1,107.31,1.55,,,,
2025-11-14 00:00,73,22.4,45.12,115.91,0.1,107.62,1.62,,,,
2025-11-14 00:00,73,22.4,45.12,115.91,0.1,107.62,1.62,,,,
2025-11-14 01:00,79,25.38,50.69,125.77,0.15,113.44,2.8,,,,
2025-11-14 02:00,83,27.1,54.23,132.49,0.18,116.61,3.66,,,,
2025-11-14 03:00,83,27.2,55.05,133.79,0.25,117.27,3.95,,,,
2025-11-14 04:00,82,26.79,54.8,133.41,0.27,116.34,3.99,,,,
2025-11-14 05:00,80,26.01,53.68,131.77,0.26,115.05,3.76,,,,
2025-11-14 06:00,81,26.13,54.17,132.2,0.24,115.47,3.88,,,,
2025-11-14 07:00,87,29.44,60.16,139.8,0.26,121.02,5.18,,,,
2025-11-14 08:00,97,34.19,68.18,150.67,0.29,127.98,6.62,,,,
2025-11-14 09:00,107,37.91,74.27,158.92,0.32,133.48,7.53,,,,
2025-11-14 10:00,115,41.09,79.43,166.14,0.37,138.7,8.15,,,,
2025-11-14 11:00,118,42.52,81.62,169.13,0.42,140.97,8.26,,,,
2025-11-14 12:00,119,42.84,82.0,169.88,0.49,142.17,8.21,,,,
2025-11-14 13:00,119,42.89,81.91,170.58,0.52,142.82,8.2,,,,
2025-11-14 14:00,118,42.56,81.08,170.28,0.45,142.87,8.1,,,,
2025-11-14 15:00,116,41.76,79.28,169.04,0.41,142.41,7.92,,,,
2025-11-14 16:00,114,40.83,77.13,167.35,0.38,141.77,7.7,,,,
2025-11-14 17:00,112,39.99,75.35,165.98,0.37,141.21,7.51,,,,
2025-11-14 18:00,110,39.25,73.81,164.61,0.36,140.54,7.32,,,,
2025-11-14 19:00,109,38.65,72.69,163.84,0.35,140.08,7.18,,,,
2025-11-14 20:00,108,38.15,71.89,163.32,0.35,139.38,7.06,,,,
2025-11-14 21:00,106,37.68,71.21,163.08,0.35,138.72,7.0,,,,
2025-11-14 22:00,105,37.07,70.23,162.5,0.35,138.42,7.0,,,,
2025-11-14 23:00,103,36.35,69.07,161.98,0.35,137.87,7.03,,,,
2025-11-15 00:00,101,35.6,67.98,161.34,0.36,137.48,7.1,,,,
2025-11-15 00:00,101,35.6,67.98,161.34,0.36,137.48,7.1,,,,
2025-11-15 01:00,99,35.06,67.48,161.45,0.37,137.58,7.24,,,,
2025-11-15 02:00,98,34.5,67.0,161.68,0.38,137.31,7.28,,,,
2025-11-15 03:00,97,33.83,66.26,160.89,0.5,136.69,7.15,,,,
2025-11-15 04:00,96,33.48,66.34,160.89,0.58,135.72,7.11,,,,
2025-11-15 05:00,97,33.95,68.02,162.96,0.63,135.51,7.33,,,,
2025-11-15 06:00,99,34.96,70.74,165.99,0.62,136.48,7.56,,,,
2025-11-15 07:00,103,36.36,73.8,168.4,0.56,137.68,7.68,,,,
2025-11-15 08:00,107,38.04,77.12,171.91,0.52,138.97,7.78,,,,
2025-11-15 09:00,112,39.99,81.18,175.41,0.52,140.71,7.94,,,,
2025-11-15 10:00,116,41.41,84.56,176.93,0.54,142.48,7.95,,,,
2025-11-15 11:00,117,41.82,86.27,174.52,0.58,143.31,7.83,,,,
2025-11-15 12:00,116,41.74,87.25,171.82,0.66,143.48,7.73,,,,
2025-11-15 13:00,115,41.35,87.87,167.96,0.66,143.11,7.57,,,,
2025-11-15 14:00,114,40.78,87.85,163.99,0.55,142.08,7.3,,,,
2025-11-15 15:00,113,40.21,87.38,161.14,0.49,141.06,7.06,,,,
2025-11-15 16:00,112,39.92,87.64,158.86,0.46,140.38,6.91,,,,
2025-11-15 17:00,112,39.96,88.74,157.92,0.46,139.77,6.91,,,,
2025-11-15 18:00,113,40.19,90.4,157.86,0.46,139.36,7.05,,,,
2025-11-15 19:00,114,40.58,92.57,158.86,0.48,139.21,7.32,,,,
2025-11-15 20:00,115,41.22,95.74,161.68,0.54,138.89,7.83,,,,
2025-11-15 21:00,117,42.13,99.77,168.29,0.68,138.37,8.67,,,,
2025-11-15 22:00,120,43.22,104.79,176.39,0.85,137.92,9.8,,,,
2025-11-15 23:00,123,44.52,110.87,185.7,1.04,136.57,10.94,,,,
2025-11-16 00:00,127,45.86,117.39,195.37,1.21,134.47,11.79,,,,
2025-11-16 00:00,127,45.86,117.39,195.37,1.21,134.47,11.79,,,,
2025-11-16 01:00,130,47.09,123.62,203.0,1.3,131.91,12.13,,,,
2025-11-16 02:00,131,47.83,127.79,205.4,1.29,130.22,11.86,,,,
2025-11-16 03:00,132,48.08,129.93,204.06,1.57,129.03,11.28,,,,
2025-11-16 04:00,133,48.65,132.2,206.15,1.86,127.53,10.64,,,,
2025-11-16 05:00,138,50.53,137.15,214.98,1.99,127.56,10.26,,,,
2025-11-16 06:00,145,53.17,141.97,222.86,1.87,130.74,9.95,,,,
2025-11-16 07:00,152,56.8,147.22,229.71,1.58,135.91,9.88,,,,
2025-11-16 08:00,154,61.37,153.35,236.75,1.28,141.78,9.98,,,,
2025-11-16 09:00,156,64.6,155.98,239.04,1.07,146.47,9.84,,,,
2025-11-16 10:00,157,66.28,155.53,238.91,1.01,151.11,9.63,,,,
2025-11-16 11:00,157,66.93,153.48,239.27,1.08,155.05,9.52,,,,
2025-11-16 12:00,157,66.24,149.61,236.96,1.23,157.2,9.5,,,,
2025-11-16 13:00,156,64.74,144.65,233.36,1.27,157.78,9.49,,,,
2025-11-16 14:00,155,62.46,139.08,225.98,0.99,156.98,9.33,,,,
2025-11-16 15:00,153,59.95,133.93,216.46,0.8,155.67,9.05,,,,
2025-11-16 16:00,500,55.42,125.12,200.48,0.67,152.87,8.44,,,,
2025-11-16 17:00,142,52.33,120.09,190.27,0.65,151.22,8.39,,,,
2025-11-16 18:00,140,51.41,120.17,187.22,0.71,150.79,9.09,,,,
2025-11-16 19:00,139,50.89,121.5,187.83,0.81,150.96,10.1,,,,
2025-11-16 20:00,139,51.03,124.42,192.93,0.99,149.61,10.96,,,,
2025-11-16 21:00,140,51.41,128.62,200.99,1.21,147.04,11.74,,,,
2025-11-16 22:00,140,51.52,132.61,207.29,1.36,143.73,12.18,,,,
2025-11-16 23:00,140,51.21,135.47,211.66,1.45,140.03,12.26,,,,
2025-11-17 00:00,138,50.55,136.86,215.09,1.51,136.13,12.09,,,,
2025-11-17 00:00,138,50.55,136.86,215.09,1.51,136.13,12.09,,,,
2025-11-17 01:00,136,49.75,136.83,217.25,1.53,132.59,11.72,,,,
2025-11-17 02:00,134,48.84,135.58,217.92,1.49,129.87,11.33,,,,
2025-11-17 03:00,132,47.96,133.34,217.22,1.84,128.66,10.95,,,,
2025-11-17 04:00,130,47.36,130.85,217.95,2.05,127.83,10.6,,,,
2025-11-17 05:00,132,47.92,130.48,223.13,1.99,129.25,10.33,,,,
2025-11-17 06:00,135,49.43,131.07,227.73,1.71,133.07,10.13,,,,
2025-11-17 07:00,141,51.6,132.06,228.34,1.29,138.07,10.06,,,,
2025-11-17 08:00,147,54.14,133.62,227.44,0.97,142.38,10.1,,,,
2025-11-17 09:00,151,55.8,133.29,224.29,0.82,145.51,10.07,,,,
2025-11-17 10:00,151,55.65,130.01,216.35,0.75,148.06,9.75,,,,
2025-11-17 11:00,146,53.79,124.11,205.93,0.73,148.72,9.1,,,,
2025-11-17 12:00,141,51.77,118.48,197.7,0.76,148.22,8.58,,,,
2025-11-17 13:00,135,49.18,111.89,189.26,0.74,146.96,8.03,,,,
2025-11-17 14:00,128,46.49,105.17,181.29,0.58,145.2,7.46,,,,
2025-11-17 15:00,124,44.66,100.55,175.51,0.49,143.49,7.07,,,,
2025-11-17 16:00,120,43.18,96.7,171.42,0.43,141.81,6.77,,,,
2025-11-17 17:00,117,41.94,93.42,168.08,0.4,140.36,6.51,,,,
2025-11-17 18:00,114,40.75,90.6,164.53,0.37,138.81,6.25,,,,
2025-11-17 19:00,111,39.64,87.96,161.52,0.34,137.35,5.97,,,,
2025-11-17 20:00,109,38.73,85.85,158.72,0.31,136.07,5.77,,,,
2025-11-17 21:00,107,38.01,84.08,156.79,0.3,134.93,5.63,,,,
2025-11-17 22:00,106,37.36,82.58,155.1,0.28,133.91,5.55,,,,
2025-11-17 23:00,104,36.76,81.05,153.41,0.27,133.02,5.52,,,,
2025-11-18 00:00,103,36.27,79.77,152.43,0.26,132.46,5.54,,,,
2025-11-18 00:00,103,36.27,79.77,152.43,0.26,132.46,5.54,,,,
2025-11-18 01:00,102,35.95,78.88,151.54,0.26,132.1,5.62,,,,
2025-11-18 02:00,101,35.6,78.29,150.91,0.25,131.39,5.73,,,,
2025-11-18 03:00,99,35.15,77.6,149.93,0.32,130.67,5.82,,,,
2025-11-18 04:00,99,34.77,77.31,149.62,0.36,128.83,6.0,,,,
2025-11-18 05:00,99,34.75,78.05,150.64,0.39,127.46,6.3,,,,
2025-11-18 06:00,99,35.08,79.56,153.67,0.43,126.3,6.69,,,,
2025-11-18 07:00,101,35.7,81.34,155.6,0.43,126.23,7.05,,,,
2025-11-18 08:00,104,36.82,83.6,158.83,0.43,126.9,7.52,,,,
2025-11-18 09:00,109,38.57,86.24,164.39,0.45,129.59,8.24,,,,
2025-11-18 10:00,112,40.11,87.82,168.89,0.49,132.95,8.71,,,,
2025-11-18 11:00,114,40.78,87.35,170.83,0.55,135.63,8.8,,,,
2025-11-18 12:00,114,40.94,85.87,172.63,0.64,138.01,8.82,,,,
2025-11-18 13:00,114,40.72,83.65,174.25,0.69,140.21,8.8,,,,
2025-11-18 14:00,113,40.27,80.87,175.34,0.6,141.88,8.68,,,,
2025-11-18 15:00,111,39.75,77.98,176.04,0.54,143.31,8.5,,,,
2025-11-18 16:00,110,39.26,75.08,176.37,0.51,144.56,8.35,,,,
2025-11-18 17:00,109,38.82,72.88,176.3,0.48,145.48,8.17,,,,
2025-11-18 18:00,108,38.49,71.61,175.63,0.46,145.52,8.0,,,,
2025-11-18 19:00,108,38.29,71.05,174.87,0.44,145.12,7.84,,,,
2025-11-18 20:00,108,38.25,71.21,173.9,0.42,144.8,7.74,,,,
2025-11-18 21:00,108,38.29,71.89,173.55,0.41,144.07,7.76,,,,
2025-11-18 22:00,108,38.3,72.63,173.1,0.39,143.3,7.84,,,,
2025-11-18 23:00,108,38.33,73.58,173.38,0.39,142.22,7.98,,,,
2025-11-19 00:00,108,38.4,74.82,173.24,0.39,140.68,8.15,,,,
2025-11-19 00:00,108,38.4,74.82,173.24,0.39,140.68,8.15,,,,
2025-11-19 01:00,108,38.5,76.42,173.5,0.39,139.17,8.4,,,,
2025-11-19 02:00,109,38.67,78.18,173.92,0.39,137.49,8.68,,,,
2025-11-19 03:00,109,38.77,79.66,174.29,0.49,136.07,8.86,,,,
2025-11-19 04:00,109,38.91,81.05,174.93,0.55,134.53,9.05,,,,
2025-11-19 05:00,111,39.66,83.31,177.28,0.55,133.95,9.28,,,,
2025-11-19 06:00,114,40.93,86.05,180.34,0.51,134.04,9.48,,,,
2025-11-19 07:00,118,42.46,88.66,183.44,0.45,134.78,9.56,,,,
2025-11-19 08:00,122,44.22,91.2,187.12,0.41,135.66,9.63,,,,
2025-11-19 09:00,127,46.23,94.05,192.91,0.42,137.05,9.78,,,,
2025-11-19 10:00,131,47.86,96.0,197.28,0.45,138.74,9.78,,,,
2025-11-19 11:00,133,48.6,96.49,199.12,0.49,139.56,9.58,,,,
2025-11-19 12:00,134,49.0,96.5,201.13,0.57,140.18,9.43,,,,
2025-11-19 13:00,135,49.12,96.13,202.94,0.6,140.51,9.27,,,,
2025-11-19 14:00,134,48.92,95.25,203.02,0.52,140.25,9.02,,,,
2025-11-19 15:00,132,48.26,93.47,201.39,0.46,139.69,8.64,,,,
2025-11-19 16:00,130,47.48,91.32,199.55,0.42,139.01,8.29,,,,
2025-11-19 17:00,128,46.57,88.91,197.33,0.4,138.36,7.94,,,,
2025-11-19 18:00,125,45.24,85.89,193.09,0.37,137.2,7.48,,,,
2025-11-19 19:00,121,43.58,82.12,188.21,0.34,136.11,7.09,,,,
2025-11-19 20:00,117,41.84,78.44,182.92,0.31,134.94,6.69,,,,
2025-11-19 21:00,112,40.13,75.1,177.11,0.29,133.71,6.25,,,,
2025-11-19 22:00,109,38.58,72.05,171.82,0.27,132.59,5.89,,,,
2025-11-19 23:00,106,37.56,69.99,168.37,0.26,131.87,5.76,,,,
2025-11-20 00:00,105,37.27,69.57,167.23,0.26,131.71,5.91,,,,
2025-11-20 00:00,105,37.27,69.57,167.23,0.26,131.71,5.91,,,,
2025-11-20 01:00,106,37.64,70.49,168.12,0.28,131.9,6.34,,,,
2025-11-20 02:00,108,38.34,72.01,169.95,0.29,131.99,6.86,,,,
2025-11-20 03:00,110,39.03,73.48,171.91,0.38,131.62,7.32,,,,
2025-11-20 04:00,111,39.74,75.17,173.66,0.46,130.9,7.84,,,,
2025-11-20 05:00,114,40.83,77.52,176.9,0.53,130.4,8.4,,,,
2025-11-20 06:00,118,42.31,80.37,180.49,0.54,130.96,8.88,,,,
2025-11-20 07:00,122,44.1,83.25,183.73,0.5,132.37,9.17,,,,
2025-11-20 08:00,127,46.15,86.38,187.89,0.46,133.9,9.36,,,,
2025-11-20 09:00,133,48.55,90.13,193.61,0.47,136.62,9.68,,,,
2025-11-20 10:00,138,50.5,92.91,197.26,0.49,139.41,9.76,,,,
2025-11-20 11:00,140,51.37,93.76,197.04,0.53,141.0,9.52,,,,
2025-11-20 12:00,141,51.76,93.91,195.9,0.6,142.42,9.34,,,,
2025-11-20 13:00,141,51.69,93.01,194.43,0.62,143.36,9.09,,,,
2025-11-20 14:00,139,50.98,91.13,191.43,0.52,142.32,8.56,,,,
2025-11-20 15:00,136,49.84,88.36,187.56,0.44,140.9,7.92,,,,
2025-11-20 16:00,133,48.62,85.56,183.07,0.4,138.85,7.37,,,,
2025-11-20 17:00,130,47.41,83.01,179.27,0.37,136.9,6.86,,,,
2025-11-20 18:00,127,46.05,80.42,174.89,0.34,134.6,6.3,,,,
2025-11-20 19:00,123,44.59,77.92,170.35,0.31,132.1,5.81,,,,
2025-11-20 20:00,120,43.2,75.87,165.63,0.28,129.68,5.39,,,,
2025-11-20 21:00,116,41.71,74.01,160.55,0.26,127.06,5.07,,,,
2025-11-20 22:00,115,41.29,75.18,160.36,0.27,126.77,5.76,,,,
2025-11-20 23:00,116,41.67,78.03,162.69,0.31,127.07,6.85,,,,
2025-11-21 00:00,117,41.99,80.54,163.95,0.34,125.86,7.58,,,,
2025-11-21 00:00,117,41.99,80.54,163.95,0.34,125.86,7.58,,,,
2025-11-21 01:00,119,42.92,84.31,167.38,0.41,124.87,8.47,,,,
2025-11-21 02:00,122,44.04,88.31,174.08,0.5,123.32,9.33,,,,
2025-11-21 03:00,126,45.74,93.35,185.05,0.76,122.22,10.35,,,,
2025-11-21 04:00,135,49.11,101.66,207.35,1.2,121.86,12.14,,,,
2025-11-21 05:00,148,54.65,113.98,238.65,1.55,125.55,14.57,,,,
2025-11-21 06:00,154,61.78,128.27,268.04,1.6,133.54,16.69,,,,
2025-11-21 07:00,158,69.19,141.49,287.89,1.36,143.52,18.0,,,,
2025-11-21 08:00,162,76.59,153.48,305.54,1.17,152.63,18.83,,,,
2025-11-21 09:00,165,83.58,164.99,319.8,1.1,161.39,19.5,,,,
2025-11-21 10:00,168,88.18,172.55,323.82,1.13,168.73,19.82,,,,
2025-11-21 11:00,169,89.72,174.58,319.15,1.24,173.06,19.6,,,,
2025-11-21 12:00,169,89.6,173.82,313.07,1.4,175.01,19.22,,,,
2025-11-21 13:00,167,87.3,168.88,301.5,1.36,174.99,18.43,,,,
2025-11-21 14:00,166,84.05,162.13,286.9,1.04,173.32,17.39,,,,
2025-11-21 15:00,164,81.62,156.9,274.91,0.86,172.01,16.52,,,,
2025-11-21 16:00,164,80.38,154.05,268.08,0.79,170.76,15.98,,,,
2025-11-21 17:00,164,80.84,154.23,268.02,0.77,170.46,15.95,,,,
2025-11-21 18:00,164,81.15,154.31,268.02,0.75,169.85,15.88,,,,
2025-11-21 19:00,164,81.09,154.07,267.16,0.73,168.31,15.75,,,,
2025-11-21 20:00,164,81.33,155.09,272.96,0.83,166.69,16.15,,,,
2025-11-21 21:00,165,82.26,158.35,294.45,1.15,163.61,17.47,,,,
2025-11-21 22:00,165,83.35,163.98,316.68,1.49,159.58,21.15,,,,
2025-11-21 23:00,166,85.23,171.11,347.82,1.83,153.84,23.27,,,,
2025-11-22 00:00,168,88.18,181.07,384.47,2.15,147.29,23.33,,,,
2025-11-22 00:00,168,88.18,181.07,384.47,2.15,147.29,23.33,,,,
2025-11-22 01:00,170,91.7,194.68,410.92,2.35,140.39,22.15,,,,
2025-11-22 02:00,171,95.02,209.72,415.88,2.32,134.21,20.44,,,,
2025-11-22 03:00,173,97.83,223.55,407.15,2.58,130.1,18.68,,,,
2025-11-22 04:00,174,100.76,236.7,392.72,2.9,127.66,16.8,,,,
2025-11-22 05:00,176,104.12,248.8,375.52,2.74,128.93,14.91,,,,
2025-11-22 06:00,178,107.84,258.89,356.9,2.23,133.62,13.17,,,,
2025-11-22 07:00,180,112.11,266.79,343.58,1.66,139.47,11.79,,,,
2025-11-22 08:00,183,116.85,274.03,340.11,1.3,145.25,10.75,,,,
2025-11-22 09:00,185,121.32,279.96,338.88,1.14,150.77,10.19,,,,
2025-11-22 10:00,186,124.13,280.97,337.11,1.12,156.81,10.16,,,,
2025-11-22 11:00,187,124.8,276.96,333.95,1.2,161.28,10.41,,,,
2025-11-22 12:00,186,123.02,268.4,327.01,1.33,163.71,10.72,,,,
2025-11-22 13:00,184,118.95,255.36,315.29,1.3,164.32,10.97,,,,
2025-11-22 14:00,183,116.94,246.94,311.34,1.04,164.67,11.41,,,,
2025-11-22 15:00,182,114.91,238.75,307.84,0.87,164.92,11.79,,,,
2025-11-22 16:00,181,112.67,230.8,305.15,0.78,164.54,11.93,,,,
2025-11-22 17:00,180,111.09,224.4,304.09,0.72,164.25,11.84,,,,
2025-11-22 18:00,179,109.43,217.86,303.61,0.66,163.96,11.6,,,,
2025-11-22 19:00,178,107.26,210.51,300.46,0.59,163.22,11.16,,,,
2025-11-22 20:00,177,105.15,203.14,296.48,0.54,162.1,10.64,,,,
2025-11-22 21:00,175,102.37,194.85,290.07,0.48,160.62,9.97,,,,
2025-11-22 22:00,172,96.71,181.41,276.14,0.41,157.73,9.12,,,,
2025-11-22 23:00,169,90.47,167.99,260.08,0.35,154.33,8.2,,,,
2025-11-23 00:00,166,84.99,157.59,246.93,0.32,150.83,7.39,,,,
2025-11-23 00:00,166,84.99,157.59,246.93,0.32,150.83,7.39,,,,
2025-11-23 01:00,164,80.29,149.33,236.87,0.33,147.91,6.97,,,,
2025-11-23 02:00,162,76.84,144.14,229.95,0.34,145.43,6.75,,,,
2025-11-23 03:00,161,74.58,141.42,226.99,0.43,143.25,6.56,,,,
2025-11-23 04:00,160,73.65,141.0,228.65,0.55,141.03,6.77,,,,
2025-11-23 05:00,161,74.95,144.43,237.08,0.62,140.35,7.44,,,,
2025-11-23 06:00,163,78.52,151.5,249.55,0.59,140.85,8.19,,,,
2025-11-23 07:00,165,82.93,159.35,260.83,0.5,141.79,8.67,,,,
2025-11-23 08:00,168,87.6,166.91,271.01,0.44,142.41,8.87,,,,
2025-11-23 09:00,170,92.63,174.74,281.89,0.43,143.29,8.97,,,,
2025-11-23 10:00,172,96.33,179.12,289.43,0.46,143.76,8.8,,,,
2025-11-23 11:00,173,97.87,179.29,291.92,0.52,143.73,8.59,,,,
2025-11-23 12:00,173,98.51,178.34,292.28,0.59,143.81,8.39,,,,
2025-11-23 13:00,173,98.76,177.05,292.95,0.6,143.84,8.21,,,,
2025-11-23 14:00,173,98.7,176.28,292.31,0.51,143.43,7.97,,,,
2025-11-23 15:00,173,97.35,174.23,287.52,0.44,142.76,7.55,,,,
2025-11-23 16:00,171,94.72,171.3,277.3,0.37,143.66,7.21,,,,
2025-11-23 17:00,170,92.65,166.07,270.3,0.35,143.83,6.87,,,,
2025-11-23 18:00,170,91.48,162.43,266.44,0.33,144.05,6.65,,,,
2025-11-23 19:00,169,90.42,159.09,263.11,0.32,144.13,6.51,,,,
2025-11-23 20:00,169,90.47,157.9,263.76,0.32,144.79,6.64,,,,
2025-11-23 21:00,170,92.03,159.55,269.64,0.37,145.81,7.34,,,,
2025-11-23 22:00,171,94.24,163.34,278.91,0.49,147.25,8.97,,,,
2025-11-23 23:00,173,97.41,170.01,294.18,0.64,148.51,11.02,,,,
2025-11-24 00:00,175,101.89,180.3,318.88,0.84,149.62,13.47,,,,
2025-11-24 00:00,175,101.89,180.3,318.88,0.84,149.62,13.47,,,,
2025-11-24 01:00,178,107.64,194.86,349.5,1.04,150.6,16.13,,,,
2025-11-24 02:00,180,112.42,208.61,376.48,1.17,150.45,18.05,,,,
2025-11-24 03:00,182,114.75,217.66,392.9,1.45,149.22,18.9,,,,
2025-11-24 04:00,181,114.23,220.91,396.91,1.82,147.42,18.56,,,,
2025-11-24 05:00,180,111.84,219.29,390.28,1.88,147.18,17.39,,,,
2025-11-24 06:00,179,109.13,214.82,379.12,1.69,149.44,16.14,,,,
2025-11-24 07:00,177,106.27,208.48,364.17,1.36,153.47,14.96,,,,
2025-11-24 08:00,176,103.44,201.45,349.11,1.11,157.3,14.0,,,,
2025-11-24 09:00,174,100.21,193.5,335.5,0.99,160.46,13.27,,,,
2025-11-24 10:00,172,96.03,183.6,321.37,0.98,163.34,12.64,,,,
2025-11-24 11:00,169,91.17,172.56,308.98,1.05,164.66,12.11,,,,
2025-11-24 12:00,167,86.82,163.35,299.79,1.2,165.12,11.81,,,,
2025-11-24 13:00,165,83.23,156.59,294.33,1.27,164.95,11.67,,,,
2025-11-24 14:00,164,80.69,152.71,290.2,1.13,164.17,11.57,,,,
2025-11-24 15:00,163,79.33,151.53,288.44,1.06,163.44,11.53,,,,
2025-11-24 16:00,163,78.81,152.79,287.7,1.04,162.27,11.59,,,,
2025-11-24 17:00,163,79.13,156.81,290.34,1.13,160.66,11.92,,,,
2025-11-24 18:00,164,79.75,161.56,297.38,1.36,158.09,12.48,,,,
2025-11-24 19:00,164,79.88,165.4,305.49,1.64,154.53,12.98,,,,
2025-11-24 20:00,163,79.27,167.63,311.01,1.86,149.83,13.15,,,,
2025-11-24 21:00,162,77.55,166.87,308.71,1.93,144.78,12.84,,,,
2025-11-24 22:00,161,74.9,163.03,299.67,1.81,140.78,12.11,,,,
2025-11-24 23:00,159,71.94,157.26,288.74,1.64,137.83,11.31,,,,
2025-11-25 00:00,158,68.85,150.33,277.1,1.47,135.53,10.6,,,,
2025-11-25 00:00,158,68.85,150.33,277.1,1.47,135.53,10.6,,,,
2025-11-25 01:00,156,65.77,142.98,266.0,1.33,134.25,9.98,,,,
2025-11-25 02:00,155,63.23,136.46,256.86,1.23,133.45,9.5,,,,
2025-11-25 03:00,154,61.41,131.6,250.26,1.53,133.63,9.14,,,,
2025-11-25 04:00,153,60.15,127.9,245.06,1.81,134.48,8.81,,,,
2025-11-25 05:00,153,60.13,126.96,243.89,1.82,137.94,8.62,,,,
2025-11-25 06:00,155,62.37,130.9,249.63,1.73,143.5,8.78,,,,
2025-11-25 07:00,156,65.55,136.29,257.63,1.54,149.77,9.11,,,,
2025-11-25 08:00,158,69.09,141.95,266.86,1.33,156.03,9.47,,,,
2025-11-25 09:00,159,71.5,144.79,273.76,1.19,161.61,9.66,,,,
2025-11-25 10:00,159,71.8,143.2,275.39,1.14,165.28,9.63,,,,
2025-11-25 11:00,159,70.46,138.87,272.13,1.21,166.28,9.5,,,,
2025-11-25 12:00,158,68.85,134.92,268.22,1.41,165.81,9.52,,,,
2025-11-25 13:00,157,67.59,132.2,266.02,1.55,164.73,9.76,,,,
2025-11-25 14:00,157,66.54,130.19,264.14,1.44,162.52,10.14,,,,
2025-11-25 15:00,156,66.0,129.53,264.75,1.44,160.37,10.66,,,,
2025-11-25 16:00,156,65.73,129.88,267.86,1.55,157.64,11.25,,,,
2025-11-25 17:00,156,65.69,130.86,273.05,1.7,154.48,11.79,,,,
2025-11-25 18:00,156,65.82,131.96,277.88,1.78,151.17,12.12,,,,
2025-11-25 19:00,156,66.05,132.66,281.13,1.75,148.57,12.23,,,,
2025-11-25 20:00,156,66.14,132.49,284.09,1.71,146.12,12.24,,,,
2025-11-25 21:00,156,65.88,130.91,285.05,1.63,143.71,12.17,,,,
2025-11-25 22:00,156,64.9,127.27,281.01,1.5,142.02,11.87,,,,
2025-11-25 23:00,155,63.8,123.34,275.59,1.38,140.99,11.49,,,,
2025-11-26 00:00,155,62.79,120.38,269.21,1.27,140.16,11.0,,,,
2025-11-26 00:00,155,62.79,120.38,269.21,1.27,140.16,11.0,,,,
2025-11-26 01:00,154,61.92,119.04,263.17,1.18,139.55,10.43,,,,
2025-11-26 02:00,154,61.07,118.8,257.53,1.12,139.09,9.87,,,,
2025-11-26 03:00,153,60.13,118.8,253.19,1.35,138.79,9.39,,,,
2025-11-26 04:00,153,59.62,120.65,252.55,1.74,137.83,9.12,,,,
2025-11-26 05:00,154,60.4,125.42,257.71,1.99,138.09,9.13,,,,
2025-11-26 06:00,154,61.73,130.0,265.44,2.05,140.91,9.26,,,,
2025-11-26 07:00,155,63.17,132.8,271.51,1.92,145.42,9.45,,,,
2025-11-26 08:00,156,64.7,134.39,275.4,1.65,150.85,9.57,,,,
2025-11-26 09:00,156,65.78,133.87,276.72,1.41,155.72,9.49,,,,
2025-11-26 10:00,156,65.64,130.11,274.37,1.27,159.7,9.31,,,,
2025-11-26 11:00,156,64.5,124.67,269.65,1.25,161.47,9.08,,,,
2025-11-26 12:00,155,63.4,120.43,266.35,1.32,161.88,8.89,,,,
2025-11-26 13:00,154,61.66,115.28,260.33,1.26,161.04,8.64,,,,
2025-11-26 14:00,153,60.05,110.72,253.84,1.0,159.33,8.38,,,,
2025-11-26 15:00,153,59.19,108.35,250.6,0.86,158.43,8.27,,,,
2025-11-26 16:00,153,58.44,106.65,248.22,0.81,157.21,8.25,,,,
2025-11-26 17:00,152,57.53,105.37,247.1,0.82,155.5,8.4,,,,
2025-11-26 18:00,152,56.59,104.89,249.66,0.98,153.33,8.82,,,,
2025-11-26 19:00,151,55.57,105.38,254.35,1.21,150.46,9.45,,,,
2025-11-26 20:00,147,54.28,106.15,260.23,1.45,146.87,9.96,,,,
2025-11-26 21:00,143,52.71,106.67,264.91,1.61,142.93,10.18,,,,
2025-11-26 22:00,139,50.88,106.04,264.16,1.63,139.03,10.01,,,,
2025-11-26 23:00,134,48.96,104.19,259.2,1.55,136.03,9.57,,,,
2025-11-27 00:00,130,47.15,101.69,252.05,1.45,133.53,9.07,,,,
2025-11-27 00:00,130,47.15,101.69,252.05,1.45,133.53,9.07,,,,
2025-11-27 01:00,126,45.67,99.2,244.21,1.36,131.59,8.58,,,,
2025-11-27 02:00,124,45.04,97.99,237.88,1.29,131.06,8.18,,,,
2025-11-27 03:00,126,45.5,98.88,233.67,1.57,132.11,7.87,,,,
2025-11-27 04:00,130,47.09,102.44,231.66,1.86,133.91,7.73,,,,
2025-11-27 05:00,137,50.18,109.37,234.91,1.9,137.88,7.89,,,,
2025-11-27 06:00,147,54.04,116.99,242.22,1.86,143.07,8.22,,,,
2025-11-27 07:00,152,57.85,122.74,250.19,1.69,148.39,8.61,,,,
2025-11-27 08:00,154,61.56,126.82,260.05,1.5,154.13,9.01,,,,
2025-11-27 09:00,156,64.4,127.33,268.29,1.38,158.88,9.22,,,,
2025-11-27 10:00,156,65.83,124.84,272.24,1.34,162.51,9.23,,,,
2025-11-27 11:00,156,65.46,120.15,269.49,1.44,162.81,9.09,,,,
2025-11-27 12:00,156,64.39,116.08,265.62,1.67,161.08,9.04,,,,
2025-11-27 13:00,155,63.59,113.41,263.94,1.82,158.67,9.08,,,,
2025-11-27 14:00,155,63.1,112.08,264.72,1.69,155.54,9.15,,,,
2025-11-27 15:00,155,63.43,112.83,268.99,1.66,152.76,9.31,,,,
2025-11-27 16:00,156,64.7,115.43,276.45,1.73,150.33,9.52,,,,
2025-11-27 17:00,157,66.64,119.71,287.0,1.86,148.15,9.84,,,,
2025-11-27 18:00,158,68.38,123.25,295.04,1.88,146.67,10.11,,,,
2025-11-27 19:00,158,69.11,124.05,298.02,1.79,145.53,10.24,,,,
2025-11-27 20:00,158,69.67,123.94,299.42,1.67,145.57,10.47,,,,
2025-11-27 21:00,159,70.31,124.19,300.47,1.56,145.98,10.78,,,,
2025-11-27 22:00,159,71.09,125.31,301.12,1.43,146.16,11.1,,,,
2025-11-27 23:00,160,72.01,127.45,303.03,1.32,146.38,11.39,,,,
2025-11-28 00:00,160,72.93,129.84,304.35,1.23,146.09,11.61,,,,
2025-11-28 00:00,160,72.93,129.84,304.35,1.23,146.09,11.61,,,,
2025-11-28 01:00,160,73.56,131.72,305.24,1.18,145.52,11.77,,,,
2025-11-28 02:00,161,74.48,134.05,307.98,1.18,144.97,12.01,,,,
2025-11-28 03:00,161,75.17,135.85,310.36,1.47,144.53,12.19,,,,
2025-11-28 04:00,162,77.37,142.76,320.87,2.11,143.0,13.03,,,,
2025-11-28 05:00,165,81.8,155.0,340.36,2.74,142.85,14.59,,,,
2025-11-28 06:00,166,85.27,162.26,357.24,3.03,146.9,15.49,,,,
2025-11-28 07:00,168,87.86,164.9,368.3,2.86,154.16,15.79,,,,
2025-11-28 08:00,169,89.98,165.05,375.79,2.49,162.74,15.89,,,,
2025-11-28 09:00,169,91.1,163.38,381.6,2.22,170.29,15.92,,,,
2025-11-28 10:00,168,88.3,153.96,370.8,1.94,174.02,14.91,,,,
2025-11-28 11:00,165,82.16,138.86,346.1,1.81,171.71,13.17,,,,
2025-11-28 12:00,162,76.85,127.34,327.65,1.99,167.99,12.17,,,,
2025-11-28 13:00,160,72.05,117.97,312.34,2.1,163.68,11.53,,,,
2025-11-28 14:00,158,68.27,111.31,302.53,1.86,158.8,11.23,,,,
2025-11-28 15:00,156,65.82,107.48,297.82,1.76,154.58,11.18,,,,
2025-11-28 16:00,156,64.25,105.39,297.35,1.75,150.82,11.11,,,,
2025-11-28 17:00,155,63.52,104.91,299.83,1.77,147.28,11.03,,,,
2025-11-28 18:00,155,63.95,106.67,305.15,1.74,144.6,11.05,,,,
2025-11-28 19:00,156,64.49,108.65,308.43,1.67,142.3,11.06,,,,
2025-11-28 20:00,156,65.01,110.25,310.73,1.61,140.8,11.09,,,,
2025-11-28 21:00,156,65.03,110.37,309.59,1.52,139.81,10.97,,,,
2025-11-28 22:00,155,64.14,108.4,303.4,1.38,139.04,10.69,,,,
2025-11-28 23:00,155,62.95,105.73,296.67,1.25,138.65,10.39,,,,
2025-11-29 00:00,154,61.82,103.29,290.18,1.13,138.26,10.15,,,,
2025-11-29 00:00,154,61.82,103.29,290.18,1.13,138.26,10.15,,,,
2025-11-29 01:00,154,61.8,103.19,288.64,1.09,138.28,10.21,,,,
2025-11-29 02:00,155,63.38,106.69,292.19,1.12,139.41,10.65,,,,
2025-11-29 03:00,156,65.25,111.25,296.22,1.4,140.6,11.1,,,,
2025-11-29 04:00,157,66.89,116.05,298.63,1.81,141.39,11.52,,,,
2025-11-29 05:00,158,68.76,120.61,301.56,1.91,143.67,11.95,,,,
2025-11-29 06:00,159,70.74,124.26,305.09,1.81,147.54,12.26,,,,
2025-11-29 07:00,159,71.55,123.91,303.6,1.51,152.37,12.21,,,,
2025-11-29 08:00,160,72.26,123.04,301.87,1.22,156.81,12.05,,,,
2025-11-29 09:00,160,72.91,122.43,302.05,1.09,160.12,11.93,,,,
2025-11-29 10:00,160,72.61,120.2,299.77,1.1,162.97,11.76,,,,
2025-11-29 11:00,159,71.0,116.34,295.39,1.24,163.55,11.6,,,,
2025-11-29 12:00,158,69.28,113.12,292.09,1.49,162.65,11.61,,,,
2025-11-29 13:00,157,67.25,109.86,289.15,1.66,159.74,11.56,,,,
2025-11-29 14:00,156,65.21,106.93,286.7,1.54,154.67,11.51,,,,
2025-11-29 15:00,156,64.28,106.09,288.28,1.5,151.38,11.76,,,,
2025-11-29 16:00,155,63.76,105.96,289.39,1.43,148.24,11.84,,,,
2025-11-29 17:00,155,63.3,106.03,290.52,1.34,144.71,11.6,,,,
2025-11-29 18:00,155,63.74,107.97,294.6,1.29,141.94,11.45,,,,
2025-11-29 19:00,156,65.25,112.02,301.03,1.26,140.08,11.45,,,,
2025-11-29 20:00,157,67.96,118.58,310.98,1.25,138.56,11.59,,,,
2025-11-29 21:00,159,70.94,125.76,321.05,1.22,136.88,11.62,,,,
2025-11-29 22:00,160,73.53,131.99,328.91,1.23,135.17,11.68,,,,
2025-11-29 23:00,162,75.99,137.71,336.79,1.32,133.51,11.98,,,,
2025-11-30 00:00,162,77.71,141.51,341.96,1.38,132.21,12.29,,,,
2025-11-30 00:00,162,77.71,141.51,341.96,1.38,132.21,12.29,,,,
2025-11-30 01:00,163,78.41,142.81,342.79,1.43,131.28,12.52,,,,
2025-11-30 02:00,163,78.18,142.1,340.46,1.44,131.03,12.67,,,,
2025-11-30 03:00,162,77.12,139.51,334.67,1.76,131.19,12.72,,,,
2025-11-30 04:00,161,75.65,136.16,326.31,2.18,131.89,12.6,,,,
2025-11-30 05:00,161,74.73,133.68,320.63,2.35,134.25,12.46,,,,
2025-11-30 06:00,161,74.49,132.28,315.77,2.3,138.75,12.43,,,,
2025-11-30 07:00,161,74.51,130.98,311.23,2.03,144.54,12.49,,,,
2025-11-30 08:00,161,75.05,130.29,308.33,1.73,150.78,12.67,,,,
2025-11-30 09:00,161,75.68,129.64,307.21,1.56,156.51,12.95,,,,
2025-11-30 10:00,162,75.93,128.14,306.57,1.53,161.18,13.24,,,,
2025-11-30 11:00,161,75.68,125.98,305.8,1.63,164.24,13.37,,,,
2025-11-30 12:00,161,74.66,122.88,304.39,1.79,164.97,13.38,,,,
2025-11-30 13:00,160,73.4,119.59,302.35,1.77,164.77,13.27,,,,
2025-11-30 14:00,160,71.99,116.37,298.41,1.4,163.52,13.05,,,,
2025-11-30 15:00,159,70.47,113.28,292.38,1.14,161.9,12.65,,,,
2025-11-30 16:00,158,68.95,110.48,284.68,0.96,159.93,12.14,,,,
2025-11-30 17:00,157,67.45,108.03,276.13,0.84,157.54,11.55,,,,
2025-11-30 18:00,156,65.79,105.59,266.28,0.74,154.84,10.83,,,,
2025-11-30 19:00,155,63.95,103.06,255.94,0.66,151.73,10.03,,,,
2025-11-30 20:00,154,61.86,100.37,244.69,0.57,148.35,9.17,,,,
2025-11-30 21:00,153,59.43,97.35,233.2,0.5,144.82,8.26,,,,
2025-11-30 22:00,152,56.56,93.79,221.23,0.42,140.86,7.31,,,,
2025-11-30 23:00,145,53.2,89.73,208.77,0.34,136.63,6.3,,,,
2025-12-01 00:00,135,49.4,85.11,196.42,0.27,132.39,5.27,,,,
2025-12-01 00:00,135,49.4,85.11,196.42,0.27,132.39,5.27,,,,
2025-12-01 01:00,125,45.32,80.23,184.57,0.22,128.17,4.31,,,,
2025-12-01 02:00,116,41.76,76.43,174.47,0.18,124.41,3.5,,,,
2025-12-01 03:00,110,39.07,74.45,166.85,0.19,121.38,2.83,,,,
2025-12-01 04:00,105,37.24,73.74,161.61,0.2,118.2,2.34,,,,
2025-12-01 05:00,103,36.17,74.04,158.69,0.17,115.96,1.97,,,,
2025-12-01 06:00,101,35.52,74.91,156.67,0.14,113.64,1.65,,,,
2025-12-01 07:00,99,35.01,76.1,155.22,0.12,111.14,1.36,,,,
2025-12-01 08:00,98,34.55,77.37,153.94,0.11,108.51,1.1,,,,
2025-12-01 09:00,97,34.09,78.36,152.48,0.1,106.24,0.9,,,,
2025-12-01 10:00,96,33.57,79.29,151.73,0.11,104.62,0.72,,,,
2025-12-01 11:00,94,32.76,79.45,150.49,0.12,103.26,0.58,,,,
2025-12-01 12:00,92,31.63,78.13,148.36,0.15,102.64,0.48,,,,
2025-12-01 13:00,89,30.3,75.64,146.24,0.17,102.92,0.41,,,,
2025-12-01 14:00,86,28.95,72.68,144.41,0.18,103.33,0.37,,,,
2025-12-01 15:00,83,27.33,68.45,141.87,0.18,104.37,0.36,,,,
2025-12-01 16:00,79,25.54,63.37,138.94,0.18,105.8,0.37,,,,
2025-12-01 17:00,76,23.99,58.58,136.58,0.18,107.74,0.42,,,,
2025-12-01 18:00,73,22.7,54.48,134.37,0.19,110.12,0.51,,,,
2025-12-01 19:00,71,21.83,51.61,132.67,0.2,112.63,0.62,,,,
2025-12-01 20:00,71,21.5,50.49,131.42,0.21,115.24,0.77,,,,
2025-12-01 21:00,71,21.59,50.82,130.41,0.23,117.44,0.95,,,,
2025-12-01 22:00,71,21.82,51.99,129.58,0.27,119.89,1.16,,,,
2025-12-01 23:00,71,21.61,52.12,128.3,0.3,121.03,1.34,,,,
2025-12-02 00:00,70,20.94,50.94,127.66,0.34,120.95,1.46,,,,
2025-12-02 00:00,70,20.94,50.94,127.66,0.34,120.95,1.46,,,,
2025-12-02 01:00,69,20.47,50.12,130.29,0.41,120.37,1.57,,,,
2025-12-02 02:00,69,20.47,50.76,136.65,0.53,119.24,1.74,,,,
2025-12-02 03:00,69,20.88,52.75,145.16,0.81,117.9,2.02,,,,
2025-12-02 04:00,71,21.55,55.33,154.45,1.09,115.95,2.45,,,,
2025-12-02 05:00,74,23.03,59.55,169.07,1.33,115.34,3.25,,,,
2025-12-02 06:00,79,25.64,65.32,188.96,1.54,117.1,4.52,,,,
2025-12-02 07:00,88,29.61,72.08,209.01,1.54,122.11,6.05,,,,
2025-12-02 08:00,99,35.03,79.59,229.94,1.37,130.21,7.52,,,,
2025-12-02 09:00,114,40.75,86.31,250.01,1.21,138.35,8.83,,,,
2025-12-02 10:00,122,44.21,89.3,259.47,1.14,144.77,9.81,,,,
2025-12-02 11:00,125,45.05,88.8,259.69,1.18,148.21,10.48,,,,
2025-12-02 12:00,123,44.32,86.23,256.32,1.35,148.8,11.0,,,,
2025-12-02 13:00,119,42.93,83.02,252.26,1.46,147.82,11.43,,,,
2025-12-02 14:00,117,41.94,80.68,250.1,1.25,145.99,11.71,,,,
2025-12-02 15:00,114,40.9,78.2,245.58,1.05,144.16,11.7,,,,
2025-12-02 16:00,112,39.8,75.67,241.61,0.95,141.83,11.52,,,,
2025-12-02 17:00,111,39.53,74.97,244.39,1.02,140.01,11.84,,,,
2025-12-02 18:00,113,40.43,77.03,255.7,1.21,139.02,12.94,,,,
2025-12-02 19:00,115,41.17,80.28,256.2,1.34,138.08,13.92,,,,
2025-12-02 20:00,122,44.13,87.93,266.1,1.51,137.61,14.78,,,,
2025-12-02 21:00,136,49.74,100.39,287.35,1.68,137.24,15.94,,,,
2025-12-02 22:00,151,56.39,115.21,309.31,1.82,135.78,16.57,,,,
2025-12-02 23:00,155,63.21,130.61,327.41,1.93,133.12,16.36,,,,
2025-12-03 00:00,158,68.94,143.55,330.86,1.84,130.32,15.22,,,,
2025-12-03 00:00,158,68.94,143.55,330.86,1.84,130.32,15.22,,,,
2025-12-03 01:00,160,72.95,153.02,321.87,1.68,128.24,13.45,,,,
2025-12-03 02:00,161,74.49,157.05,308.16,1.54,126.91,11.63,,,,
2025-12-03 03:00,160,73.32,155.13,292.14,1.72,126.59,10.11,,,,
2025-12-03 04:00,158,68.37,144.28,268.45,1.85,127.8,8.64,,,,
2025-12-03 05:00,156,64.33,136.39,255.48,1.74,129.98,7.62,,,,
2025-12-03 06:00,154,61.49,132.16,249.99,1.61,133.7,7.09,,,,
2025-12-03 07:00,153,59.41,129.39,245.82,1.4,138.66,6.83,,,,
2025-12-03 08:00,152,57.96,127.12,240.95,1.16,143.31,6.56,,,,
2025-12-03 09:00,152,56.82,124.87,236.4,1.01,147.04,6.31,,,,
2025-12-03 10:00,148,54.55,118.65,229.01,0.97,149.44,6.04,,,,
2025-12-03 11:00,139,50.96,109.49,219.44,1.02,149.34,5.73,,,,
2025-12-03 12:00,133,48.58,104.34,213.99,1.22,148.02,5.66,,,,
2025-12-03 13:00,131,47.49,103.07,212.48,1.43,146.7,5.85,,,,
2025-12-03 14:00,131,47.69,105.28,214.97,1.4,144.77,6.25,,,,
2025-12-03 15:00,134,49.09,110.38,220.18,1.43,143.15,6.78,,,,
2025-12-03 16:00,140,51.48,118.11,227.82,1.55,141.21,7.38,,,,
2025-12-03 17:00,147,54.25,127.07,235.94,1.68,139.05,8.02,,,,
2025-12-03 18:00,152,56.92,135.96,242.52,1.76,136.43,8.6,,,,
2025-12-03 19:00,154,60.36,146.41,253.94,1.95,132.97,9.31,,,,
2025-12-03 20:00,156,65.09,159.64,271.65,2.18,129.27,10.16,,,,
2025-12-03 21:00,158,68.75,169.89,279.88,2.19,126.44,10.61,,,,
2025-12-03 22:00,158,69.55,172.18,274.58,2.03,124.6,10.58,,,,
2025-12-03 23:00,158,68.79,170.16,263.47,1.83,124.6,10.3,,,,
2025-12-04 00:00,158,68.2,168.8,252.47,1.64,125.26,9.96,,,,
2025-12-04 00:00,158,68.2,168.8,252.47,1.64,125.26,9.96,,,,
2025-12-04 01:00,159,71.63,178.23,255.97,1.57,125.18,9.96,,,,
2025-12-04 02:00,163,77.8,194.86,269.87,1.58,125.14,10.14,,,,
2025-12-04 03:00,165,82.2,207.13,279.01,1.95,126.12,10.07,,,,
2025-12-04 04:00,167,86.01,216.84,288.48,2.43,127.33,10.01,,,,
2025-12-04 05:00,169,90.36,225.19,302.16,2.54,129.7,10.09,,,,
2025-12-04 06:00,171,93.79,228.04,313.63,2.39,134.44,10.18,,,,
2025-12-04 07:00,172,96.22,226.9,320.63,2.08,140.19,10.36,,,,
2025-12-04 08:00,173,98.24,224.59,325.59,1.8,147.13,10.69,,,,
2025-12-04 09:00,173,98.84,219.36,325.52,1.6,153.49,11.02,,,,
2025-12-04 10:00,173,97.44,211.39,321.05,1.53,159.12,11.28,,,,
2025-12-04 11:00,170,92.14,196.29,306.82,1.59,161.27,11.23,,,,
2025-12-04 12:00,166,85.31,179.35,291.09,1.82,160.5,11.03,,,,
2025-12-04 13:00,161,74.95,155.35,264.19,1.76,156.38,10.15,,,,
2025-12-04 14:00,156,65.88,134.97,244.14,1.42,151.66,9.49,,,,
2025-12-04 15:00,154,61.23,125.26,237.88,1.33,148.67,9.53,,,,
2025-12-04 16:00,152,57.97,118.67,235.61,1.36,146.29,9.69,,,,
2025-12-04 17:00,152,56.64,116.59,237.62,1.39,143.79,9.92,,,,
2025-12-04 18:00,152,56.51,117.14,241.76,1.41,142.0,10.18,,,,
2025-12-04 19:00,152,57.57,120.36,250.9,1.53,139.44,10.61,,,,
2025-12-04 20:00,153,60.09,127.08,267.58,1.74,136.5,11.27,,,,
2025-12-04 21:00,155,62.51,133.22,281.37,1.88,132.94,11.77,,,,
2025-12-04 22:00,155,63.88,136.9,288.36,1.92,129.7,12.07,,,,
2025-12-04 23:00,156,64.4,138.28,290.09,1.89,127.13,12.15,,,,
2025-12-05 00:00,155,64.19,137.62,287.06,1.78,125.37,11.97,,,,
2025-12-05 00:00,155,64.19,137.62,287.06,1.78,125.37,11.97,,,,
2025-12-05 01:00,155,63.31,135.02,280.09,1.66,124.12,11.6,,,,
2025-12-05 02:00,154,62.11,131.34,272.76,1.54,123.44,11.22,,,,
2025-12-05 03:00,154,60.78,127.01,266.19,1.82,123.51,10.89,,,,
2025-12-05 04:00,153,59.65,122.76,260.66,2.14,124.14,10.52,,,,
2025-12-05 05:00,153,59.09,119.13,256.88,2.15,126.85,10.16,,,,
2025-12-05 06:00,153,59.43,117.11,255.12,1.99,131.4,9.88,,,,
2025-12-05 07:00,154,60.48,116.41,254.05,1.71,137.05,9.71,,,,
2025-12-05 08:00,155,62.38,117.7,254.06,1.45,142.66,9.7,,,,
2025-12-05 09:00,156,64.3,119.49,253.48,1.26,147.59,9.77,,,,
2025-12-05 10:00,156,65.71,119.93,251.68,1.17,151.3,9.94,,,,
2025-12-05 11:00,157,67.36,121.19,255.2,1.27,154.16,10.28,,,,
2025-12-05 12:00,158,68.31,121.03,257.59,1.46,155.13,10.63,,,,
2025-12-05 13:00,158,68.9,121.29,259.44,1.59,155.3,11.16,,,,
2025-12-05 14:00,158,69.0,121.5,261.65,1.38,154.94,11.88,,,,
2025-12-05 15:00,158,68.62,120.86,264.87,1.26,154.57,12.77,,,,
2025-12-05 16:00,158,68.5,121.06,278.68,1.48,153.5,13.8,,,,
2025-12-05 17:00,158,69.87,125.16,315.46,2.2,151.24,15.1,,,,
2025-12-05 18:00,160,73.4,135.49,362.4,2.99,147.8,16.4,,,,
2025-12-05 19:00,164,79.78,151.81,388.48,3.23,144.47,16.3,,,,
2025-12-05 20:00,167,87.0,169.6,412.38,3.25,140.34,15.28,,,,
2025-12-05 21:00,171,93.44,185.11,422.12,2.97,135.85,13.91,,,,
2025-12-05 22:00,173,97.17,193.47,410.71,2.5,132.32,12.4,,,,
2025-12-05 23:00,173,97.98,194.33,390.38,2.07,129.96,11.0,,,,
2025-12-06 00:00,173,97.3,191.21,368.58,1.72,128.71,9.78,,,,
2025-12-06 00:00,173,97.3,191.21,368.58,1.72,128.71,9.78,,,,
2025-12-06 01:00,172,96.61,190.69,355.42,1.52,126.06,8.79,,,,
2025-12-06 02:00,172,96.4,194.58,349.57,1.45,123.12,8.0,,,,
2025-12-06 03:00,172,95.84,198.61,341.09,1.62,122.78,7.3,,,,
2025-12-06 04:00,172,95.71,206.43,330.55,2.08,123.79,6.66,,,,
2025-12-06 05:00,172,97.08,220.48,321.57,2.26,126.39,6.15,,,,
2025-12-06 06:00,174,99.59,234.5,314.97,2.15,130.73,5.78,,,,
2025-12-06 07:00,175,101.4,239.94,307.53,1.77,136.15,5.51,,,,
2025-12-06 08:00,175,102.47,238.1,302.13,1.43,141.56,5.43,,,,
2025-12-06 09:00,175,102.31,230.65,297.22,1.25,146.04,5.5,,,,
2025-12-06 10:00,172,96.52,203.32,283.9,1.06,150.37,5.26,,,,
2025-12-06 11:00,170,92.76,185.99,279.22,1.11,151.96,5.17,,,,
2025-12-06 12:00,169,90.9,177.94,279.55,1.33,152.68,5.34,,,,
2025-12-06 13:00,169,89.83,173.09,282.81,1.52,153.29,5.7,,,,
2025-12-06 14:00,168,88.82,169.48,286.87,1.45,152.93,6.1,,,,
2025-12-06 15:00,168,88.02,167.0,291.88,1.4,151.71,6.5,,,,
2025-12-06 16:00,168,87.63,162.99,300.56,1.49,150.85,6.97,,,,
2025-12-06 17:00,168,88.5,165.51,313.03,1.67,148.11,7.38,,,,
2025-12-06 18:00,169,89.67,171.94,322.32,1.75,144.5,7.68,,,,
2025-12-06 19:00,169,90.8,178.9,328.12,1.77,140.42,7.95,,,,
2025-12-06 20:00,170,92.41,187.68,333.89,1.75,135.96,8.1,,,,
2025-12-06 21:00,171,93.75,194.22,338.96,1.66,131.38,7.95,,,,
2025-12-06 22:00,171,94.31,197.18,340.66,1.54,127.65,7.58,,,,
2025-12-06 23:00,171,94.66,198.46,340.77,1.43,126.1,7.16,,,,
2025-12-07 00:00,171,94.99,199.99,340.03,1.34,125.62,6.71,,,,
2025-12-07 00:00,171,94.99,199.99,340.03,1.34,125.62,6.71,,,,
2025-12-07 01:00,172,95.54,203.81,339.43,1.28,125.14,6.28,,,,
2025-12-07 02:00,172,97.03,212.15,340.76,1.26,123.54,5.86,,,,
2025-12-07 03:00,174,99.09,222.85,342.32,1.45,122.51,5.53,,,,
2025-12-07 04:00,175,101.5,234.83,342.7,1.8,121.94,5.24,,,,
2025-12-07 05:00,176,104.59,246.62,343.57,1.86,124.01,5.05,,,,
2025-12-07 06:00,178,108.2,256.11,345.4,1.76,129.3,5.0,,,,
2025-12-07 07:00,180,112.27,263.85,347.73,1.57,135.8,5.1,,,,
2025-12-07 08:00,183,117.51,271.85,353.54,1.41,142.3,5.37,,,,
2025-12-07 09:00,185,121.15,273.82,358.97,1.36,149.34,5.82,,,,
2025-12-07 10:00,186,122.87,270.38,363.53,1.42,156.51,6.42,,,,
2025-12-07 11:00,185,122.21,261.86,365.9,1.6,162.08,7.07,,,,
2025-12-07 12:00,184,119.96,250.74,365.65,1.89,165.44,7.71,,,,
2025-12-07 13:00,183,116.65,237.96,365.97,2.05,167.15,8.36,,,,
2025-12-07 14:00,180,112.16,223.71,363.18,1.71,167.02,8.86,,,,
2025-12-07 15:00,177,105.73,206.63,352.59,1.4,165.67,9.12,,,,
2025-12-07 16:00,173,97.26,185.94,333.41,1.17,162.68,8.93,,,,
2025-12-07 17:00,168,88.53,166.12,311.18,1.01,158.09,8.51,,,,
2025-12-07 18:00,164,80.41,149.71,291.41,0.94,152.95,8.07,,,,
2025-12-07 19:00,159,71.72,134.59,272.0,1.11,146.89,8.58,,,,
2025-12-07 20:00,157,67.95,129.93,275.9,1.48,141.45,9.29,,,,
2025-12-07 21:00,158,68.97,134.97,298.34,1.92,136.62,10.07,,,,
2025-12-07 22:00,159,71.27,142.77,316.24,2.18,133.42,10.96,,,,
2025-12-07 23:00,161,74.75,151.86,337.36,2.38,129.45,11.29,,,,
2025-12-08 00:00,163,78.77,160.96,355.82,2.47,126.15,11.4,,,,
2025-12-08 00:00,163,78.77,160.96,355.82,2.47,126.15,11.4,,,,
2025-12-08 01:00,166,84.6,172.32,376.92,2.52,123.0,11.44,,,,
2025-12-08 02:00,170,92.62,186.71,404.5,2.57,120.31,11.53,,,,
2025-12-08 03:00,173,98.31,195.14,417.89,2.93,118.94,11.73,,,,
2025-12-08 04:00,175,101.24,197.01,415.06,3.59,119.72,11.9,,,,
2025-12-08 05:00,175,102.61,194.73,402.36,3.57,124.8,11.89,,,,
2025-12-08 06:00,176,103.67,191.53,386.29,3.23,133.52,11.6,,,,
2025-12-08 07:00,177,106.01,191.95,373.75,2.7,143.53,11.26,,,,
2025-12-08 08:00,180,111.02,197.95,372.39,2.27,153.3,11.17,,,,
2025-12-08 09:00,182,115.94,203.86,374.98,2.05,162.29,11.16,,,,
2025-12-08 10:00,185,120.74,209.09,388.08,2.1,170.71,11.34,,,,
2025-12-08 11:00,187,125.31,212.64,411.43,2.45,178.42,11.7,,,,
2025-12-08 12:00,188,127.33,212.38,433.07,3.07,183.11,12.3,,,,
2025-12-08 13:00,188,127.52,209.82,453.74,3.54,185.08,13.11,,,,
2025-12-08 14:00,188,126.55,205.59,472.38,3.12,183.7,13.98,,,,
2025-12-08 15:00,187,124.92,201.01,489.82,3.0,180.13,14.8,,,,
2025-12-08 16:00,186,123.74,198.61,515.92,3.4,173.1,15.4,,,,
2025-12-08 17:00,186,122.57,198.62,538.56,3.93,162.26,15.33,,,,
2025-12-08 18:00,184,120.32,199.31,538.4,4.14,149.64,14.57,,,,
2025-12-08 19:00,183,117.23,199.2,512.36,3.94,138.72,13.57,,,,
2025-12-08 20:00,181,114.07,197.54,482.39,3.56,130.0,12.51,,,,
2025-12-08 21:00,179,110.48,193.75,452.14,3.16,123.36,11.55,,,,
2025-12-08 22:00,177,106.53,188.08,424.94,2.77,118.44,10.66,,,,
2025-12-08 23:00,176,103.13,182.52,405.8,2.49,115.37,9.95,,,,
2025-12-09 00:00,174,99.25,175.89,389.49,2.28,113.12,9.32,,,,
2025-12-09 00:00,174,99.25,175.89,389.49,2.28,113.12,9.32,,,,
2025-12-09 01:00,171,94.98,168.86,375.72,2.13,111.57,8.78,,,,
2025-12-09 02:00,170,91.45,163.57,368.29,2.04,110.01,8.31,,,,
2025-12-09 03:00,168,88.42,160.21,363.13,2.26,108.7,7.94,,,,
2025-12-09 04:00,167,85.54,158.13,355.91,2.75,108.37,7.65,,,,
2025-12-09 05:00,165,82.72,156.82,346.9,2.87,112.26,7.71,,,,
2025-12-09 06:00,164,80.25,156.1,335.38,2.79,120.22,8.19,,,,
2025-12-09 07:00,163,78.43,155.25,323.15,2.51,131.02,9.05,,,,
2025-12-09 08:00,163,77.92,155.04,315.2,2.27,141.71,10.14,,,,
2025-12-09 09:00,163,78.04,155.09,311.31,2.19,152.42,11.7,,,,
2025-12-09 10:00,162,77.68,153.52,309.86,2.27,162.42,13.64,,,,
2025-12-09 11:00,162,76.42,149.88,310.26,2.53,168.71,15.39,,,,
2025-12-09 12:00,160,73.64,144.27,307.38,3.02,170.66,17.16,,,,
2025-12-09 13:00,159,70.68,138.7,307.75,3.46,168.56,18.64,,,,
2025-12-09 14:00,157,67.69,132.95,308.15,2.9,164.2,19.42,,,,
2025-12-09 15:00,155,63.54,125.27,298.68,2.32,158.32,19.73,,,,
2025-12-09 16:00,153,59.4,117.58,285.04,1.9,152.17,19.54,,,,
2025-12-09 17:00,151,56.27,110.97,275.97,1.66,146.12,18.96,,,,
2025-12-09 18:00,146,53.94,105.49,277.95,1.65,140.47,18.34,,,,
2025-12-09 19:00,143,52.68,102.07,295.89,1.8,135.02,17.89,,,,
2025-12-09 20:00,142,52.16,101.06,323.73,2.04,129.86,17.64,,,,
2025-12-09 21:00,143,52.6,103.15,354.54,2.27,125.41,17.47,,,,
2025-12-09 22:00,146,53.74,107.18,373.6,2.35,122.07,17.15,,,,
2025-12-09 23:00,151,55.79,112.66,394.17,2.39,119.3,16.44,,,,
2025-12-10 00:00,153,59.0,120.1,420.27,2.46,116.55,15.67,,,,
2025-12-10 00:00,153,59.0,120.1,420.27,2.46,116.55,15.67,,,,
2025-12-10 01:00,155,63.38,128.79,445.53,2.58,114.01,14.84,,,,
2025-12-10 02:00,158,68.88,138.25,471.13,2.71,111.51,14.1,,,,
2025-12-10 03:00,161,74.91,147.98,492.01,3.06,109.74,13.61,,,,
2025-12-10 04:00,165,82.16,159.13,507.78,3.68,110.44,13.5,,,,
2025-12-10 05:00,168,89.25,168.52,510.96,3.65,115.75,13.11,,,,
2025-12-10 06:00,172,95.5,174.52,500.0,3.18,124.9,12.52,,,,
2025-12-10 07:00,174,100.06,176.74,476.58,2.38,136.1,12.01,,,,
2025-12-10 08:00,176,103.14,176.48,454.43,1.74,146.0,11.64,,,,
2025-12-10 09:00,176,104.58,174.23,435.17,1.39,153.7,11.46,,,,
2025-12-10 10:00,176,103.47,168.34,415.81,1.25,160.71,11.37,,,,
2025-12-10 11:00,175,102.69,163.75,406.66,1.28,165.72,11.36,,,,
2025-12-10 12:00,174,100.49,157.88,398.95,1.42,168.33,11.39,,,,
2025-12-10 13:00,172,96.88,150.19,389.5,1.44,169.07,11.46,,,,
2025-12-10 14:00,170,92.94,142.18,381.02,1.15,168.55,11.45,,,,
2025-12-10 15:00,168,88.06,132.9,369.44,0.97,166.6,11.3,,,,
2025-12-10 16:00,165,82.65,122.8,353.77,0.85,163.31,10.91,,,,
2025-12-10 17:00,162,77.55,113.49,339.0,0.77,159.74,10.38,,,,
2025-12-10 18:00,160,72.25,104.14,321.72,0.7,155.81,9.73,,,,
2025-12-10 19:00,157,66.98,95.09,302.66,0.62,151.5,8.99,,,,
2025-12-10 20:00,154,61.64,86.22,282.65,0.55,147.12,8.18,,,,
2025-12-10 21:00,151,56.08,77.24,259.96,0.48,142.89,7.3,,,,
2025-12-10 22:00,137,50.26,68.14,236.18,0.41,138.53,6.41,,,,
2025-12-10 23:00,125,45.36,60.75,216.08,0.35,134.15,5.6,,,,
2025-12-11 00:00,115,41.35,54.87,199.4,0.3,130.26,4.88,,,,
2025-12-11 00:00,115,41.35,54.87,199.4,0.3,130.26,4.88,,,,
2025-12-11 01:00,107,37.9,49.93,184.55,0.25,126.87,4.25,,,,
2025-12-11 02:00,99,35.0,45.85,172.71,0.22,123.71,3.74,,,,
2025-12-11 03:00,94,32.53,42.25,162.76,0.22,121.3,3.33,,,,
2025-12-11 04:00,89,30.25,38.76,153.89,0.22,119.38,2.99,,,,
2025-12-11 05:00,85,28.49,36.14,147.01,0.17,117.76,2.65,,,,
2025-12-11 06:00,82,26.98,33.96,140.49,0.13,115.94,2.31,,,,
2025-12-11 07:00,79,25.46,31.78,134.34,0.1,113.92,2.0,,,,
2025-12-11 08:00,76,23.93,29.66,128.55,0.08,111.82,1.71,,,,
2025-12-11 09:00,73,22.54,27.77,123.12,0.07,110.08,1.49,,,,
2025-12-11 10:00,70,21.09,25.87,118.27,0.07,109.23,1.31,,,,
2025-12-11 11:00,67,19.63,24.05,113.47,0.07,108.1,1.17,,,,
2025-12-11 12:00,64,18.4,22.57,109.66,0.08,107.1,1.05,,,,
2025-12-11 13:00,62,17.34,21.35,106.64,0.09,106.27,0.94,,,,
2025-12-11 14:00,60,16.29,20.18,103.78,0.08,105.37,0.84,,,,
2025-12-11 15:00,58,15.29,19.07,101.16,0.07,104.51,0.73,,,,
2025-12-11 16:00,56,14.38,18.05,98.94,0.06,103.38,0.63,,,,
2025-12-11 17:00,55,13.77,17.33,97.55,0.06,101.99,0.54,,,,
2025-12-11 18:00,54,13.29,16.78,96.72,0.05,100.77,0.47,,,,
2025-12-11 19:00,53,12.91,16.34,95.81,0.05,99.8,0.42,,,,
2025-12-11 20:00,52,12.61,15.98,95.1,0.04,99.24,0.38,,,,
2025-12-11 21:00,52,12.35,15.66,94.73,0.04,98.87,0.35,,,,
2025-12-11 22:00,500,12.08,15.33,94.17,0.04,98.47,0.32,,,,
2025-12-11 23:00,49,11.84,15.11,93.76,0.04,98.02,0.29,,,,
2025-12-12 00:00,49,11.7,15.11,93.5,0.04,97.65,0.26,,,,
2025-12-12 00:00,49,11.7,15.11,93.5,0.04,97.65,0.26,,,,
2025-12-12 01:00,48,11.63,15.32,93.13,0.04,97.77,0.23,,,,
2025-12-12 02:00,49,11.64,15.66,93.0,0.03,98.24,0.21,,,,
2025-12-12 03:00,49,11.76,16.16,92.86,0.04,98.73,0.19,,,,
2025-12-12 04:00,49,11.84,16.53,92.51,0.05,99.07,0.18,,,,
2025-12-12 05:00,50,11.95,16.89,92.33,0.04,99.02,0.17,,,,
2025-12-12 06:00,51,12.1,17.23,92.29,0.03,98.32,0.16,,,,
2025-12-12 07:00,51,12.21,17.46,91.88,0.03,96.95,0.15,,,,
2025-12-12 08:00,51,12.31,17.69,91.32,0.02,95.43,0.14,,,,
2025-12-12 09:00,52,12.42,17.96,90.8,0.02,93.84,0.13,,,,
2025-12-12 10:00,52,12.54,18.22,90.81,0.03,93.1,0.12,,,,
2025-12-12 11:00,52,12.5,18.23,90.44,0.03,92.7,0.11,,,,
2025-12-12 12:00,52,12.35,18.04,90.11,0.03,92.58,0.11,,,,
2025-12-12 13:00,51,12.13,17.72,90.0,0.04,93.0,0.1,,,,
2025-12-12 14:00,50,11.91,17.45,89.85,0.04,93.36,0.1,,,,
2025-12-12 15:00,49,11.69,17.13,89.61,0.04,93.63,0.1,,,,
2025-12-12 16:00,48,11.41,16.71,89.2,0.04,93.82,0.09,,,,
2025-12-12 17:00,47,11.16,16.3,89.01,0.04,94.13,0.09,,,,
2025-12-12 18:00,46,10.96,15.96,88.85,0.04,94.53,0.09,,,,
2025-12-12 19:00,45,10.81,15.65,88.47,0.04,94.79,0.09,,,,
2025-12-12 20:00,45,10.69,15.37,88.31,0.04,94.94,0.09,,,,
2025-12-12 21:00,44,10.55,15.04,88.16,0.03,95.24,0.09,,,,
2025-12-12 22:00,43,10.36,14.65,87.95,0.03,95.57,0.09,,,,
2025-12-12 23:00,42,10.18,14.27,87.89,0.03,95.96,0.09,,,,
2025-12-13 00:00,42,10.07,14.04,87.74,0.03,96.13,0.09,,,,
2025-12-13 00:00,42,10.07,14.04,87.74,0.03,96.13,0.09,,,,
2025-12-13 01:00,42,10.06,13.99,87.95,0.03,96.3,0.09,,,,
2025-12-13 02:00,42,10.1,13.99,88.14,0.03,96.6,0.1,,,,
2025-12-13 03:00,42,10.17,13.99,88.44,0.04,96.75,0.1,,,,
2025-12-13 04:00,42,10.17,13.9,88.38,0.05,96.53,0.1,,,,
2025-12-13 05:00,42,10.07,13.71,88.36,0.04,96.33,0.1,,,,
2025-12-13 06:00,42,9.98,13.56,88.29,0.03,95.93,0.1,,,,
2025-12-13 07:00,41,9.83,13.31,88.11,0.03,95.17,0.1,,,,
2025-12-13 08:00,40,9.6,12.97,87.65,0.02,94.09,0.09,,,,
2025-12-13 09:00,39,9.4,12.71,87.19,0.02,92.91,0.09,,,,
2025-12-13 10:00,39,9.24,12.51,87.37,0.03,92.46,0.09,,,,
2025-12-13 11:00,38,9.08,12.29,87.41,0.03,91.77,0.09,,,,
2025-12-13 12:00,37,8.95,12.1,87.29,0.04,91.34,0.08,,,,
2025-12-13 13:00,37,8.85,11.96,87.43,0.05,91.23,0.08,,,,
2025-12-13 14:00,37,8.79,11.87,87.69,0.05,91.19,0.08,,,,
2025-12-13 15:00,36,8.73,11.78,87.75,0.05,90.99,0.08,,,,
2025-12-13 16:00,36,8.66,11.68,87.68,0.05,90.75,0.08,,,,
2025-12-13 17:00,36,8.61,11.61,87.71,0.04,90.73,0.08,,,,
2025-12-13 18:00,36,8.55,11.53,87.97,0.04,90.82,0.07,,,,
2025-12-13 19:00,35,8.49,11.46,87.99,0.04,90.76,0.07,,,,
2025-12-13 20:00,35,8.46,11.46,88.17,0.04,90.86,0.07,,,,
2025-12-13 21:00,35,8.46,11.53,88.38,0.04,91.04,0.08,,,,
2025-12-13 22:00,35,8.47,11.66,88.66,0.04,91.25,0.08,,,,
2025-12-13 23:00,35,8.51,11.88,88.99,0.04,91.62,0.08,,,,
2025-12-14 00:00,36,8.63,12.23,89.33,0.04,91.91,0.08,,,,
2025-12-14 00:00,36,8.63,12.23,89.33,0.04,91.91,0.08,,,,
2025-12-14 01:00,37,8.86,12.81,90.39,0.04,92.23,0.1,,,,
2025-12-14 02:00,38,9.21,13.62,92.36,0.06,92.58,0.14,,,,
2025-12-14 03:00,40,9.68,14.66,95.38,0.1,93.0,0.23,,,,
2025-12-14 04:00,43,10.27,15.9,100.91,0.21,93.07,0.46,,,,
2025-12-14 05:00,47,11.18,17.56,109.08,0.36,93.83,0.93,,,,
2025-12-14 06:00,52,12.69,19.92,118.63,0.51,95.44,1.61,,,,
2025-12-14 07:00,57,14.87,23.11,127.11,0.55,98.59,2.39,,,,
2025-12-14 08:00,64,18.2,28.1,137.07,0.57,102.87,3.34,,,,
2025-12-14 09:00,72,22.3,34.4,147.66,0.63,108.4,4.43,,,,
2025-12-14 10:00,80,25.82,40.06,155.77,0.7,114.37,5.35,,,,
2025-12-14 11:00,85,28.3,44.45,162.18,0.82,119.61,6.0,,,,
2025-12-14 12:00,88,29.93,47.82,167.44,1.01,123.52,6.54,,,,
2025-12-14 13:00,91,30.98,50.66,172.74,1.21,126.77,7.06,,,,
2025-12-14 14:00,92,31.57,52.98,176.88,1.12,128.66,7.46,,,,
2025-12-14 15:00,92,31.63,54.37,178.45,1.0,129.35,7.66,,,,
2025-12-14 16:00,94,32.64,57.62,183.64,1.03,130.17,8.27,,,,
2025-12-14 17:00,102,35.96,65.78,201.61,1.34,131.09,9.65,,,,
2025-12-14 18:00,115,41.29,78.56,232.02,1.77,130.48,11.13,,,,
2025-12-14 19:00,136,49.61,97.55,273.26,2.13,129.03,12.31,,,,
2025-12-14 20:00,154,62.02,124.46,330.3,2.44,126.5,12.78,,,,
2025-12-14 21:00,163,78.76,158.89,393.8,2.57,123.16,12.62,,,,
2025-12-14 22:00,172,95.64,191.27,445.36,2.46,119.67,11.91,,,,
2025-12-14 23:00,179,108.99,215.52,479.69,2.27,115.9,11.03,,,,
2025-12-15 00:00,183,118.23,231.4,497.59,2.06,112.35,10.13,,,,
2025-12-15 00:00,183,118.23,231.4,497.59,2.06,112.35,10.13,,,,
2025-12-15 01:00,186,123.94,240.76,503.05,1.9,109.13,9.28,,,,
2025-12-15 02:00,188,128.0,247.22,503.34,1.79,107.35,8.6,,,,
2025-12-15 03:00,190,131.1,251.4,500.86,1.85,106.71,8.13,,,,
2025-12-15 04:00,191,132.2,250.59,490.86,2.19,107.8,7.71,,,,
2025-12-15 05:00,192,135.33,251.88,488.07,2.2,112.27,7.39,,,,
2025-12-15 06:00,196,142.14,258.51,494.51,1.97,120.56,7.26,,,,
2025-12-15 07:00,500,150.43,267.33,503.73,1.6,130.67,7.26,,,,
2025-12-15 08:00,211,160.39,279.37,518.33,1.34,140.28,7.4,,,,
2025-12-15 09:00,219,168.33,288.06,529.31,1.24,149.61,7.63,,,,
2025-12-15 10:00,222,171.65,290.36,530.4,1.29,157.96,8.01,,,,
2025-12-15 11:00,218,168.02,282.29,514.74,1.45,163.28,8.4,,,,
2025-12-15 12:00,212,161.65,270.43,495.55,1.76,165.38,8.86,,,,
2025-12-15 13:00,198,146.67,245.41,451.71,1.91,161.93,8.87,,,,
2025-12-15 14:00,191,133.83,223.2,418.91,1.71,157.42,8.91,,,,
2025-12-15 15:00,189,129.75,215.23,416.32,1.68,155.15,9.54,,,,
2025-12-15 16:00,190,131.85,218.13,433.68,1.81,153.58,10.42,,,,
2025-12-15 17:00,194,139.2,230.88,467.77,1.96,152.05,11.27,,,,
2025-12-15 18:00,199,148.61,247.98,504.7,2.03,149.7,11.87,,,,
2025-12-15 19:00,209,158.28,264.49,545.71,2.19,144.49,11.99,,,,
2025-12-15 20:00,221,170.79,283.38,596.88,2.37,137.38,11.85,,,,
2025-12-15 21:00,232,181.44,298.53,636.2,2.34,130.62,11.51,,,,
2025-12-15 22:00,239,188.91,307.76,661.53,2.2,125.38,11.07,,,,
2025-12-15 23:00,244,193.91,312.34,677.35,2.03,121.77,10.6,,,,
2025-12-16 00:00,246,196.02,311.37,683.66,1.85,120.05,9.96,,,,
2025-12-16 00:00,246,196.02,311.37,683.66,1.85,120.05,9.96,,,,
2025-12-16 01:00,248,198.31,310.43,690.42,1.71,119.64,9.34,,,,
2025-12-16 02:00,253,202.9,313.3,704.1,1.59,120.64,8.83,,,,
2025-12-16 03:00,259,209.02,320.03,719.72,1.62,122.62,8.35,,,,
2025-12-16 04:00,266,215.6,329.35,735.43,1.95,124.78,7.76,,,,
2025-12-16 05:00,277,227.06,347.28,764.61,2.12,129.07,7.25,,,,
2025-12-16 06:00,291,240.91,369.65,796.7,2.07,136.64,6.96,,,,
2025-12-16 07:00,303,252.37,389.79,815.57,1.78,145.83,6.93,,,,
2025-12-16 08:00,311,260.59,406.36,824.5,1.47,154.51,7.18,,,,
2025-12-16 09:00,312,262.0,414.47,810.97,1.29,160.65,7.68,,,,
2025-12-16 10:00,308,257.08,413.69,781.97,1.31,165.17,8.37,,,,
2025-12-16 11:00,295,245.23,400.85,739.71,1.5,165.84,8.9,,,,
2025-12-16 12:00,282,231.94,383.42,699.22,1.84,163.72,9.26,,,,
2025-12-16 13:00,269,219.37,364.74,662.1,2.06,160.22,9.57,,,,
2025-12-16 14:00,257,207.28,345.2,627.8,1.86,155.36,9.66,,,,
2025-12-16 15:00,246,196.25,326.48,601.1,1.81,150.19,9.67,,,,
2025-12-16 16:00,219,168.36,276.27,523.16,1.87,145.58,9.62,,,,
2025-12-16 17:00,200,149.9,242.7,478.08,2.01,139.49,9.43,,,,
2025-12-16 18:00,197,145.18,234.42,471.87,2.16,133.96,9.5,,,,
2025-12-16 19:00,199,148.12,239.9,485.07,2.21,128.21,9.49,,,,
2025-12-16 20:00,207,156.87,254.87,514.65,2.18,122.81,9.19,,,,
2025-12-16 21:00,214,163.63,265.46,536.21,2.07,118.47,8.73,,,,
2025-12-16 22:00,217,167.11,269.91,547.88,1.9,115.59,8.27,,,,
2025-12-16 23:00,219,168.49,271.13,551.28,1.71,114.99,7.89,,,,
2025-12-17 00:00,219,168.86,271.58,547.53,1.49,115.51,7.53,,,,
2025-12-17 00:00,219,168.86,271.58,547.53,1.49,115.51,7.53,,,,
2025-12-17 01:00,220,169.47,273.42,544.37,1.3,117.09,7.21,,,,
2025-12-17 02:00,222,171.57,278.53,546.82,1.18,118.97,7.0,,,,
2025-12-17 03:00,226,175.76,286.97,557.16,1.2,121.03,6.86,,,,
2025-12-17 04:00,231,181.1,296.93,571.47,1.47,122.82,6.74,,,,
2025-12-17 05:00,239,188.73,309.25,594.3,1.56,125.71,6.69,,,,
2025-12-17 06:00,246,196.26,319.61,612.37,1.45,130.81,6.77,,,,
2025-12-17 07:00,250,200.31,322.9,617.22,1.21,136.27,6.97,,,,
2025-12-17 08:00,251,201.25,320.25,611.26,0.99,141.5,7.26,,,,
2025-12-17 09:00,249,199.09,312.0,595.76,0.87,145.38,7.68,,,,
2025-12-17 10:00,245,194.64,300.81,575.84,0.87,148.77,8.17,,,,
2025-12-17 11:00,240,189.39,288.71,556.04,0.94,149.72,8.51,,,,
2025-12-17 12:00,232,182.01,273.53,530.55,1.06,149.6,8.97,,,,
2025-12-17 13:00,224,173.83,257.34,505.14,1.09,149.6,9.6,,,,
2025-12-17 14:00,217,166.3,242.68,482.37,0.91,149.38,10.1,,,,
2025-12-17 15:00,209,158.85,228.14,459.71,0.78,149.21,10.52,,,,
2025-12-17 16:00,500,150.48,211.73,435.12,0.7,148.78,10.91,,,,
2025-12-17 17:00,196,142.09,195.41,411.1,0.65,148.8,11.2,,,,
2025-12-17 18:00,192,134.97,181.93,390.64,0.61,148.92,11.34,,,,
2025-12-17 19:00,189,129.8,171.71,376.0,0.58,148.57,11.3,,,,
2025-12-17 20:00,188,127.48,166.42,370.87,0.58,148.11,11.13,,,,
2025-12-17 21:00,188,127.49,165.61,376.11,0.67,147.03,10.87,,,,
2025-12-17 22:00,189,129.86,169.2,390.92,0.79,145.41,10.56,,,,
2025-12-17 23:00,192,134.5,177.3,414.35,0.93,143.64,10.3,,,,
2025-12-18 00:00,196,141.96,191.49,448.04,1.06,141.51,10.1,,,,
2025-12-18 00:00,196,141.96,191.49,448.04,1.06,141.51,10.1,,,,
2025-12-18 01:00,199,149.32,208.22,472.96,1.05,141.22,10.48,,,,
2025-12-18 02:00,212,161.5,232.67,521.02,1.16,138.37,10.59,,,,
2025-12-18 03:00,227,176.73,262.5,576.93,1.37,134.24,10.64,,,,
2025-12-18 04:00,242,192.1,292.88,629.61,1.86,129.59,10.62,,,,
2025-12-18 05:00,255,205.09,318.14,665.84,2.21,127.81,10.54,,,,
2025-12-18 06:00,264,214.0,334.81,680.55,2.31,130.96,10.43,,,,
2025-12-18 07:00,268,218.25,342.0,674.5,2.12,138.95,10.25,,,,
2025-12-18 08:00,269,218.88,341.65,654.18,1.84,148.53,9.96,,,,
2025-12-18 09:00,264,214.47,331.97,619.11,1.66,157.68,9.67,,,,
2025-12-18 10:00,259,208.71,319.16,588.68,1.67,165.28,9.26,,,,
2025-12-18 11:00,254,204.47,309.44,572.4,1.83,169.56,8.81,,,,
2025-12-18 12:00,248,198.07,296.19,553.29,2.08,171.39,8.64,,,,
2025-12-18 13:00,242,191.5,283.16,536.1,2.28,172.32,8.65,,,,
2025-12-18 14:00,236,185.98,272.65,522.01,1.92,171.28,8.71,,,,
2025-12-18 15:00,232,181.6,264.84,508.04,1.51,169.94,8.95,,,,
2025-12-18 16:00,229,178.94,259.74,495.77,1.3,169.32,9.42,,,,
2025-12-18 17:00,230,179.35,259.5,498.99,1.22,168.3,9.69,,,,
2025-12-18 18:00,231,180.92,261.62,509.58,1.24,167.18,10.11,,,,
2025-12-18 19:00,233,182.31,263.97,528.87,1.37,165.83,10.79,,,,
2025-12-18 20:00,234,183.47,267.13,567.31,1.83,163.03,11.82,,,,
2025-12-18 21:00,234,184.22,271.51,628.41,2.57,158.18,13.3,,,,
2025-12-18 22:00,234,184.26,276.42,686.17,3.19,152.41,15.05,,,,
2025-12-18 23:00,235,184.45,282.17,738.24,3.55,145.5,16.35,,,,
2025-12-19 00:00,236,185.74,289.51,778.8,3.63,137.72,16.97,,,,
2025-12-19 00:00,236,185.74,289.51,778.8,3.63,137.72,16.97,,,,
2025-12-19 01:00,239,188.57,297.8,802.46,3.52,129.33,16.58,,,,
2025-12-19 02:00,243,193.22,306.1,811.74,3.28,121.08,15.12,,,,
2025-12-19 03:00,248,197.85,311.36,798.88,3.05,114.19,13.22,,,,
2025-12-19 04:00,251,200.82,311.55,765.13,3.19,109.22,10.99,,,,
2025-12-19 05:00,252,201.48,307.19,719.75,2.98,108.64,8.97,,,,
2025-12-19 06:00,249,198.99,298.76,668.12,2.5,113.78,7.47,,,,
2025-12-19 07:00,244,193.84,287.94,615.46,1.9,121.05,6.45,,,,
2025-12-19 08:00,239,189.29,278.74,576.43,1.48,126.99,5.75,,,,
2025-12-19 09:00,235,184.89,270.73,545.09,1.31,131.59,5.38,,,,
2025-12-19 10:00,231,181.21,265.27,521.47,1.33,135.89,5.31,,,,
2025-12-19 11:00,227,177.11,260.86,500.79,1.45,138.45,5.25,,,,
2025-12-19 12:00,223,172.2,256.78,480.27,1.65,139.29,5.26,,,,
2025-12-19 13:00,219,169.01,254.25,466.7,1.75,138.8,5.28,,,,
2025-12-19 14:00,218,167.59,253.07,458.05,1.42,136.78,5.17,,,,
2025-12-19 15:00,216,165.75,252.35,446.09,1.1,134.97,4.98,,,,
2025-12-19 16:00,214,163.91,252.28,433.94,0.92,133.48,4.76,,,,
2025-12-19 17:00,212,161.73,251.15,422.54,0.8,132.0,4.59,,,,
2025-12-19 18:00,210,159.22,248.48,411.86,0.73,130.92,4.45,,,,
2025-12-19 19:00,207,156.36,244.45,402.82,0.69,129.69,4.33,,,,
2025-12-19 20:00,204,153.37,239.09,397.3,0.69,128.51,4.29,,,,
2025-12-19 21:00,200,150.26,233.01,395.23,0.72,127.47,4.35,,,,
2025-12-19 22:00,198,146.78,226.63,396.03,0.78,126.9,4.49,,,,
2025-12-19 23:00,196,143.36,220.53,394.26,0.8,126.15,4.57,,,,
2025-12-20 00:00,195,140.2,215.15,391.9,0.79,125.64,4.63,,,,
2025-12-20 00:00,195,140.2,215.15,391.9,0.79,125.64,4.63,,,,
2025-12-20 01:00,193,137.49,210.52,389.21,0.78,126.05,4.79,,,,
2025-12-20 02:00,193,136.86,208.41,397.22,0.8,125.28,4.89,,,,
2025-12-20 03:00,194,137.87,208.6,413.18,0.9,123.9,4.95,,,,
2025-12-20 04:00,195,139.97,210.13,435.36,1.12,122.44,5.03,,,,
2025-12-20 05:00,196,143.09,212.97,457.79,1.2,122.37,5.05,,,,
2025-12-20 06:00,198,146.81,216.4,477.15,1.13,124.9,5.02,,,,
2025-12-20 07:00,199,148.75,216.46,485.9,0.94,128.88,4.94,,,,
2025-12-20 08:00,202,151.3,217.81,491.03,0.76,132.01,4.78,,,,
2025-12-20 09:00,204,153.88,219.87,494.38,0.67,134.38,4.61,,,,
2025-12-20 10:00,204,153.7,218.7,483.93,0.64,136.69,4.48,,,,
2025-12-20 11:00,203,152.17,215.23,472.23,0.67,138.14,4.35,,,,
2025-12-20 12:00,200,150.29,211.32,461.14,0.73,138.11,4.2,,,,
2025-12-20 13:00,199,149.12,208.45,456.5,0.73,138.3,4.09,,,,
2025-12-20 14:00,199,148.26,205.86,457.49,0.62,138.58,4.01,,,,
2025-12-20 15:00,198,146.3,201.51,454.45,0.53,138.41,3.88,,,,
2025-12-20 16:00,197,143.87,196.44,449.11,0.48,137.67,3.71,,,,
2025-12-20 17:00,196,142.45,192.87,447.66,0.45,136.98,3.56,,,,
2025-12-20 18:00,195,140.31,188.2,440.51,0.42,136.02,3.35,,,,
2025-12-20 19:00,193,136.16,180.42,421.87,0.38,134.38,3.03,,,,
2025-12-20 20:00,191,132.42,173.55,401.38,0.34,132.77,2.67,,,,
2025-12-20 21:00,189,129.92,168.82,383.74,0.3,131.06,2.33,,,,
2025-12-20 22:00,188,127.19,163.81,366.57,0.25,129.15,1.97,,,,
2025-12-20 23:00,186,124.0,158.38,351.54,0.21,127.23,1.63,,,,
2025-12-21 00:00,185,120.81,153.26,341.86,0.17,125.22,1.36,,,,
2025-12-21 00:00,185,120.81,153.26,341.86,0.17,125.22,1.36,,,,
2025-12-21 01:00,182,114.86,144.26,330.99,0.14,123.61,1.11,,,,
2025-12-21 02:00,176,103.87,128.59,318.28,0.12,121.47,0.87,,,,
2025-12-21 03:00,169,89.74,109.58,304.32,0.11,118.21,0.66,,,,
2025-12-21 04:00,160,73.57,88.7,285.92,0.12,114.25,0.5,,,,
2025-12-21 05:00,153,58.86,70.35,267.97,0.11,110.08,0.38,,,,
2025-12-21 06:00,128,46.54,55.41,250.26,0.11,105.73,0.29,,,,
2025-12-21 07:00,99,35.11,41.89,229.86,0.1,101.01,0.22,,,,
2025-12-21 08:00,79,25.5,30.95,208.14,0.1,96.55,0.17,,,,
2025-12-21 09:00,63,18.03,22.89,187.41,0.11,93.19,0.15,,,,
2025-12-21 10:00,51,12.14,17.03,167.63,0.14,91.65,0.15,,,,
2025-12-21 11:00,33,8.02,13.44,150.45,0.18,91.44,0.15,,,,
2025-12-21 12:00,24,5.78,12.15,138.68,0.23,92.54,0.17,,,,
2025-12-21 13:00,20,4.85,12.32,131.62,0.29,94.15,0.2,,,,
2025-12-21 14:00,19,4.62,13.13,128.04,0.29,95.85,0.22,,,,
2025-12-21 15:00,19,4.65,14.04,126.16,0.28,97.38,0.25,,,,
2025-12-21 16:00,20,4.73,14.75,125.03,0.27,98.58,0.27,,,,
2025-12-21 17:00,20,4.84,15.5,124.32,0.27,100.15,0.3,,,,
2025-12-21 18:00,21,4.97,16.28,123.55,0.27,101.91,0.34,,,,
2025-12-21 19:00,21,5.11,17.06,123.04,0.27,103.84,0.39,,,,
2025-12-21 20:00,22,5.25,17.78,122.88,0.28,105.53,0.43,,,,
2025-12-21 21:00,22,5.32,18.23,122.71,0.28,106.94,0.45,,,,
2025-12-21 22:00,22,5.28,18.33,122.75,0.27,107.76,0.46,,,,
2025-12-21 23:00,21,5.15,18.1,123.39,0.27,108.31,0.46,,,,
2025-12-22 00:00,21,5.01,17.81,124.54,0.27,108.32,0.43,,,,
2025-12-22 00:00,21,5.01,17.81,124.54,0.27,108.32,0.43,,,,
2025-12-22 01:00,20,4.89,17.57,126.32,0.26,107.86,0.4,,,,
2025-12-22 02:00,20,4.85,17.52,128.71,0.26,107.16,0.35,,,,
2025-12-22 03:00,20,4.89,17.78,131.11,0.29,106.3,0.31,,,,
2025-12-22 04:00,21,4.95,18.06,132.38,0.32,105.24,0.29,,,,
2025-12-22 05:00,21,5.09,18.45,133.91,0.32,104.88,0.32,,,,
2025-12-22 06:00,22,5.36,19.1,136.27,0.33,105.24,0.5,,,,
2025-12-22 07:00,24,5.82,19.99,138.98,0.35,106.0,0.84,,,,
2025-12-22 08:00,28,6.63,21.35,142.14,0.36,107.73,1.33,,,,
2025-12-22 09:00,33,7.94,23.3,146.62,0.39,110.63,2.05,,,,
2025-12-22 10:00,39,9.4,25.51,150.23,0.4,113.74,2.66,,,,
2025-12-22 11:00,44,10.68,27.56,153.11,0.43,116.36,3.07,,,,
2025-12-22 12:00,48,11.6,29.02,155.45,0.52,117.94,3.38,,,,
2025-12-22 13:00,51,12.25,30.11,157.62,0.61,119.18,3.62,,,,
2025-12-22 14:00,52,12.73,31.2,159.26,0.55,119.4,3.63,,,,
2025-12-22 15:00,53,12.95,31.92,159.28,0.47,118.81,3.4,,,,
2025-12-22 16:00,53,12.95,32.05,158.16,0.42,117.91,3.11,,,,
2025-12-22 17:00,53,13.08,32.48,157.44,0.39,117.06,2.92,,,,
2025-12-22 18:00,54,13.32,33.39,157.02,0.4,116.05,2.83,,,,
2025-12-22 19:00,55,13.85,34.96,161.28,0.55,114.59,3.03,,,,
2025-12-22 20:00,58,15.65,38.88,179.5,1.01,112.97,3.77,,,,
2025-12-22 21:00,70,21.21,49.65,225.76,1.77,110.31,5.64,,,,
2025-12-22 22:00,98,34.43,72.81,291.53,2.38,107.4,8.82,,,,
2025-12-22 23:00,147,54.28,105.51,376.92,2.82,104.23,10.65,,,,
2025-12-23 00:00,163,79.49,143.95,461.75,2.91,101.89,11.55,,,,
2025-12-23 00:00,163,79.49,143.95,461.75,2.91,101.89,11.55,,,,
2025-12-23 01:00,176,104.85,179.6,525.07,2.65,101.69,11.64,,,,
2025-12-23 02:00,187,124.64,204.53,562.24,2.27,103.45,11.06,,,,
2025-12-23 03:00,193,137.28,218.7,580.22,2.07,106.44,10.26,,,,
2025-12-23 04:00,196,142.67,223.4,584.6,2.35,110.16,9.52,,,,
2025-12-23 05:00,196,143.24,223.21,584.33,2.52,115.77,9.27,,,,
2025-12-23 06:00,194,139.73,218.45,575.9,2.52,123.97,9.54,,,,
2025-12-23 07:00,186,123.66,194.28,522.92,2.17,131.0,9.59,,,,
2025-12-23 08:00,180,110.9,174.21,476.31,1.67,136.91,9.5,,,,
2025-12-23 09:00,175,101.2,158.16,438.57,1.33,140.39,9.32,,,,
2025-12-23 10:00,169,89.46,139.26,395.97,1.14,141.02,8.76,,,,
2025-12-23 11:00,164,79.79,124.16,364.74,1.16,139.67,8.3,,,,
2025-12-23 12:00,161,74.54,116.37,351.2,1.39,138.99,8.39,,,,
2025-12-23 13:00,159,71.52,112.37,346.65,1.67,138.32,8.85,,,,
2025-12-23 14:00,158,69.47,110.07,346.32,1.72,136.76,9.53,,,,
2025-12-23 15:00,158,68.36,109.52,349.67,1.79,134.78,10.34,,,,
2025-12-23 16:00,158,68.4,110.99,358.82,1.95,132.8,11.17,,,,
2025-12-23 17:00,158,69.2,114.09,370.33,2.07,130.54,11.82,,,,
2025-12-23 18:00,158,69.93,117.31,382.2,2.13,127.97,12.21,,,,
2025-12-23 19:00,159,70.28,119.9,390.82,2.12,125.17,12.35,,,,
2025-12-23 20:00,158,69.91,121.34,396.18,2.09,122.14,12.37,,,,
2025-12-23 21:00,158,68.2,120.07,393.45,2.01,118.95,12.18,,,,
2025-12-23 22:00,156,64.64,115.11,380.42,1.88,116.07,11.75,,,,
2025-12-23 23:00,153,60.07,108.09,361.73,1.74,113.84,11.17,,,,
2025-12-24 00:00,149,55.13,100.41,340.52,1.61,112.07,10.53,,,,
2025-12-24 00:00,149,55.13,100.41,340.52,1.61,112.07,10.53,,,,
2025-12-24 01:00,137,50.04,92.69,318.89,1.51,110.74,9.96,,,,
2025-12-24 02:00,124,45.01,85.42,298.2,1.43,109.65,9.5,,,,
2025-12-24 03:00,114,40.62,79.29,279.8,1.51,109.15,9.06,,,,
2025-12-24 04:00,106,37.68,75.71,266.55,1.82,109.18,8.72,,,,
2025-12-24 05:00,106,37.42,76.73,263.48,1.8,111.38,8.54,,,,
2025-12-24 06:00,111,39.65,81.39,267.78,1.61,115.76,8.38,,,,
2025-12-24 07:00,121,43.47,87.61,274.79,1.29,121.18,8.16,,,,
2025-12-24 08:00,132,47.95,94.16,282.58,1.01,126.34,7.95,,,,
2025-12-24 09:00,143,52.55,100.41,291.73,0.84,130.66,7.7,,,,
2025-12-24 10:00,151,55.98,104.13,297.51,0.77,133.67,7.46,,,,
2025-12-24 11:00,152,57.57,104.76,298.19,0.79,135.42,7.28,,,,
2025-12-24 12:00,152,57.94,103.79,297.63,0.9,135.89,7.23,,,,
2025-12-24 13:00,152,57.41,101.64,296.88,1.0,136.15,7.39,,,,
2025-12-24 14:00,151,56.2,98.78,294.75,0.92,136.31,7.73,,,,
2025-12-24 15:00,148,54.63,95.38,291.79,0.84,136.22,8.01,,,,
2025-12-24 16:00,145,53.29,92.49,289.05,0.78,135.96,8.17,,,,
2025-12-24 17:00,142,52.35,90.26,286.7,0.73,135.24,8.23,,,,
2025-12-24 18:00,140,51.5,88.5,284.65,0.71,134.56,8.33,,,,
2025-12-24 19:00,139,50.86,87.1,282.97,0.69,133.69,8.41,,,,
2025-12-24 20:00,137,49.99,85.26,279.94,0.67,132.26,8.48,,,,
2025-12-24 21:00,133,48.51,82.84,277.14,0.68,131.19,8.67,,,,
2025-12-24 22:00,127,46.19,79.03,269.42,0.63,130.33,8.58,,,,
2025-12-24 23:00,121,43.63,74.83,261.54,0.59,129.23,8.34,,,,
2025-12-25 00:00,115,41.33,71.13,255.63,0.58,128.14,8.05,,,,
2025-12-25 00:00,115,41.33,71.13,255.63,0.58,128.14,8.05,,,,
2025-12-25 01:00,111,39.68,68.55,253.77,0.64,126.76,7.88,,,,
2025-12-25 02:00,110,39.15,68.05,259.74,0.8,125.01,8.12,,,,
2025-12-25 03:00,111,39.66,69.59,271.21,1.06,123.91,8.71,,,,
2025-12-25 04:00,116,41.79,74.23,291.59,1.57,122.54,9.61,,,,
2025-12-25 05:00,124,44.68,79.67,310.01,1.75,122.92,10.03,,,,
2025-12-25 06:00,131,47.65,84.29,321.14,1.6,125.31,9.87,,,,
2025-12-25 07:00,136,49.79,86.46,319.84,1.2,128.85,9.31,,,,
2025-12-25 08:00,141,51.87,88.34,317.67,0.86,131.97,8.75,,,,
2025-12-25 09:00,147,54.19,90.89,317.94,0.71,134.11,8.3,,,,
2025-12-25 10:00,150,55.27,91.32,314.79,0.65,135.73,7.87,,,,
2025-12-25 11:00,148,54.67,89.08,307.1,0.66,135.91,7.33,,,,
2025-12-25 12:00,145,53.38,86.14,298.81,0.71,135.02,6.77,,,,
2025-12-25 13:00,142,52.02,83.44,292.1,0.7,133.85,6.29,,,,
2025-12-25 14:00,137,50.3,80.24,284.19,0.59,132.69,5.8,,,,
2025-12-25 15:00,132,47.91,76.0,273.82,0.5,131.0,5.28,,,,
2025-12-25 16:00,126,45.57,71.85,263.18,0.44,129.1,4.8,,,,
2025-12-25 17:00,120,43.12,67.56,252.03,0.4,127.27,4.32,,,,
2025-12-25 18:00,112,39.93,62.28,238.01,0.36,124.82,3.77,,,,
2025-12-25 19:00,104,36.6,56.91,222.78,0.31,122.19,3.22,,,,
2025-12-25 20:00,97,33.82,52.47,209.69,0.28,119.66,2.78,,,,
2025-12-25 21:00,92,31.52,48.9,199.0,0.25,117.58,2.42,,,,
2025-12-25 22:00,87,29.21,45.46,188.49,0.22,115.03,2.08,,,,
2025-12-25 23:00,82,26.93,42.32,178.44,0.19,112.53,1.76,,,,
2025-12-26 00:00,78,24.98,39.79,170.18,0.17,110.26,1.5,,,,
2025-12-26 00:00,78,24.98,39.79,170.18,0.17,110.26,1.5,,,,
2025-12-26 01:00,74,23.25,37.7,162.99,0.15,108.29,1.27,,,,
2025-12-26 02:00,71,21.68,35.88,156.64,0.13,106.43,1.07,,,,
2025-12-26 03:00,68,20.29,34.26,150.96,0.13,104.9,0.89,,,,
2025-12-26 04:00,66,19.28,32.93,146.61,0.14,103.42,0.77,,,,
2025-12-26 05:00,65,18.81,32.09,144.6,0.15,102.5,0.72,,,,
2025-12-26 06:00,65,18.68,31.8,145.65,0.18,101.89,0.78,,,,
2025-12-26 07:00,65,18.73,31.67,145.98,0.18,101.65,0.88,,,,
2025-12-26 08:00,65,18.98,31.71,146.39,0.16,101.64,0.99,,,,
2025-12-26 09:00,67,19.65,32.2,149.52,0.16,102.33,1.2,,,,
2025-12-26 10:00,68,20.35,32.73,151.85,0.17,103.4,1.38,,,,
2025-12-26 11:00,69,20.59,32.75,151.88,0.19,103.41,1.42,,,,
2025-12-26 12:00,69,20.63,32.57,151.34,0.22,103.29,1.42,,,,
2025-12-26 13:00,69,20.7,32.47,151.25,0.24,103.34,1.42,,,,
2025-12-26 14:00,69,20.74,32.34,150.93,0.22,103.24,1.39,,,,
2025-12-26 15:00,69,20.64,32.1,149.54,0.19,102.9,1.31,,,,
2025-12-26 16:00,69,20.57,31.84,148.19,0.18,102.68,1.26,,,,
2025-12-26 17:00,68,20.41,31.42,146.82,0.17,102.47,1.2,,,,
2025-12-26 18:00,68,20.1,30.83,144.55,0.16,101.91,1.13,,,,
2025-12-26 19:00,67,19.86,30.31,142.4,0.15,101.5,1.08,,,,
2025-12-26 20:00,68,20.0,30.25,141.79,0.15,101.64,1.13,,,,
2025-12-26 21:00,69,20.5,30.77,144.16,0.18,102.34,1.32,,,,
2025-12-26 22:00,70,21.34,31.96,149.26,0.24,103.26,1.79,,,,
2025-12-26 23:00,74,23.01,34.77,160.12,0.39,104.6,2.83,,,,
2025-12-27 00:00,81,26.2,40.56,179.88,0.64,106.61,4.66,,,,
2025-12-27 00:00,81,26.2,40.56,179.88,0.64,106.61,4.66,,,,
2025-12-27 01:00,91,31.26,50.3,207.73,0.88,109.11,7.03,,,,
2025-12-27 02:00,105,37.01,61.65,234.31,1.01,111.58,9.01,,,,
2025-12-27 03:00,118,42.39,72.25,255.9,1.12,113.6,10.22,,,,
2025-12-27 04:00,131,47.88,82.86,275.59,1.45,115.26,10.95,,,,
2025-12-27 05:00,146,53.64,93.48,293.41,1.53,118.28,11.26,,,,
2025-12-27 06:00,153,58.96,102.59,306.21,1.39,122.23,11.15,,,,
2025-12-27 07:00,155,62.93,108.43,311.42,1.11,126.69,10.75,,,,
2025-12-27 08:00,156,66.14,112.75,313.45,0.88,130.59,10.28,,,,
2025-12-27 09:00,158,68.75,116.15,314.17,0.76,133.57,9.79,,,,
2025-12-27 10:00,159,70.31,117.87,311.93,0.73,136.19,9.42,,,,
2025-12-27 11:00,159,70.93,118.3,308.76,0.76,137.85,9.17,,,,
2025-12-27 12:00,159,71.27,118.52,306.07,0.83,138.74,8.97,,,,
2025-12-27 13:00,159,71.71,119.13,304.81,0.86,139.22,8.84,,,,
2025-12-27 14:00,159,71.92,119.39,303.17,0.75,139.65,8.76,,,,
2025-12-27 15:00,160,72.06,119.48,301.3,0.68,139.67,8.72,,,,
2025-12-27 16:00,160,72.02,119.41,299.28,0.63,139.67,8.63,,,,
2025-12-27 17:00,159,71.82,119.03,295.91,0.61,139.51,8.55,,,,
2025-12-27 18:00,159,71.43,118.38,292.19,0.59,139.34,8.56,,,,
2025-12-27 19:00,159,70.93,117.53,288.69,0.59,139.17,8.65,,,,
2025-12-27 20:00,159,70.29,116.56,286.47,0.63,138.57,8.9,,,,
2025-12-27 21:00,158,69.7,116.03,288.67,0.78,137.62,9.6,,,,
2025-12-27 22:00,158,69.34,116.47,295.06,0.97,136.83,10.64,,,,
2025-12-27 23:00,158,69.46,119.03,306.58,1.18,135.48,11.85,,,,
2025-12-28 00:00,159,70.35,124.78,321.21,1.36,133.62,13.09,,,,
2025-12-28 00:00,159,70.35,124.78,321.21,1.36,133.62,13.09,,,,
2025-12-28 01:00,160,72.02,134.09,335.32,1.47,131.96,14.07,,,,
2025-12-28 02:00,161,74.05,144.96,346.57,1.48,129.71,14.61,,,,
2025-12-28 03:00,162,76.12,155.51,354.12,1.53,127.67,14.73,,,,
2025-12-28 04:00,163,78.8,168.2,361.74,1.92,125.4,14.48,,,,
2025-12-28 05:00,165,82.2,181.96,368.59,2.02,124.01,13.87,,,,
2025-12-28 06:00,167,85.55,191.92,370.67,1.84,126.21,13.0,,,,
2025-12-28 07:00,168,88.1,196.13,365.97,1.47,130.14,11.96,,,,
2025-12-28 08:00,169,90.45,198.33,361.06,1.16,133.9,10.98,,,,
2025-12-28 09:00,170,92.38,198.85,356.04,1.0,137.09,10.11,,,,
2025-12-28 10:00,171,93.51,197.59,350.77,0.98,140.11,9.55,,,,
2025-12-28 11:00,171,93.44,194.3,343.8,1.03,141.62,9.14,,,,
2025-12-28 12:00,170,92.68,189.75,336.83,1.14,142.01,8.76,,,,
2025-12-28 13:00,170,91.57,184.63,328.8,1.2,141.48,8.44,,,,
2025-12-28 14:00,169,90.23,178.97,320.76,1.01,140.84,8.12,,,,
2025-12-28 15:00,168,88.86,173.04,312.36,0.8,140.2,7.7,,,,
2025-12-28 16:00,168,87.6,167.12,305.11,0.68,139.5,7.21,,,,
2025-12-28 17:00,167,86.95,163.14,301.52,0.62,139.23,7.06,,,,
2025-12-28 18:00,167,86.61,159.95,299.0,0.59,139.17,7.06,,,,
2025-12-28 19:00,167,86.4,157.5,297.32,0.56,139.37,7.1,,,,
2025-12-28 20:00,167,86.27,155.64,296.72,0.55,139.53,7.24,,,,
2025-12-28 21:00,167,86.32,154.76,298.98,0.59,139.58,7.67,,,,
2025-12-28 22:00,166,85.37,150.8,297.79,0.64,139.37,8.3,,,,
2025-12-28 23:00,166,84.54,147.68,299.32,0.72,138.65,9.0,,,,
2025-12-29 00:00,166,84.51,147.5,306.94,0.85,138.08,10.14,,,,
2025-12-29 00:00,166,84.51,147.5,306.94,0.85,138.08,10.14,,,,
2025-12-29 01:00,166,85.02,149.14,320.14,1.02,136.79,11.6,,,,
2025-12-29 02:00,167,86.0,152.65,336.32,1.18,135.45,13.08,,,,
2025-12-29 03:00,168,87.53,158.25,351.93,1.37,133.95,14.25,,,,
2025-12-29 04:00,169,89.49,165.3,366.91,1.8,132.23,14.85,,,,
2025-12-29 05:00,170,91.63,171.57,376.37,1.82,132.13,14.62,,,,
2025-12-29 06:00,171,93.86,175.96,380.22,1.56,133.76,13.7,,,,
2025-12-29 07:00,172,95.82,177.9,378.94,1.21,136.14,12.39,,,,
2025-12-29 08:00,173,98.35,180.11,379.59,0.95,138.13,11.11,,,,
2025-12-29 09:00,174,100.47,181.27,378.79,0.8,139.08,9.99,,,,
2025-12-29 10:00,175,101.49,180.08,374.11,0.74,140.21,9.09,,,,
2025-12-29 11:00,174,100.68,175.49,365.05,0.74,140.22,8.34,,,,
2025-12-29 12:00,173,98.91,169.44,354.1,0.76,139.47,7.7,,,,
2025-12-29 13:00,173,97.33,164.12,345.57,0.74,139.07,7.2,,,,
2025-12-29 14:00,172,95.31,158.42,335.38,0.61,138.58,6.81,,,,
2025-12-29 15:00,170,92.92,151.96,324.47,0.52,138.45,6.51,,,,
2025-12-29 16:00,168,89.37,143.15,309.84,0.45,138.5,6.36,,,,
2025-12-29 17:00,167,86.64,136.37,299.7,0.4,138.03,6.04,,,,
2025-12-29 18:00,166,84.31,131.42,291.7,0.37,137.41,5.65,,,,
2025-12-29 19:00,165,81.69,126.38,283.32,0.34,136.67,5.19,,,,
2025-12-29 20:00,163,79.29,121.73,274.66,0.31,135.4,4.7,,,,
2025-12-29 21:00,162,77.47,118.11,267.91,0.28,134.44,4.26,,,,
2025-12-29 22:00,162,75.92,114.67,263.02,0.26,133.56,3.83,,,,
2025-12-29 23:00,161,74.08,110.6,258.3,0.24,132.52,3.4,,,,
2025-12-30 00:00,160,72.04,106.07,254.01,0.22,131.72,2.97,,,,
2025-12-30 00:00,160,72.04,106.07,254.01,0.22,131.72,2.97,,,,
2025-12-30 01:00,159,70.24,102.09,250.7,0.2,131.15,2.65,,,,
2025-12-30 02:00,158,68.86,98.97,249.09,0.19,130.3,2.42,,,,
2025-12-30 03:00,157,67.72,96.45,247.79,0.2,129.5,2.23,,,,
2025-12-30 04:00,157,66.38,93.79,246.48,0.24,129.22,2.13,,,,
2025-12-30 05:00,156,64.39,89.83,243.87,0.23,128.72,1.93,,,,
2025-12-30 06:00,154,61.55,84.47,238.16,0.19,128.06,1.66,,,,
2025-12-30 07:00,152,57.31,77.0,229.91,0.14,126.7,1.33,,,,
2025-12-30 08:00,143,52.45,69.06,221.41,0.11,124.75,1.04,,,,
2025-12-30 09:00,131,47.58,61.58,214.12,0.09,122.35,0.85,,,,
2025-12-30 10:00,119,42.82,54.58,207.45,0.09,120.33,0.7,,,,
2025-12-30 11:00,108,38.47,48.42,199.68,0.09,117.87,0.59,,,,
2025-12-30 12:00,99,35.07,43.87,190.92,0.09,114.96,0.51,,,,
2025-12-30 13:00,94,32.6,40.75,181.76,0.1,112.28,0.46,,,,
2025-12-30 14:00,90,30.64,38.54,171.38,0.09,109.05,0.41,,,,
2025-12-30 15:00,86,28.69,36.62,159.66,0.08,105.48,0.36,,,,
2025-12-30 16:00,81,26.53,34.66,148.86,0.07,101.89,0.32,,,,
2025-12-30 17:00,77,24.46,32.87,141.01,0.07,98.8,0.28,,,,
2025-12-30 18:00,72,22.19,30.79,136.57,0.07,96.07,0.26,,,,
2025-12-30 19:00,67,19.67,27.68,136.07,0.06,94.08,0.25,,,,
2025-12-30 20:00,61,17.01,23.73,139.71,0.06,92.45,0.23,,,,
2025-12-30 21:00,56,14.5,19.74,146.58,0.06,91.17,0.22,,,,
2025-12-30 22:00,52,12.54,16.33,154.06,0.05,89.53,0.22,,,,
2025-12-30 23:00,50,11.88,15.0,160.84,0.06,88.64,0.23,,,,
2025-12-31 00:00,49,11.82,15.02,163.58,0.08,88.88,0.26,,,,
2025-12-31 00:00,49,11.82,15.02,163.58,0.08,88.88,0.26,,,,
2025-12-31 01:00,47,11.21,15.44,157.21,0.12,91.3,0.31,,,,
2025-12-31 02:00,42,10.01,16.36,145.18,0.18,95.18,0.39,,,,
2025-12-31 03:00,38,9.13,18.65,132.87,0.24,98.96,0.49,,,,
2025-12-31 04:00,37,8.83,22.94,123.25,0.31,102.64,0.6,,,,
2025-12-31 05:00,39,9.36,29.21,116.64,0.31,104.97,0.72,,,,
2025-12-31 06:00,42,10.19,35.09,112.98,0.28,105.73,0.82,,,,
2025-12-31 07:00,44,10.44,37.85,111.02,0.23,104.68,0.87,,,,
2025-12-31 08:00,41,9.9,36.46,110.06,0.19,102.88,0.85,,,,
2025-12-31 09:00,38,9.12,33.37,109.37,0.17,101.57,0.81,,,,
2025-12-31 10:00,36,8.7,31.27,109.83,0.17,101.46,0.79,,,,
2025-12-31 11:00,37,8.8,30.97,110.68,0.19,102.34,0.81,,,,
2025-12-31 12:00,38,9.11,31.55,111.74,0.22,103.74,0.85,,,,
2025-12-31 13:00,39,9.34,32.01,112.24,0.25,104.91,0.86,,,,
2025-12-31 14:00,39,9.4,31.99,112.6,0.24,105.73,0.84,,,,
2025-12-31 15:00,38,9.14,30.91,112.42,0.23,105.9,0.77,,,,
2025-12-31 16:00,36,8.67,29.15,112.03,0.21,104.87,0.66,,,,
2025-12-31 17:00,35,8.32,28.08,112.78,0.21,103.7,0.55,,,,
2025-12-31 18:00,35,8.47,29.41,114.95,0.21,102.71,0.47,,,,
2025-12-31 19:00,38,9.21,33.94,118.14,0.22,102.51,0.44,,,,
2025-12-31 20:00,43,10.42,41.76,121.5,0.25,102.9,0.45,,,,
2025-12-31 21:00,50,11.93,52.24,124.38,0.28,103.59,0.47,,,,
2025-12-31 22:00,54,13.5,63.68,126.95,0.31,104.77,0.46,,,,
2025-12-31 23:00,57,14.8,73.2,128.59,0.31,105.79,0.42,,,,
2026-01-01 00:00,58,15.55,78.68,129.81,0.32,106.42,0.42,,,,
2026-01-01 00:00,58,15.55,78.68,129.81,0.32,106.42,0.42,,,,
2026-01-02 01:00,153,59.33,113.28,319.57,1.03,113.09,7.72,,,,
2026-01-02 02:00,153,59.51,114.03,319.8,1.0,112.05,7.35,,,,
2026-01-02 03:00,153,59.14,113.62,318.11,1.06,111.57,7.2,,,,
2026-01-02 04:00,152,57.79,111.48,311.75,1.36,111.42,7.13,,,,
2026-01-02 05:00,151,56.28,108.63,304.45,1.44,113.32,7.14,,,,
2026-01-02 06:00,150,55.29,106.05,296.77,1.36,117.27,7.17,,,,
2026-01-02 07:00,148,54.76,103.86,289.29,1.15,122.17,7.17,,,,
2026-01-02 08:00,149,54.97,102.79,284.19,0.93,127.16,7.15,,,,
2026-01-02 09:00,150,55.37,102.16,280.79,0.8,131.52,7.15,,,,
2026-01-02 10:00,151,55.82,101.75,279.71,0.77,135.89,7.24,,,,
2026-01-02 11:00,151,55.86,101.14,278.78,0.83,138.41,7.37,,,,
2026-01-02 12:00,150,55.32,99.88,277.62,0.97,140.01,7.51,,,,
2026-01-02 13:00,148,54.53,98.44,278.0,1.12,140.73,7.72,,,,
2026-01-02 14:00,146,53.8,97.19,278.61,1.06,141.35,8.0,,,,
2026-01-02 15:00,145,53.37,96.46,280.54,1.0,141.67,8.34,,,,
2026-01-02 16:00,144,52.98,95.86,283.07,1.0,141.67,8.67,,,,
2026-01-02 17:00,144,52.79,95.65,286.9,1.03,141.41,9.05,,,,
2026-01-02 18:00,144,53.11,96.51,292.65,1.07,141.15,9.47,,,,
2026-01-02 19:00,146,53.77,98.0,300.18,1.12,140.58,9.92,,,,
2026-01-02 20:00,148,54.75,100.31,310.57,1.21,139.78,10.38,,,,
2026-01-02 21:00,151,56.18,103.81,323.72,1.31,138.63,10.88,,,,
2026-01-02 22:00,152,58.03,107.87,336.93,1.35,137.62,11.37,,,,
2026-01-02 23:00,153,59.62,111.22,348.19,1.36,136.12,11.74,,,,
2026-01-03 00:00,154,60.82,113.74,356.69,1.35,134.36,12.05,,,,
2026-01-03 00:00,154,60.82,113.74,356.69,1.35,134.36,12.05,,,,
2026-01-03 01:00,154,61.53,115.15,361.5,1.31,132.91,12.31,,,,
2026-01-03 02:00,154,61.84,115.6,361.79,1.21,131.36,12.41,,,,
2026-01-03 03:00,154,61.61,114.86,357.98,1.17,130.32,12.33,,,,
2026-01-03 04:00,153,60.3,112.34,350.64,1.34,129.07,11.99,,,,
2026-01-03 05:00,153,59.15,109.76,342.91,1.25,129.36,11.56,,,,
2026-01-03 06:00,153,58.95,107.89,335.3,1.03,131.72,10.99,,,,
2026-01-03 07:00,153,59.47,106.67,327.82,0.78,134.2,10.35,,,,
2026-01-03 08:00,154,60.35,105.96,322.23,0.61,135.86,9.69,,,,
2026-01-03 09:00,154,61.2,105.46,317.73,0.54,136.69,9.11,,,,
2026-01-03 10:00,154,62.09,105.18,314.56,0.52,137.49,8.54,,,,
2026-01-03 11:00,154,62.05,103.52,309.22,0.55,137.17,7.87,,,,
2026-01-03 12:00,154,61.09,100.66,302.51,0.59,135.89,7.16,,,,
2026-01-03 13:00,153,59.48,97.13,294.8,0.59,134.28,6.46,,,,
2026-01-03 14:00,152,56.96,92.3,285.19,0.5,132.08,5.69,,,,
2026-01-03 15:00,145,53.45,86.17,271.57,0.42,129.58,4.86,,,,
2026-01-03 16:00,136,49.58,79.79,258.13,0.36,127.36,4.13,,,,
2026-01-03 17:00,126,45.61,73.68,244.83,0.32,125.29,3.53,,,,
2026-01-03 18:00,116,41.47,67.6,231.23,0.29,123.14,2.99,,,,
2026-01-03 19:00,106,37.34,61.64,217.7,0.26,121.21,2.52,,,,
2026-01-03 20:00,97,33.87,56.63,206.49,0.23,119.72,2.16,,,,
2026-01-03 21:00,91,31.33,52.92,198.17,0.22,118.68,1.91,,,,
2026-01-03 22:00,87,29.11,49.72,190.68,0.21,117.7,1.71,,,,
2026-01-03 23:00,83,27.28,47.17,184.98,0.2,116.97,1.61,,,,
2026-01-04 00:00,80,26.01,45.44,181.76,0.21,116.34,1.68,,,,
2026-01-04 00:00,80,26.01,45.44,181.76,0.21,116.34,1.68,,,,
2026-01-04 01:00,79,25.21,44.46,181.25,0.24,115.75,1.95,,,,
2026-01-04 02:00,78,24.72,44.05,182.24,0.3,115.28,2.32,,,,
2026-01-04 03:00,77,24.42,44.08,184.23,0.4,114.76,2.72,,,,
2026-01-04 04:00,78,24.95,45.27,190.61,0.61,114.1,3.37,,,,
2026-01-04 05:00,81,26.57,48.15,200.84,0.72,114.68,4.23,,,,
2026-01-04 06:00,86,28.86,51.94,211.22,0.69,116.45,5.01,,,,
2026-01-04 07:00,92,31.51,55.95,219.65,0.55,119.23,5.59,,,,
2026-01-04 08:00,100,35.2,61.48,230.47,0.44,121.98,6.19,,,,
2026-01-04 09:00,111,39.47,67.96,242.67,0.41,124.91,6.75,,,,
2026-01-04 10:00,119,42.72,72.7,250.23,0.43,127.6,6.97,,,,
2026-01-04 11:00,123,44.28,74.75,252.42,0.48,129.02,6.84,,,,
2026-01-04 12:00,124,44.75,75.14,251.91,0.56,129.49,6.6,,,,
2026-01-04 13:00,123,44.52,74.59,250.61,0.62,129.37,6.33,,,,
2026-01-04 14:00,121,43.63,72.87,246.3,0.54,128.75,5.99,,,,
2026-01-04 15:00,117,41.99,69.91,239.03,0.47,127.55,5.58,,,,
2026-01-04 16:00,112,40.09,66.71,230.68,0.42,126.25,5.15,,,,
2026-01-04 17:00,108,38.36,63.93,223.17,0.39,124.93,4.75,,,,
2026-01-04 18:00,103,36.45,61.06,215.12,0.37,123.65,4.37,,,,
2026-01-04 19:00,98,34.57,58.38,207.27,0.34,122.21,3.99,,,,
2026-01-04 20:00,95,32.89,56.27,199.88,0.33,120.78,3.68,,,,
2026-01-04 21:00,92,31.59,54.93,194.23,0.32,120.0,3.49,,,,
2026-01-04 22:00,90,30.51,54.25,189.74,0.31,118.89,3.43,,,,
2026-01-04 23:00,88,29.83,54.5,188.36,0.34,117.89,3.68,,,,
2026-01-05 00:00,89,30.16,56.78,193.08,0.44,117.1,4.46,,,,
2026-01-05 00:00,89,30.16,56.78,193.08,0.44,117.1,4.46,,,,
2026-01-05 01:00,93,31.9,62.16,206.32,0.61,116.92,5.89,,,,
2026-01-05 02:00,100,35.22,70.81,227.43,0.81,117.33,7.79,,,,
2026-01-05 03:00,111,39.56,81.74,252.25,1.05,118.14,9.86,,,,
2026-01-05 04:00,124,45.02,95.08,279.49,1.55,118.92,11.96,,,,
2026-01-05 05:00,138,50.52,108.41,301.29,1.76,121.43,13.51,,,,
2026-01-05 06:00,151,55.5,119.82,314.09,1.61,126.04,14.23,,,,
2026-01-05 07:00,153,59.62,127.73,318.23,1.25,131.63,14.3,,,,
2026-01-05 08:00,155,62.92,132.84,318.11,0.96,136.72,14.14,,,,
2026-01-05 09:00,156,65.68,136.17,317.57,0.84,141.02,14.05,,,,
2026-01-05 10:00,157,67.58,137.51,315.84,0.82,145.56,14.11,,,,
2026-01-05 11:00,158,68.43,136.92,313.41,0.88,148.68,14.15,,,,
2026-01-05 12:00,158,68.41,135.17,310.92,1.0,150.98,14.25,,,,
2026-01-05 13:00,157,67.73,132.81,308.13,1.11,152.46,14.44,,,,
2026-01-05 14:00,157,66.57,130.3,305.14,1.01,152.96,14.52,,,,
2026-01-05 15:00,156,64.84,127.24,300.29,0.94,152.68,14.41,,,,
2026-01-05 16:00,155,63.2,125.05,297.15,0.96,152.01,14.51,,,,
2026-01-05 17:00,155,63.18,126.86,304.75,1.19,151.45,15.42,,,,
2026-01-05 18:00,156,64.86,133.85,324.28,1.57,149.86,16.51,,,,
2026-01-05 19:00,157,67.65,144.88,347.28,1.93,145.78,16.91,,,,
2026-01-05 20:00,159,70.91,158.86,363.5,2.16,139.46,16.29,,,,
2026-01-05 21:00,161,74.12,174.5,368.39,2.28,131.34,15.06,,,,
2026-01-05 22:00,162,76.51,188.49,362.25,2.24,123.35,13.55,,,,
2026-01-05 23:00,163,78.09,199.14,351.38,2.1,117.13,12.1,,,,
2026-01-06 00:00,163,78.47,203.92,337.38,1.92,112.76,10.66,,,,
2026-01-06 00:00,163,78.47,203.92,337.38,1.92,112.76,10.66,,,,
2026-01-06 01:00,162,76.68,199.66,319.35,1.7,110.29,9.21,,,,
2026-01-06 02:00,160,72.54,186.2,297.98,1.48,109.8,7.86,,,,
2026-01-06 03:00,157,67.62,169.51,279.47,1.4,110.22,6.88,,,,
2026-01-06 04:00,155,64.04,156.68,268.48,1.69,111.24,6.43,,,,
2026-01-06 05:00,156,65.72,157.47,276.43,1.8,113.51,6.67,,,,
2026-01-06 06:00,158,69.65,163.03,291.16,1.72,118.24,7.14,,,,
2026-01-06 07:00,160,72.7,165.73,299.9,1.44,124.55,7.56,,,,
2026-01-06 08:00,160,73.83,163.75,302.46,1.14,130.92,7.79,,,,
2026-01-06 09:00,160,72.39,156.57,297.84,0.95,135.73,7.73,,,,
2026-01-06 10:00,156,64.59,138.15,274.35,0.85,136.61,7.21,,,,
2026-01-06 11:00,152,57.26,122.91,252.0,0.87,135.07,6.77,,,,
2026-01-06 12:00,145,53.36,115.13,242.13,1.04,134.16,6.58,,,,
2026-01-06 13:00,136,49.74,108.13,234.45,1.27,132.67,6.55,,,,
2026-01-06 14:00,126,45.57,100.41,225.53,1.32,129.63,6.57,,,,
2026-01-06 15:00,117,42.19,94.29,219.32,1.36,126.8,6.71,,,,
2026-01-06 16:00,111,39.47,89.66,215.57,1.41,124.11,6.72,,,,
2026-01-06 17:00,106,37.56,86.99,214.93,1.49,121.19,6.63,,,,
2026-01-06 18:00,104,36.92,87.28,218.78,1.57,118.53,6.69,,,,
2026-01-06 19:00,105,37.0,88.85,222.18,1.54,116.42,6.72,,,,
2026-01-06 20:00,105,37.21,90.18,224.59,1.47,114.88,6.6,,,,
2026-01-06 21:00,105,37.18,90.49,224.55,1.35,113.92,6.28,,,,
2026-01-06 22:00,106,37.38,91.26,224.4,1.31,112.86,6.08,,,,
2026-01-06 23:00,108,38.46,94.43,226.48,1.34,111.96,6.08,,,,
2026-01-07 00:00,111,39.44,97.56,227.01,1.31,111.55,5.96,,,,
2026-01-07 00:00,111,39.44,97.56,227.01,1.31,111.55,5.96,,,,
2026-01-07 01:00,113,40.48,100.93,226.88,1.28,111.46,5.77,,,,
2026-01-07 02:00,116,41.73,105.08,227.62,1.26,111.8,5.59,,,,
2026-01-07 03:00,120,43.1,109.07,228.9,1.37,112.45,5.46,,,,
2026-01-07 04:00,129,46.72,118.19,238.91,1.85,112.55,5.52,,,,
2026-01-07 05:00,142,52.26,130.53,257.18,2.0,114.37,5.75,,,,
2026-01-07 06:00,151,56.24,136.48,270.64,1.89,118.77,5.97,,,,
2026-01-07 07:00,153,58.79,137.3,276.92,1.58,124.75,6.17,,,,
2026-01-07 08:00,154,60.64,135.81,279.27,1.23,131.01,6.35,,,,
2026-01-07 09:00,154,61.22,132.03,279.13,1.0,135.91,6.32,,,,
2026-01-07 10:00,134,48.9,102.71,239.83,0.72,134.22,4.96,,,,
2026-01-07 11:00,113,40.56,84.41,213.05,0.63,131.29,4.1,,,,
2026-01-07 12:00,106,37.69,77.98,205.64,0.72,130.48,4.01,,,,
2026-01-07 13:00,102,35.72,73.79,203.02,0.89,130.09,4.21,,,,
2026-01-07 14:00,97,33.81,70.04,201.15,0.95,128.67,4.49,,,,
2026-01-07 15:00,94,32.54,67.92,201.37,0.99,127.24,4.78,,,,
2026-01-07 16:00,93,32.16,67.72,204.13,1.05,126.0,5.06,,,,
2026-01-07 17:00,94,32.55,69.23,208.69,1.1,124.48,5.26,,,,
2026-01-07 18:00,96,33.35,71.7,214.15,1.13,122.55,5.41,,,,
2026-01-07 19:00,98,34.26,74.29,219.0,1.15,120.47,5.47,,,,
2026-01-07 20:00,101,35.64,77.85,224.91,1.19,118.78,5.55,,,,
2026-01-07 21:00,104,36.54,80.21,228.73,1.16,117.33,5.49,,,,
2026-01-07 22:00,103,36.12,79.49,226.75,1.07,116.09,5.19,,,,
2026-01-07 23:00,99,35.04,77.33,222.63,0.97,115.73,4.81,,,,
2026-01-08 00:00,97,34.15,75.72,218.87,0.89,115.58,4.44,,,,
2026-01-08 00:00,97,34.15,75.72,218.87,0.89,115.58,4.44,,,,
2026-01-08 01:00,99,34.82,77.72,220.3,0.85,115.71,4.24,,,,
2026-01-08 02:00,108,38.44,86.05,231.13,0.88,116.26,4.33,,,,
2026-01-08 03:00,116,41.78,93.19,242.25,1.0,116.87,4.54,,,,
2026-01-08 04:00,120,43.3,95.58,249.24,1.35,116.76,4.67,,,,
2026-01-08 05:00,118,42.59,92.5,251.3,1.38,117.49,4.67,,,,
2026-01-08 06:00,112,40.11,84.91,246.66,1.27,119.19,4.57,,,,
2026-01-08 07:00,104,36.87,75.77,237.07,1.06,121.04,4.4,,,,
2026-01-08 08:00,98,34.6,69.21,230.38,0.87,123.27,4.33,,,,
2026-01-08 09:00,95,32.93,64.41,226.02,0.77,125.47,4.31,,,,
2026-01-08 10:00,92,31.63,60.94,223.75,0.75,127.56,4.37,,,,
2026-01-08 11:00,90,30.53,58.44,222.84,0.83,128.68,4.5,,,,
2026-01-08 12:00,89,30.12,57.75,225.54,1.05,129.23,4.78,,,,
2026-01-08 13:00,90,30.42,58.76,233.19,1.39,129.48,5.24,,,,
2026-01-08 14:00,91,31.31,61.09,242.75,1.52,128.4,5.81,,,,
2026-01-08 15:00,94,32.66,64.41,254.9,1.61,126.7,6.4,,,,
2026-01-08 16:00,98,34.49,68.68,268.68,1.72,124.81,6.88,,,,
2026-01-08 17:00,104,36.86,74.08,284.57,1.79,122.71,7.21,,,,
2026-01-08 18:00,110,38.96,78.76,298.19,1.78,120.5,7.31,,,,
2026-01-08 19:00,112,40.03,81.15,304.18,1.71,118.46,7.23,,,,
2026-01-08 20:00,113,40.23,81.56,306.32,1.65,116.68,7.21,,,,
2026-01-08 21:00,111,39.48,79.84,302.79,1.59,115.33,7.23,,,,
2026-01-08 22:00,107,38.12,76.75,296.07,1.52,114.29,7.27,,,,
2026-01-08 23:00,104,36.88,73.79,289.56,1.45,113.95,7.36,,,,
2026-01-09 00:00,101,35.69,70.8,282.55,1.37,114.35,7.41,,,,
2026-01-09 00:00,101,35.69,70.8,282.55,1.37,114.35,7.41,,,,
2026-01-09 01:00,98,34.65,68.14,275.52,1.31,114.83,7.45,,,,
2026-01-09 02:00,98,34.27,67.11,271.07,1.26,115.86,7.53,,,,
2026-01-09 03:00,97,34.08,66.82,266.6,1.34,116.89,7.51,,,,
2026-01-09 04:00,97,34.04,67.18,261.64,1.72,117.81,7.37,,,,
2026-01-09 05:00,98,34.47,68.38,257.35,1.64,119.81,7.29,,,,
2026-01-09 06:00,100,35.33,69.7,252.38,1.44,123.29,7.23,,,,
2026-01-09 07:00,102,35.82,69.74,245.97,1.17,127.02,7.12,,,,
2026-01-09 08:00,104,36.89,70.54,242.87,0.98,130.68,7.2,,,,
2026-01-09 09:00,109,38.55,72.88,242.39,0.88,134.23,7.46,,,,
2026-01-09 10:00,110,39.22,74.95,235.98,0.76,135.54,7.21,,,,
2026-01-09 11:00,109,38.9,75.37,230.44,0.79,135.29,6.92,,,,
2026-01-09 12:00,109,38.58,75.6,229.98,0.98,135.45,7.04,,,,
2026-01-09 13:00,107,37.96,75.36,231.5,1.27,135.22,7.3,,,,
2026-01-09 14:00,104,36.58,73.44,231.39,1.34,133.86,7.44,,,,
2026-01-09 15:00,99,35.06,71.18,230.91,1.35,132.04,7.55,,,,
2026-01-09 16:00,95,33.11,68.29,228.99,1.41,130.05,7.5,,,,
2026-01-09 17:00,91,31.13,65.75,227.07,1.5,127.42,7.38,,,,
2026-01-09 18:00,88,29.9,65.22,226.36,1.57,125.1,7.29,,,,
2026-01-09 19:00,87,29.07,65.47,222.84,1.52,122.77,7.13,,,,
2026-01-09 20:00,85,28.24,65.09,218.08,1.45,120.6,6.91,,,,
2026-01-09 21:00,82,26.88,62.84,210.66,1.34,118.9,6.57,,,,
2026-01-09 22:00,78,25.13,59.26,200.98,1.21,117.31,6.19,,,,
2026-01-09 23:00,75,23.74,56.32,193.03,1.11,116.85,5.96,,,,
2026-01-10 00:00,74,23.06,55.02,187.72,1.02,116.85,5.9,,,,
2026-01-10 00:00,74,23.06,55.02,187.72,1.02,116.85,5.9,,,,
2026-01-10 01:00,75,23.44,56.39,186.19,0.98,117.37,6.06,,,,
2026-01-10 02:00,78,24.94,60.56,189.8,0.99,118.62,6.37,,,,
2026-01-10 03:00,81,26.48,64.57,193.83,1.12,119.9,6.56,,,,
2026-01-10 04:00,85,28.17,68.67,198.58,1.51,120.55,6.65,,,,
2026-01-10 05:00,89,30.34,73.06,205.98,1.52,122.15,6.68,,,,
2026-01-10 06:00,93,32.14,74.92,211.45,1.37,125.1,6.55,,,,
2026-01-10 07:00,96,33.39,74.47,213.46,1.12,128.68,6.38,,,,
2026-01-10 08:00,97,34.02,72.5,213.0,0.92,132.3,6.26,,,,
2026-01-10 09:00,98,34.35,70.32,212.3,0.8,135.5,6.23,,,,
2026-01-10 10:00,96,33.28,66.62,207.17,0.71,137.59,6.03,,,,
2026-01-10 11:00,95,32.84,65.4,204.28,0.72,138.35,5.92,,,,
2026-01-10 12:00,95,33.16,66.0,205.49,0.83,139.07,6.04,,,,
2026-01-10 13:00,97,33.78,67.45,209.43,1.03,139.77,6.36,,,,
2026-01-10 14:00,99,34.85,70.05,215.35,1.06,140.1,6.9,,,,
2026-01-10 15:00,103,36.11,73.28,222.24,1.07,140.06,7.6,,,,
2026-01-10 16:00,106,37.45,76.9,229.66,1.14,139.56,8.32,,,,
2026-01-10 17:00,109,38.94,81.14,238.33,1.23,138.58,8.97,,,,
2026-01-10 18:00,114,40.61,86.1,246.39,1.29,137.14,9.46,,,,
2026-01-10 19:00,116,41.57,89.68,249.91,1.28,135.04,9.58,,,,
2026-01-10 20:00,114,40.89,89.37,246.77,1.22,132.26,9.28,,,,
2026-01-10 21:00,108,38.48,84.57,237.24,1.15,129.27,8.7,,,,
2026-01-10 22:00,98,34.66,76.12,223.02,1.06,126.77,7.89,,,,
2026-01-10 23:00,91,30.89,67.75,210.21,1.0,124.85,7.12,,,,
2026-01-11 00:00,84,27.58,60.44,199.43,0.96,123.6,6.46,,,,
2026-01-11 00:00,84,27.58,60.44,199.43,0.96,123.6,6.46,,,,
2026-01-11 01:00,81,26.18,57.7,194.81,0.99,122.54,6.09,,,,
2026-01-11 02:00,83,27.16,60.75,197.57,1.07,122.29,6.04,,,,
2026-01-11 03:00,86,28.72,65.47,200.89,1.25,122.56,5.87,,,,
2026-01-11 04:00,88,29.8,68.93,201.43,1.61,123.31,5.51,,,,
2026-01-11 05:00,89,30.26,70.03,201.74,1.54,125.93,5.22,,,,
2026-01-11 06:00,89,30.16,68.7,200.83,1.38,129.68,5.14,,,,
2026-01-11 07:00,88,29.66,65.87,198.36,1.18,133.86,5.23,,,,
2026-01-11 08:00,87,29.31,63.16,195.25,0.98,137.41,5.4,,,,
2026-01-11 09:00,88,29.65,62.37,193.85,0.84,139.85,5.64,,,,
2026-01-11 10:00,88,29.62,61.3,191.42,0.75,140.92,5.64,,,,
2026-01-11 11:00,89,30.07,61.61,192.01,0.8,141.15,5.76,,,,
2026-01-11 12:00,91,30.94,63.26,195.92,1.03,141.43,6.11,,,,
2026-01-11 13:00,92,31.83,65.4,202.13,1.44,141.04,6.53,,,,
2026-01-11 14:00,94,32.72,67.77,208.66,1.57,139.46,6.89,,,,
2026-01-11 15:00,97,33.98,70.94,215.66,1.56,136.91,7.16,,,,
2026-01-11 16:00,102,36.05,75.44,223.96,1.55,135.12,7.43,,,,
2026-01-11 17:00,110,39.26,81.93,234.77,1.59,132.91,7.83,,,,
2026-01-11 18:00,116,41.41,85.5,241.91,1.6,130.85,8.04,,,,
2026-01-11 19:00,118,42.42,86.5,245.31,1.59,128.31,8.13,,,,
2026-01-11 20:00,122,44.07,88.77,250.99,1.6,126.13,8.37,,,,
2026-01-11 21:00,126,45.56,90.67,256.45,1.58,124.98,8.46,,,,
2026-01-11 22:00,129,46.78,92.15,260.94,1.54,123.85,8.44,,,,
2026-01-11 23:00,133,48.43,94.9,266.78,1.54,123.47,8.54,,,,
2026-01-12 00:00,137,50.03,97.7,271.64,1.54,123.09,8.66,,,,
2026-01-12 00:00,137,50.03,97.7,271.64,1.54,123.09,8.66,,,,
2026-01-12 01:00,138,50.54,98.48,272.92,1.53,122.84,8.67,,,,
2026-01-12 02:00,138,50.36,97.59,273.03,1.52,123.18,8.72,,,,
2026-01-12 03:00,135,49.13,94.33,270.1,1.66,123.84,8.67,,,,
2026-01-12 04:00,131,47.56,90.66,265.23,2.13,124.39,8.5,,,,
2026-01-12 05:00,131,47.71,90.36,264.34,2.02,126.46,8.38,,,,
2026-01-12 06:00,133,48.45,90.69,262.96,1.71,130.46,8.2,,,,
2026-01-12 07:00,134,49.1,90.49,259.69,1.3,135.4,7.95,,,,
2026-01-12 08:00,135,49.32,89.48,254.76,0.99,139.91,7.82,,,,
2026-01-12 09:00,136,49.56,88.77,250.88,0.83,143.41,7.96,,,,
2026-01-12 10:00,136,49.88,88.71,249.03,0.8,146.54,8.39,,,,
2026-01-12 11:00,137,50.25,89.36,247.32,0.85,148.25,8.97,,,,
2026-01-12 12:00,139,50.75,90.92,247.48,1.0,148.77,9.6,,,,
2026-01-12 13:00,141,51.64,93.72,250.8,1.22,148.33,10.29,,,,
2026-01-12 14:00,143,52.5,96.74,255.22,1.19,146.22,10.71,,,,
2026-01-12 15:00,145,53.22,99.19,259.52,1.07,143.74,10.79,,,,
2026-01-12 16:00,144,52.97,99.34,263.05,1.04,140.67,10.56,,,,
2026-01-12 17:00,144,52.77,98.75,269.78,1.11,138.09,10.5,,,,
2026-01-12 18:00,146,53.7,99.7,282.96,1.24,136.81,10.8,,,,
2026-01-12 19:00,150,55.39,102.01,298.41,1.35,135.75,11.17,,,,
2026-01-12 20:00,152,57.78,105.91,314.4,1.46,134.98,11.71,,,,
2026-01-12 21:00,154,60.43,110.45,329.0,1.55,133.94,12.52,,,,
2026-01-12 22:00,154,61.94,113.35,337.38,1.6,132.42,13.33,,,,
2026-01-12 23:00,155,62.98,115.49,342.51,1.64,130.34,14.12,,,,
2026-01-13 00:00,155,63.84,117.38,344.62,1.68,128.01,15.02,,,,
2026-01-13 00:00,155,63.84,117.38,344.62,1.68,128.01,15.02,,,,
2026-01-13 01:00,155,63.92,118.39,343.13,1.74,125.36,15.89,,,,
2026-01-13 02:00,155,63.58,118.92,337.97,1.81,122.76,16.55,,,,
2026-01-13 03:00,155,62.36,118.2,327.35,2.02,120.88,16.64,,,,
2026-01-13 04:00,153,60.21,116.01,311.02,2.7,119.92,15.95,,,,
2026-01-13 05:00,153,58.85,115.1,295.89,2.62,122.24,14.69,,,,
2026-01-13 06:00,153,58.95,116.1,283.79,2.21,127.5,13.16,,,,
2026-01-13 07:00,153,60.05,117.98,273.36,1.67,134.1,11.76,,,,
2026-01-13 08:00,154,61.63,119.78,265.35,1.26,140.45,10.8,,,,
2026-01-13 09:00,155,63.13,120.96,260.28,1.04,145.76,10.21,,,,
2026-01-13 10:00,156,64.41,121.76,258.26,0.97,150.29,10.02,,,,
2026-01-13 11:00,156,65.08,121.88,257.12,1.02,153.32,10.06,,,,
2026-01-13 12:00,156,65.05,121.36,256.7,1.19,154.33,10.19,,,,
2026-01-13 13:00,155,63.06,117.94,256.01,1.4,152.45,10.05,,,,
2026-01-13 14:00,154,60.64,113.97,255.28,1.35,148.82,9.84,,,,
2026-01-13 15:00,153,60.14,113.31,258.65,1.3,146.01,10.03,,,,
2026-01-13 16:00,154,60.36,113.82,264.44,1.31,143.69,10.3,,,,
2026-01-13 17:00,154,61.55,115.98,273.15,1.36,141.23,10.67,,,,
2026-01-13 18:00,155,63.55,119.5,283.65,1.43,139.13,11.13,,,,
2026-01-13 19:00,156,65.61,122.9,293.64,1.47,137.13,11.6,,,,
2026-01-13 20:00,158,68.24,126.89,304.33,1.5,135.37,12.17,,,,
2026-01-13 21:00,159,70.89,130.62,314.18,1.49,133.46,12.78,,,,
2026-01-13 22:00,160,72.8,132.42,323.28,1.47,130.92,13.02,,,,
2026-01-13 23:00,160,73.83,132.55,329.87,1.43,128.2,13.07,,,,
2026-01-14 00:00,160,73.38,130.36,330.94,1.33,126.15,12.85,,,,
2026-01-14 00:00,160,73.38,130.36,330.94,1.33,126.15,12.85,,,,
2026-01-14 01:00,159,71.69,126.59,328.68,1.23,123.71,12.41,,,,
2026-01-14 02:00,158,69.22,122.15,323.35,1.13,121.34,11.84,,,,
2026-01-14 03:00,157,66.4,117.61,316.21,1.11,119.28,11.27,,,,
2026-01-14 04:00,156,64.35,114.44,309.63,1.29,117.31,10.77,,,,
2026-01-14 05:00,155,63.19,112.69,303.39,1.21,116.94,10.28,,,,
2026-01-14 06:00,155,62.5,111.44,296.85,0.97,118.5,9.59,,,,
2026-01-14 07:00,154,61.09,108.89,286.45,0.68,120.86,8.74,,,,
2026-01-14 08:00,153,58.73,104.7,274.02,0.48,121.38,7.6,,,,
2026-01-14 09:00,149,55.12,98.87,259.82,0.37,120.35,6.35,,,,
2026-01-14 10:00,131,47.88,88.53,238.99,0.3,117.45,4.76,,,,
2026-01-14 11:00,110,39.11,76.74,214.24,0.26,112.79,3.24,,,,
2026-01-14 12:00,92,31.74,67.39,193.74,0.24,107.97,2.14,,,,
2026-01-14 13:00,80,25.93,60.58,177.31,0.22,104.17,1.36,,,,
2026-01-14 14:00,71,21.39,55.44,163.91,0.18,100.76,0.81,,,,
2026-01-14 15:00,64,18.13,51.89,153.68,0.15,98.29,0.47,,,,
2026-01-14 16:00,59,16.14,49.59,147.23,0.13,96.84,0.29,,,,
2026-01-14 17:00,57,15.02,47.86,143.25,0.12,96.14,0.19,,,,
2026-01-14 18:00,56,14.29,46.06,140.74,0.11,95.93,0.13,,,,
2026-01-14 19:00,55,13.79,44.03,139.25,0.11,95.86,0.11,,,,
2026-01-14 20:00,54,13.43,41.88,138.49,0.1,96.02,0.1,,,,
2026-01-14 21:00,53,13.15,39.74,137.87,0.1,96.09,0.1,,,,
2026-01-14 22:00,53,12.91,37.65,137.08,0.1,96.36,0.1,,,,
2026-01-14 23:00,52,12.71,35.65,136.26,0.09,96.66,0.11,,,,
2026-01-15 00:00,52,12.59,34.09,135.44,0.09,97.03,0.11,,,,
2026-01-15 00:00,52,12.59,34.09,135.44,0.09,97.03,0.11,,,,
2026-01-15 01:00,52,12.56,32.83,134.71,0.09,97.51,0.12,,,,
2026-01-15 02:00,52,12.6,31.96,133.99,0.09,98.04,0.13,,,,
2026-01-15 03:00,52,12.67,31.35,133.39,0.1,98.38,0.13,,,,
2026-01-15 04:00,52,12.71,30.92,133.02,0.11,98.34,0.13,,,,
2026-01-15 05:00,52,12.76,30.63,132.74,0.09,98.41,0.13,,,,
2026-01-15 06:00,53,12.83,30.36,132.55,0.07,98.13,0.13,,,,
2026-01-15 07:00,53,12.86,29.98,132.15,0.06,97.31,0.13,,,,
2026-01-15 08:00,53,12.88,29.58,131.55,0.05,96.53,0.13,,,,
2026-01-15 09:00,53,12.91,29.23,131.01,0.05,95.7,0.13,,,,
2026-01-15 10:00,53,12.99,28.87,130.62,0.05,95.6,0.14,,,,
2026-01-15 11:00,53,13.06,28.42,130.08,0.06,95.69,0.14,,,,
2026-01-15 12:00,53,13.2,28.27,129.6,0.08,96.08,0.15,,,,
2026-01-15 13:00,54,13.46,28.5,129.71,0.1,96.81,0.16,,,,
2026-01-15 14:00,55,13.87,29.18,129.76,0.11,97.56,0.17,,,,
2026-01-15 15:00,56,14.37,30.12,129.95,0.12,98.31,0.18,,,,
2026-01-15 16:00,57,14.89,31.15,130.18,0.12,99.04,0.19,,,,
2026-01-15 17:00,58,15.4,32.1,130.64,0.12,99.74,0.2,,,,
2026-01-15 18:00,59,15.88,32.89,131.19,0.12,100.51,0.21,,,,
2026-01-15 19:00,60,16.29,33.47,131.57,0.12,101.04,0.22,,,,
2026-01-15 20:00,61,16.7,34.01,132.18,0.12,101.74,0.23,,,,
2026-01-15 21:00,62,17.11,34.64,132.9,0.12,102.46,0.24,,,,
2026-01-15 22:00,62,17.51,35.22,133.49,0.12,103.12,0.25,,,,
2026-01-15 23:00,63,17.84,35.66,133.95,0.12,103.93,0.27,,,,
2026-01-16 00:00,64,18.14,36.19,134.47,0.12,104.71,0.28,,,,
2026-01-16 00:00,64,18.14,36.19,134.47,0.12,104.71,0.28,,,,
2026-01-16 01:00,64,18.37,36.65,134.85,0.12,105.26,0.29,,,,
2026-01-16 02:00,64,18.47,36.81,135.31,0.12,105.55,0.29,,,,
2026-01-16 03:00,64,18.4,36.62,135.41,0.13,105.58,0.28,,,,
2026-01-16 04:00,64,18.19,36.11,135.0,0.15,105.28,0.28,,,,
2026-01-16 05:00,63,17.92,35.49,134.47,0.14,104.75,0.27,,,,
2026-01-16 06:00,63,17.64,34.91,133.87,0.12,104.19,0.26,,,,
2026-01-16 07:00,62,17.44,34.61,132.9,0.1,103.24,0.25,,,,
2026-01-16 08:00,62,17.45,35.01,131.94,0.09,101.95,0.24,,,,
2026-01-16 09:00,63,17.8,36.44,131.23,0.09,100.94,0.24,,,,
2026-01-16 10:00,65,18.76,39.66,131.39,0.1,100.88,0.26,,,,
2026-01-16 11:00,68,20.29,44.62,131.62,0.12,101.27,0.28,,,,
2026-01-16 12:00,72,22.29,50.92,132.12,0.15,102.34,0.31,,,,
2026-01-16 13:00,77,24.52,57.62,133.04,0.2,104.0,0.34,,,,
2026-01-16 14:00,81,26.37,63.26,134.08,0.21,105.22,0.36,,,,
2026-01-16 15:00,84,27.69,67.4,135.25,0.2,105.96,0.37,,,,
2026-01-16 16:00,85,28.37,69.8,135.92,0.2,106.26,0.36,,,,
2026-01-16 17:00,86,28.66,71.27,136.7,0.19,106.11,0.36,,,,
2026-01-16 18:00,86,28.71,72.39,137.43,0.18,105.79,0.34,,,,
2026-01-16 19:00,86,28.71,73.53,137.85,0.18,105.16,0.33,,,,
2026-01-16 20:00,86,28.89,75.35,138.39,0.18,104.5,0.33,,,,
2026-01-16 21:00,87,29.28,78.11,138.99,0.17,103.59,0.33,,,,
2026-01-16 22:00,88,29.76,81.74,140.17,0.18,102.69,0.34,,,,
2026-01-16 23:00,89,30.26,85.94,141.41,0.18,102.09,0.35,,,,
2026-01-17 00:00,91,31.11,91.41,142.7,0.19,101.95,0.38,,,,
2026-01-17 00:00,91,31.11,91.41,142.7,0.19,101.95,0.38,,,,
2026-01-17 01:00,94,32.77,99.38,143.93,0.2,102.98,0.42,,,,
2026-01-17 02:00,500,35.46,109.86,144.57,0.21,104.79,0.48,,,,
2026-01-17 03:00,109,38.77,121.82,144.5,0.23,107.21,0.56,,,,
2026-01-17 04:00,116,41.48,131.09,143.26,0.28,109.34,0.63,,,,
2026-01-17 05:00,119,42.72,134.91,141.19,0.27,111.44,0.68,,,,
2026-01-17 06:00,117,41.93,132.07,138.7,0.23,113.29,0.7,,,,
2026-01-17 07:00,109,38.77,121.77,135.15,0.18,114.18,0.68,,,,
2026-01-17 08:00,96,33.66,105.07,131.19,0.16,114.54,0.65,,,,
2026-01-17 09:00,83,27.44,85.02,127.27,0.14,114.52,0.6,,,,
2026-01-17 10:00,70,21.0,64.58,124.21,0.14,114.6,0.55,,,,
2026-01-17 11:00,59,15.75,48.17,121.98,0.16,114.69,0.52,,,,
2026-01-17 12:00,52,12.52,38.19,121.21,0.18,114.84,0.52,,,,
2026-01-17 13:00,46,11.11,33.82,121.83,0.22,115.12,0.53,,,,
2026-01-17 14:00,45,10.84,33.01,122.9,0.22,115.28,0.55,,,,
2026-01-17 15:00,46,11.09,33.78,123.97,0.21,115.06,0.59,,,,
2026-01-17 16:00,47,11.22,34.29,124.09,0.2,114.7,0.61,,,,
2026-01-17 17:00,46,11.07,34.08,123.74,0.2,114.48,0.63,,,,
2026-01-17 18:00,44,10.6,33.03,122.57,0.19,114.04,0.64,,,,
2026-01-17 19:00,42,9.97,31.48,121.18,0.18,113.34,0.65,,,,
2026-01-17 20:00,39,9.42,30.05,120.05,0.17,112.65,0.65,,,,
2026-01-17 21:00,38,9.0,28.94,119.25,0.17,112.04,0.64,,,,
2026-01-17 22:00,36,8.67,28.1,118.66,0.16,111.49,0.62,,,,
2026-01-17 23:00,35,8.48,27.76,118.37,0.16,111.24,0.59,,,,
2026-01-18 00:00,35,8.51,28.33,118.27,0.15,111.31,0.56,,,,
2026-01-18 00:00,35,8.51,28.33,118.27,0.15,111.31,0.56,,,,
2026-01-18 01:00,37,8.81,29.93,118.43,0.15,111.6,0.53,,,,
2026-01-18 02:00,39,9.34,32.45,118.78,0.14,111.9,0.5,,,,
2026-01-18 03:00,42,10.05,35.7,119.42,0.16,112.03,0.48,,,,
2026-01-18 04:00,45,10.83,39.03,119.77,0.2,111.78,0.45,,,,
2026-01-18 05:00,48,11.62,42.04,120.11,0.19,111.54,0.41,,,,
2026-01-18 06:00,52,12.34,44.63,120.21,0.16,111.12,0.38,,,,
2026-01-18 07:00,53,12.95,46.85,120.14,0.14,110.46,0.35,,,,
2026-01-18 08:00,54,13.5,48.82,119.94,0.12,109.36,0.33,,,,
2026-01-18 09:00,55,13.98,50.43,119.6,0.12,108.2,0.31,,,,
2026-01-18 10:00,56,14.58,52.56,119.81,0.12,107.51,0.3,,,,
2026-01-18 11:00,58,15.34,55.31,119.98,0.13,106.83,0.29,,,,
2026-01-18 12:00,60,16.2,58.41,120.38,0.15,106.34,0.28,,,,
2026-01-18 13:00,62,17.2,61.96,121.11,0.18,106.15,0.28,,,,
2026-01-18 14:00,64,18.25,65.63,121.96,0.18,106.04,0.28,,,,
2026-01-18 15:00,66,19.26,68.9,122.87,0.17,105.92,0.28,,,,
2026-01-18 16:00,68,20.01,71.28,123.44,0.17,105.71,0.28,,,,
2026-01-18 17:00,69,20.7,73.21,124.16,0.17,105.71,0.28,,,,
2026-01-18 18:00,70,21.31,74.91,125.0,0.17,105.79,0.28,,,,
2026-01-18 19:00,71,21.74,75.87,125.65,0.16,105.71,0.28,,,,
2026-01-18 20:00,72,22.02,76.36,126.18,0.16,105.98,0.28,,,,
2026-01-18 21:00,72,22.21,76.56,126.62,0.16,106.18,0.28,,,,
2026-01-18 22:00,72,22.26,76.3,126.98,0.16,106.37,0.29,,,,
2026-01-18 23:00,72,22.17,75.53,127.17,0.16,106.6,0.29,,,,
2026-01-19 00:00,72,21.91,74.26,127.33,0.16,106.79,0.3,,,,
2026-01-19 00:00,72,21.91,74.26,127.33,0.16,106.79,0.3,,,,
2026-01-19 01:00,71,21.58,72.71,127.62,0.17,106.88,0.3,,,,
2026-01-19 02:00,70,21.23,71.18,127.74,0.17,107.19,0.31,,,,
2026-01-19 03:00,69,20.83,69.59,127.72,0.19,107.65,0.31,,,,
2026-01-19 04:00,69,20.43,68.05,127.02,0.21,107.6,0.31,,,,
2026-01-19 05:00,68,20.21,67.01,126.89,0.19,107.99,0.31,,,,
2026-01-19 06:00,68,20.03,66.0,126.72,0.16,108.2,0.3,,,,
2026-01-19 07:00,67,19.78,64.71,125.62,0.12,107.93,0.29,,,,
2026-01-19 08:00,67,19.51,63.27,124.54,0.1,107.44,0.28,,,,
2026-01-19 09:00,66,19.29,61.98,123.72,0.1,106.74,0.27,,,,
2026-01-19 10:00,66,19.03,60.55,123.38,0.1,106.55,0.27,,,,
2026-01-19 11:00,65,18.54,58.32,122.76,0.11,106.32,0.27,,,,
2026-01-19 12:00,64,18.06,56.31,122.31,0.12,106.17,0.27,,,,
2026-01-19 13:00,63,17.67,54.82,122.27,0.15,106.36,0.27,,,,
2026-01-19 14:00,62,17.34,53.62,122.19,0.15,106.47,0.27,,,,
2026-01-19 15:00,61,17.05,52.67,122.32,0.15,106.59,0.27,,,,
2026-01-19 16:00,61,16.79,51.87,122.3,0.14,106.54,0.27,,,,
2026-01-19 17:00,60,16.56,51.23,122.47,0.14,106.64,0.27,,,,
2026-01-19 18:00,60,16.33,50.61,122.77,0.14,106.89,0.27,,,,
2026-01-19 19:00,59,16.06,50.03,122.87,0.14,106.98,0.28,,,,
2026-01-19 20:00,59,15.85,49.57,123.16,0.13,107.18,0.28,,,,
2026-01-19 21:00,59,15.69,49.27,123.4,0.13,107.48,0.29,,,,
2026-01-19 22:00,58,15.56,49.11,123.85,0.13,107.79,0.29,,,,
2026-01-19 23:00,58,15.51,49.15,124.13,0.13,107.93,0.3,,,,
2026-01-20 00:00,58,15.49,49.24,124.5,0.12,108.07,0.3,,,,
2026-01-20 00:00,58,15.49,49.24,124.5,0.12,108.07,0.3,,,,
2026-01-20 01:00,58,15.53,49.48,124.87,0.12,108.24,0.31,,,,
2026-01-20 02:00,58,15.63,49.8,125.48,0.12,108.66,0.31,,,,
2026-01-20 03:00,59,15.77,50.29,126.1,0.13,109.09,0.31,,,,
2026-01-20 04:00,59,15.8,50.21,125.97,0.14,108.64,0.31,,,,
2026-01-20 05:00,59,15.87,50.12,126.18,0.13,108.59,0.31,,,,
2026-01-20 06:00,59,15.99,50.08,126.42,0.1,108.46,0.31,,,,
2026-01-20 07:00,59,16.08,49.95,126.1,0.08,107.7,0.3,,,,
2026-01-20 08:00,59,16.14,49.74,125.64,0.07,106.69,0.29,,,,
2026-01-20 09:00,60,16.17,49.41,125.1,0.07,105.56,0.28,,,,
2026-01-20 10:00,60,16.21,49.18,124.83,0.07,104.92,0.28,,,,
2026-01-20 11:00,59,16.14,48.63,124.32,0.07,104.28,0.26,,,,
2026-01-20 12:00,59,16.05,47.87,123.75,0.09,103.81,0.25,,,,
2026-01-20 13:00,59,15.96,47.06,123.59,0.1,103.63,0.25,,,,
2026-01-20 14:00,59,15.9,46.41,123.49,0.11,103.23,0.24,,,,
2026-01-20 15:00,59,15.83,46.0,123.35,0.1,102.83,0.23,,,,
2026-01-20 16:00,59,15.75,45.54,123.07,0.1,102.54,0.23,,,,
2026-01-20 17:00,59,15.67,45.2,122.84,0.1,102.4,0.22,,,,
2026-01-20 18:00,58,15.59,44.95,122.62,0.1,102.36,0.22,,,,
2026-01-20 19:00,58,15.47,44.68,122.28,0.09,102.76,0.22,,,,
2026-01-20 20:00,58,15.37,44.24,121.96,0.09,102.97,0.21,,,,
2026-01-20 21:00,58,15.28,43.88,121.79,0.09,103.03,0.21,,,,
2026-01-20 22:00,57,15.17,43.43,121.49,0.09,103.08,0.22,,,,
2026-01-20 23:00,57,15.03,42.92,121.17,0.09,103.17,0.22,,,,
2026-01-21 00:00,57,14.89,42.27,120.87,0.08,103.07,0.22,,,,
2026-01-21 00:00,57,14.89,42.27,120.87,0.08,103.07,0.22,,,,
2026-01-21 01:00,57,14.77,41.7,120.7,0.08,103.1,0.23,,,,
2026-01-21 02:00,57,14.74,41.32,120.7,0.08,103.25,0.24,,,,
2026-01-21 03:00,56,14.69,40.95,120.97,0.09,103.28,0.25,,,,
2026-01-21 04:00,56,14.62,40.44,120.71,0.11,103.03,0.25,,,,
2026-01-21 05:00,56,14.58,39.96,121.03,0.1,102.99,0.27,,,,
2026-01-21 06:00,56,14.6,39.58,121.65,0.09,102.81,0.32,,,,
2026-01-21 07:00,56,14.59,39.09,121.57,0.08,102.16,0.36,,,,
2026-01-21 08:00,56,14.63,38.72,121.28,0.07,101.3,0.38,,,,
2026-01-21 09:00,57,14.77,38.56,121.21,0.07,100.4,0.41,,,,
2026-01-21 10:00,57,14.84,38.32,120.99,0.06,99.78,0.39,,,,
2026-01-21 11:00,56,14.7,37.73,119.99,0.07,98.97,0.35,,,,
2026-01-21 12:00,56,14.5,36.98,119.01,0.08,98.49,0.32,,,,
2026-01-21 13:00,56,14.3,36.27,118.23,0.09,98.34,0.29,,,,
2026-01-21 14:00,55,13.96,35.25,117.32,0.09,98.27,0.27,,,,
2026-01-21 15:00,54,13.46,33.9,116.22,0.09,98.08,0.25,,,,
2026-01-21 16:00,53,12.99,32.68,115.22,0.09,97.86,0.24,,,,
2026-01-21 17:00,52,12.62,31.78,114.51,0.08,97.66,0.23,,,,
2026-01-21 18:00,51,12.31,31.08,114.21,0.08,97.48,0.23,,,,
2026-01-21 19:00,500,12.07,30.52,113.93,0.08,97.45,0.23,,,,
2026-01-21 20:00,50,11.9,30.17,113.79,0.08,97.51,0.24,,,,
2026-01-21 21:00,49,11.82,30.07,113.77,0.08,97.47,0.25,,,,
2026-01-21 22:00,49,11.82,30.26,113.86,0.08,97.51,0.26,,,,
2026-01-21 23:00,50,11.91,30.72,113.89,0.08,97.36,0.27,,,,
2026-01-22 00:00,500,12.04,31.2,113.62,0.09,97.16,0.27,,,,
2026-01-22 00:00,500,12.04,31.2,113.62,0.09,97.16,0.27,,,,
2026-01-22 01:00,51,12.19,31.72,113.78,0.09,97.24,0.28,,,,
2026-01-22 02:00,52,12.42,32.65,113.79,0.09,97.45,0.29,,,,
2026-01-22 03:00,52,12.76,33.9,113.83,0.1,97.57,0.31,,,,
2026-01-22 04:00,53,13.22,35.54,113.48,0.11,97.4,0.34,,,,
2026-01-22 05:00,55,13.92,38.09,113.34,0.1,97.56,0.37,,,,
2026-01-22 06:00,56,14.64,40.62,113.32,0.08,97.44,0.4,,,,
2026-01-22 07:00,58,15.42,42.2,113.63,0.07,97.43,0.46,,,,
2026-01-22 08:00,59,16.07,42.05,114.17,0.07,97.19,0.5,,,,
2026-01-22 09:00,60,16.39,40.1,115.33,0.08,96.42,0.51,,,,
2026-01-22 10:00,58,15.59,33.27,118.62,0.1,96.4,0.57,,,,
2026-01-22 11:00,55,13.91,25.14,124.46,0.14,97.86,0.57,,,,
2026-01-22 12:00,48,11.42,18.53,132.75,0.23,101.84,0.56,,,,
2026-01-22 13:00,34,8.13,14.55,141.33,0.35,106.48,0.48,,,,
2026-01-22 14:00,27,6.51,15.91,147.36,0.41,110.49,0.47,,,,
2026-01-22 15:00,29,6.95,22.05,149.02,0.42,112.48,0.51,,,,
2026-01-22 16:00,32,7.72,28.34,147.4,0.41,113.14,0.51,,,,
2026-01-22 17:00,32,7.6,30.66,146.61,0.39,113.8,0.46,,,,
2026-01-22 18:00,28,6.69,28.81,146.95,0.37,114.31,0.41,,,,
2026-01-22 19:00,23,5.5,24.8,147.31,0.35,114.78,0.39,,,,
2026-01-22 20:00,19,4.54,21.21,149.07,0.33,116.03,0.38,,,,
2026-01-22 21:00,17,3.97,19.13,151.39,0.31,116.58,0.38,,,,
2026-01-22 22:00,15,3.69,18.35,152.97,0.3,115.15,0.37,,,,
2026-01-22 23:00,16,3.77,19.24,154.97,0.29,113.49,0.35,,,,
2026-01-23 00:00,16,3.95,20.5,156.18,0.29,111.42,0.33,,,,
2026-01-23 00:00,16,3.95,20.5,156.18,0.29,111.42,0.33,,,,
2026-01-23 01:00,17,4.07,21.36,154.72,0.27,108.84,0.32,,,,
2026-01-23 02:00,17,4.16,22.13,153.28,0.27,106.84,0.32,,,,
2026-01-23 03:00,17,4.19,22.44,151.59,0.3,105.4,0.34,,,,
2026-01-23 04:00,18,4.2,22.47,149.57,0.34,104.78,0.38,,,,
2026-01-23 05:00,18,4.35,22.8,147.4,0.35,104.79,0.45,,,,
2026-01-23 06:00,19,4.55,22.86,144.4,0.33,105.48,0.5,,,,
2026-01-23 07:00,20,4.68,22.23,140.36,0.28,106.14,0.5,,,,
2026-01-23 08:00,19,4.66,20.96,136.77,0.23,106.68,0.45,,,,
2026-01-23 09:00,19,4.52,19.43,133.33,0.2,106.97,0.37,,,,
2026-01-23 10:00,18,4.31,18.08,130.54,0.18,107.16,0.28,,,,
2026-01-23 11:00,17,4.17,17.42,127.86,0.18,106.75,0.2,,,,
2026-01-23 12:00,17,4.19,17.77,125.95,0.2,106.13,0.14,,,,
2026-01-23 13:00,18,4.39,19.26,125.23,0.24,105.91,0.11,,,,
2026-01-23 14:00,20,4.74,21.51,124.97,0.25,105.5,0.09,,,,
2026-01-23 15:00,22,5.17,24.18,125.26,0.24,105.33,0.09,,,,
2026-01-23 16:00,23,5.52,26.42,125.58,0.24,105.38,0.09,,,,
2026-01-23 17:00,24,5.72,27.89,125.49,0.24,105.37,0.09,,,,
2026-01-23 18:00,24,5.76,28.55,125.06,0.24,105.5,0.1,,,,
2026-01-23 19:00,24,5.67,28.44,124.72,0.24,105.94,0.09,,,,
2026-01-23 20:00,23,5.51,27.82,124.11,0.24,105.94,0.09,,,,
2026-01-23 21:00,22,5.39,27.31,123.87,0.24,105.84,0.09,,,,
2026-01-23 22:00,22,5.35,27.18,124.14,0.24,105.89,0.1,,,,
2026-01-23 23:00,22,5.38,27.32,126.04,0.28,105.55,0.16,,,,
2026-01-24 00:00,23,5.48,27.53,130.85,0.43,104.76,0.48,,,,
2026-01-24 00:00,23,5.48,27.53,130.85,0.43,104.76,0.48,,,,
2026-01-24 01:00,24,5.66,27.78,138.2,0.7,104.0,1.26,,,,
2026-01-24 02:00,25,6.02,28.54,146.76,1.0,103.09,2.49,,,,
2026-01-24 03:00,27,6.57,29.94,155.81,1.48,102.38,3.98,,,,
2026-01-24 04:00,31,7.34,31.65,162.76,1.98,102.09,5.42,,,,
2026-01-24 05:00,37,8.9,34.48,172.0,2.01,104.71,6.56,,,,
2026-01-24 06:00,50,11.98,39.21,186.45,1.84,111.65,7.25,,,,
2026-01-24 07:00,59,15.98,44.91,200.99,1.43,120.65,7.22,,,,
2026-01-24 08:00,67,19.68,51.07,212.37,1.02,128.37,6.56,,,,
2026-01-24 09:00,72,22.06,56.61,217.22,0.78,131.9,5.53,,,,
2026-01-24 10:00,72,22.22,58.47,213.27,0.7,131.75,4.44,,,,
2026-01-24 11:00,69,20.82,56.92,202.2,0.72,129.09,3.62,,,,
2026-01-24 12:00,66,19.05,54.61,189.58,0.82,125.81,3.2,,,,
2026-01-24 13:00,63,17.62,53.37,179.01,0.99,123.11,3.18,,,,
2026-01-24 14:00,61,16.75,53.72,170.71,1.06,120.42,3.43,,,,
2026-01-24 15:00,61,16.65,56.21,167.63,1.11,118.21,3.82,,,,
2026-01-24 16:00,62,17.33,60.74,170.41,1.2,116.3,4.22,,,,
2026-01-24 17:00,65,18.82,67.59,179.73,1.32,114.36,4.54,,,,
2026-01-24 18:00,69,20.89,75.68,193.07,1.41,112.67,4.67,,,,
2026-01-24 19:00,74,23.02,83.18,206.63,1.43,111.33,4.6,,,,
2026-01-24 20:00,79,25.4,90.79,221.21,1.43,111.12,4.54,,,,
2026-01-24 21:00,83,27.19,95.2,235.22,1.36,112.31,4.36,,,,
2026-01-24 22:00,85,28.06,95.36,247.82,1.26,113.73,4.1,,,,
2026-01-24 23:00,85,28.45,93.6,259.14,1.17,115.6,3.87,,,,
2026-01-25 00:00,85,28.07,89.49,265.22,1.09,117.22,3.63,,,,
2026-01-25 00:00,85,28.07,89.49,265.22,1.09,117.22,3.63,,,,
2026-01-25 01:00,83,27.11,84.29,265.62,1.03,118.49,3.44,,,,
2026-01-25 02:00,81,26.16,79.9,263.4,0.99,119.58,3.34,,,,
2026-01-25 03:00,79,25.46,76.69,261.05,1.08,120.36,3.3,,,,
2026-01-25 04:00,79,25.25,74.91,259.88,1.35,120.6,3.33,,,,
2026-01-25 05:00,80,25.91,74.4,262.89,1.36,122.4,3.44,,,,
2026-01-25 06:00,83,27.39,74.6,266.64,1.26,125.92,3.6,,,,
2026-01-25 07:00,87,29.06,74.4,268.51,1.08,130.15,3.76,,,,
2026-01-25 08:00,90,30.48,73.81,268.24,0.9,134.17,3.86,,,,
2026-01-25 09:00,92,31.58,73.25,267.66,0.79,137.39,3.97,,,,
2026-01-25 10:00,93,32.26,72.5,268.0,0.77,140.4,4.06,,,,
2026-01-25 11:00,94,32.31,71.2,267.66,0.85,141.51,4.13,,,,
2026-01-25 12:00,93,32.01,69.85,267.74,1.03,141.47,4.22,,,,
2026-01-25 13:00,92,31.37,68.24,269.69,1.25,141.34,4.34,,,,
2026-01-25 14:00,89,30.21,65.7,270.77,1.28,140.06,4.42,,,,
2026-01-25 15:00,87,29.14,63.79,272.7,1.25,138.12,4.55,,,,
2026-01-25 16:00,86,28.64,63.54,277.27,1.31,136.49,4.76,,,,
2026-01-25 17:00,87,29.01,65.63,285.33,1.42,133.78,5.08,,,,
2026-01-25 18:00,89,30.09,69.93,294.84,1.54,130.35,5.38,,,,
2026-01-25 19:00,91,31.22,74.37,302.3,1.58,127.28,5.43,,,,
2026-01-25 20:00,93,32.22,78.05,306.29,1.53,125.67,5.3,,,,
2026-01-25 21:00,95,33.06,80.82,307.62,1.44,125.51,5.09,,,,
2026-01-25 22:00,97,33.94,83.33,307.18,1.35,125.83,4.97,,,,
2026-01-25 23:00,101,35.59,87.68,310.05,1.29,126.75,5.06,,,,
2026-01-26 00:00,106,37.64,93.36,313.04,1.23,127.77,5.15,,,,
2026-01-26 00:00,106,37.64,93.36,313.04,1.23,127.77,5.15,,,,
2026-01-26 01:00,112,39.88,99.88,316.7,1.19,128.5,5.23,,,,
2026-01-26 02:00,118,42.24,107.19,322.11,1.16,128.58,5.32,,,,
2026-01-26 03:00,124,44.68,114.78,328.01,1.26,128.66,5.39,,,,
2026-01-26 04:00,130,47.39,122.54,334.78,1.7,128.07,5.43,,,,
2026-01-26 05:00,138,50.41,129.2,343.4,1.92,128.94,5.63,,,,
2026-01-26 06:00,145,53.33,132.77,350.09,1.99,132.21,5.93,,,,
2026-01-26 07:00,150,55.33,132.03,349.69,1.72,137.05,6.07,,,,
2026-01-26 08:00,152,57.05,131.16,345.37,1.33,142.66,6.0,,,,
2026-01-26 09:00,153,58.78,131.81,340.94,1.03,146.84,5.85,,,,
2026-01-26 10:00,153,60.11,132.44,337.13,0.88,150.35,5.59,,,,
2026-01-26 11:00,153,60.28,130.79,330.91,0.87,152.18,5.35,,,,
2026-01-26 12:00,153,59.76,128.2,326.14,0.95,152.62,5.2,,,,
2026-01-26 13:00,153,59.0,125.54,322.39,1.07,152.97,5.16,,,,
2026-01-26 14:00,152,57.9,122.45,319.51,1.02,152.31,5.23,,,,
2026-01-26 15:00,152,56.89,119.66,317.96,0.94,151.64,5.37,,,,
2026-01-26 16:00,151,55.68,116.46,317.7,0.98,150.86,5.69,,,,
2026-01-26 17:00,147,54.04,112.53,320.3,1.22,149.28,6.37,,,,
2026-01-26 18:00,142,52.1,108.28,326.65,1.52,146.26,7.29,,,,
2026-01-26 19:00,137,50.13,104.53,333.48,1.69,143.13,8.17,,,,
2026-01-26 20:00,133,48.42,102.01,341.14,1.76,139.21,8.93,,,,
2026-01-26 21:00,128,46.38,99.45,345.32,1.72,135.04,9.14,,,,
2026-01-26 22:00,121,43.63,95.65,342.38,1.58,130.87,8.67,,,,
2026-01-26 23:00,113,40.46,90.52,334.26,1.47,127.85,7.97,,,,
2026-01-27 00:00,105,37.11,84.48,321.77,1.36,125.49,7.26,,,,
2026-01-27 00:00,105,37.11,84.48,321.77,1.36,125.49,7.26,,,,
2026-01-27 01:00,96,33.64,78.11,306.81,1.29,124.06,6.7,,,,
2026-01-27 02:00,90,30.6,72.25,292.77,1.25,123.19,6.39,,,,
2026-01-27 03:00,85,28.17,67.53,280.79,1.36,122.52,6.26,,,,
2026-01-27 04:00,83,27.18,64.45,272.23,1.62,124.0,6.15,,,,
2026-01-27 05:00,82,26.68,61.94,266.01,1.55,126.37,6.08,,,,
2026-01-27 06:00,81,26.2,59.3,259.73,1.42,129.48,6.12,,,,
2026-01-27 07:00,81,26.23,57.11,253.76,1.2,133.35,6.2,,,,
2026-01-27 08:00,81,26.54,55.31,248.91,0.99,137.49,6.37,,,,
2026-01-27 09:00,82,26.74,53.25,244.49,0.83,141.67,6.53,,,,
2026-01-27 10:00,81,26.58,51.02,240.72,0.71,144.88,6.49,,,,
2026-01-27 11:00,80,25.84,48.44,235.73,0.66,145.82,6.1,,,,
2026-01-27 12:00,77,24.52,45.54,229.95,0.67,144.48,5.39,,,,
2026-01-27 13:00,74,22.83,42.47,223.85,0.67,141.18,4.5,,,,
2026-01-27 14:00,70,21.11,39.61,218.07,0.56,137.26,3.65,,,,
2026-01-27 15:00,67,19.56,36.96,214.1,0.44,133.8,2.95,,,,
2026-01-27 16:00,62,17.47,33.18,210.57,0.38,130.42,2.31,,,,
2026-01-27 17:00,58,15.26,29.21,206.83,0.34,127.32,1.8,,,,
2026-01-27 18:00,54,13.61,26.35,204.05,0.33,124.96,1.46,,,,
2026-01-27 19:00,51,12.17,23.97,201.18,0.32,122.98,1.19,,,,
2026-01-27 20:00,45,10.74,21.72,197.73,0.31,120.84,0.96,,,,
2026-01-27 21:00,40,9.5,19.88,193.62,0.3,118.69,0.77,,,,
2026-01-27 22:00,35,8.44,18.47,190.03,0.3,116.88,0.61,,,,
2026-01-27 23:00,32,7.6,17.46,186.23,0.3,114.93,0.5,,,,
2026-01-28 00:00,29,7.05,16.97,185.2,0.37,112.93,0.57,,,,
2026-01-28 00:00,29,7.05,16.97,185.2,0.37,112.93,0.57,,,,
2026-01-29 01:00,90,30.67,70.41,296.52,1.84,125.48,11.15,,,,
2026-01-29 02:00,92,31.44,74.65,292.97,1.77,122.43,10.5,,,,
2026-01-29 03:00,91,31.35,76.21,284.71,1.81,119.79,9.64,,,,
2026-01-29 04:00,90,30.42,75.47,272.74,2.23,117.56,8.56,,,,
2026-01-29 05:00,87,29.15,73.81,260.76,2.13,117.04,7.44,,,,
2026-01-29 06:00,85,28.25,73.08,248.63,1.71,119.94,6.45,,,,
2026-01-29 07:00,86,28.59,75.08,237.96,1.2,125.53,5.7,,,,
2026-01-29 08:00,90,30.57,80.0,234.03,0.86,130.95,5.23,,,,
2026-01-29 09:00,97,33.93,86.23,237.78,0.7,136.1,4.96,,,,
2026-01-29 10:00,106,37.57,91.2,246.09,0.65,140.71,4.85,,,,
2026-01-29 11:00,113,40.53,94.35,254.59,0.69,143.59,4.82,,,,
2026-01-29 12:00,119,42.89,96.78,263.07,0.8,145.38,4.84,,,,
2026-01-29 13:00,124,44.93,98.92,273.22,0.99,146.56,5.02,,,,
2026-01-29 14:00,127,46.24,100.38,281.93,1.1,146.41,5.45,,,,
2026-01-29 15:00,130,47.21,101.75,291.29,1.21,145.71,6.11,,,,
2026-01-29 16:00,133,48.37,103.93,303.73,1.45,144.8,6.95,,,,
2026-01-29 17:00,136,49.62,106.52,318.52,1.73,143.34,7.89,,,,
2026-01-29 18:00,138,50.61,108.93,332.95,1.95,141.15,8.63,,,,
2026-01-29 19:00,140,51.19,110.4,342.58,2.04,138.43,8.95,,,,
2026-01-29 20:00,140,51.32,110.46,348.67,2.06,134.8,8.8,,,,
2026-01-29 21:00,139,50.97,109.97,350.55,2.02,130.76,8.37,,,,
2026-01-29 22:00,138,50.38,110.77,346.62,2.03,126.28,7.86,,,,
2026-01-29 23:00,137,50.09,113.89,340.34,2.09,122.14,7.46,,,,
2026-01-30 00:00,136,49.79,116.81,328.4,2.0,119.53,6.91,,,,
2026-01-30 00:00,136,49.79,116.81,328.4,2.0,119.53,6.91,,,,
2026-01-30 01:00,136,49.79,120.29,316.05,1.85,118.54,6.36,,,,
2026-01-30 02:00,138,50.48,125.44,307.05,1.73,118.18,5.91,,,,
2026-01-30 03:00,141,51.57,130.71,302.62,1.78,118.63,5.58,,,,
2026-01-30 04:00,144,53.0,135.46,301.59,2.21,119.53,5.36,,,,
2026-01-30 05:00,149,54.87,139.06,306.5,2.29,122.56,5.32,,,,
2026-01-30 06:00,152,57.33,142.03,315.78,2.27,127.77,5.49,,,,
2026-01-30 07:00,153,60.0,143.59,324.06,2.06,134.84,5.83,,,,
2026-01-30 08:00,155,62.77,143.92,330.36,1.67,142.93,6.26,,,,
2026-01-30 09:00,156,64.51,140.81,331.58,1.27,150.58,6.62,,,,
2026-01-30 10:00,155,62.7,129.42,320.82,0.95,154.84,6.47,,,,
2026-01-30 11:00,154,60.72,121.21,313.64,0.88,156.53,6.29,,,,
2026-01-30 12:00,153,59.33,116.62,310.55,0.97,157.28,6.36,,,,
2026-01-30 13:00,152,58.0,113.23,309.29,1.1,157.6,6.48,,,,
2026-01-30 14:00,151,56.06,109.24,304.97,1.0,155.94,6.39,,,,
2026-01-30 15:00,146,53.63,104.68,297.83,0.82,153.7,6.05,,,,
2026-01-30 16:00,139,50.85,99.63,288.41,0.71,150.86,5.61,,,,
2026-01-30 17:00,131,47.88,94.62,277.98,0.64,147.71,5.14,,,,
2026-01-30 18:00,124,44.8,89.96,266.21,0.59,144.19,4.68,,,,
2026-01-30 19:00,117,41.87,85.77,254.13,0.54,140.53,4.27,,,,
2026-01-30 20:00,112,39.82,82.87,246.18,0.53,138.02,4.18,,,,
2026-01-30 21:00,109,38.75,81.76,243.7,0.61,135.91,4.55,,,,
2026-01-30 22:00,109,38.67,82.92,247.69,0.8,134.04,5.44,,,,
2026-01-30 23:00,111,39.62,86.8,258.69,1.02,132.3,6.5,,,,
2026-01-31 00:00,116,41.77,93.66,275.69,1.24,130.25,7.55,,,,
2026-01-31 00:00,116,41.77,93.66,275.69,1.24,130.25,7.55,,,,
2026-01-31 01:00,124,44.88,102.81,295.7,1.41,128.09,8.41,,,,
2026-01-31 02:00,132,48.18,112.02,313.47,1.51,126.41,9.06,,,,
2026-01-31 03:00,140,51.16,119.95,325.79,1.72,125.13,9.56,,,,
2026-01-31 04:00,147,54.12,127.2,335.68,2.26,124.46,9.98,,,,
2026-01-31 05:00,152,57.19,133.67,340.77,2.27,126.6,10.27,,,,
2026-01-31 06:00,153,60.18,138.56,340.27,1.96,132.06,10.27,,,,
2026-01-31 07:00,155,63.37,142.68,338.58,1.52,138.29,10.07,,,,
2026-01-31 08:00,157,67.36,148.04,341.03,1.18,144.4,9.99,,,,
2026-01-31 09:00,159,70.44,151.42,341.18,0.95,149.62,10.02,,,,
2026-01-31 10:00,159,71.74,152.08,338.0,0.84,154.03,10.09,,,,
2026-01-31 11:00,159,71.31,149.93,331.38,0.83,156.49,10.03,,,,
2026-01-31 12:00,158,69.79,145.85,324.64,0.9,157.24,9.7,,,,
2026-01-31 13:00,157,67.18,139.75,317.12,0.98,155.97,9.0,,,,
2026-01-31 14:00,155,63.33,131.13,306.5,0.85,152.86,7.85,,,,
2026-01-31 15:00,153,58.87,121.27,294.26,0.67,148.32,6.44,,,,
2026-01-31 16:00,147,54.3,111.22,280.89,0.56,143.44,5.1,,,,
2026-01-31 17:00,137,49.92,101.38,268.07,0.49,138.94,4.0,,,,
2026-01-31 18:00,125,45.25,91.05,253.87,0.43,134.48,3.07,,,,
2026-01-31 19:00,112,39.86,79.68,237.43,0.37,129.64,2.29,,,,
2026-01-31 20:00,99,34.71,69.48,221.04,0.33,125.38,1.74,,,,
2026-01-31 21:00,90,30.7,62.02,208.14,0.29,122.29,1.37,,,,
2026-01-31 22:00,81,26.14,54.58,192.51,0.26,119.75,1.06,,,,
2026-01-31 23:00,72,22.24,48.93,178.24,0.24,117.62,0.82,,,,
2026-02-01 00:00,67,19.62,45.65,169.13,0.22,115.67,0.67,,,,
2026-02-01 00:00,67,19.62,45.65,169.13,0.22,115.67,0.67,,,,
2026-02-01 01:00,63,17.96,44.32,164.19,0.23,113.66,0.7,,,,
2026-02-01 02:00,62,17.11,44.44,163.12,0.26,111.32,0.8,,,,
2026-02-01 03:00,60,16.58,45.11,163.38,0.34,108.95,0.93,,,,
2026-02-01 04:00,60,16.58,46.37,167.36,0.54,106.66,1.27,,,,
2026-02-01 05:00,61,16.97,48.0,172.86,0.66,106.03,1.79,,,,
2026-02-01 06:00,63,17.79,50.14,177.89,0.63,107.66,2.28,,,,
2026-02-01 07:00,67,19.65,53.38,187.28,0.54,110.3,2.67,,,,
2026-02-01 08:00,75,23.43,59.01,205.37,0.48,114.54,3.16,,,,
2026-02-01 09:00,85,28.36,66.16,225.87,0.46,120.09,3.79,,,,
2026-02-01 10:00,92,31.81,70.8,237.46,0.46,124.7,4.09,,,,
2026-02-01 11:00,93,32.09,70.55,233.71,0.46,125.35,3.83,,,,
2026-02-01 12:00,87,29.4,66.37,219.09,0.48,123.29,3.25,,,,
2026-02-01 13:00,76,23.9,58.82,193.33,0.46,118.03,2.46,,,,
2026-02-01 14:00,67,19.91,52.96,176.27,0.39,113.29,1.77,,,,
2026-02-01 15:00,61,16.64,47.72,162.82,0.3,109.18,1.22,,,,
2026-02-01 16:00,55,14.1,43.23,151.97,0.24,105.84,0.83,,,,
2026-02-01 17:00,51,12.18,39.45,144.06,0.21,103.1,0.57,,,,
2026-02-01 18:00,45,10.7,36.07,138.5,0.18,100.79,0.39,,,,
2026-02-01 19:00,40,9.67,33.37,135.32,0.16,98.87,0.28,,,,
2026-02-01 20:00,38,9.05,31.4,134.02,0.15,97.73,0.24,,,,
2026-02-01 21:00,36,8.75,30.13,134.13,0.15,97.13,0.25,,,,
2026-02-01 22:00,38,9.17,30.38,137.2,0.17,98.6,0.54,,,,
2026-02-01 23:00,42,10.02,31.62,143.4,0.26,99.72,0.88,,,,
2026-02-02 00:00,49,11.75,35.36,157.58,0.53,100.02,1.63,,,,
2026-02-02 00:00,49,11.75,35.36,157.58,0.53,100.02,1.63,,,,
2026-02-02 01:00,65,18.84,51.86,199.73,1.07,103.07,3.95,,,,
2026-02-02 02:00,90,30.68,79.42,257.9,1.65,106.87,6.49,,,,
2026-02-02 03:00,123,44.48,112.09,311.7,2.17,109.45,8.35,,,,
2026-02-02 04:00,154,61.15,152.76,374.19,3.23,110.61,9.63,,,,
2026-02-02 05:00,163,79.65,197.83,438.24,3.82,114.36,10.48,,,,
2026-02-02 06:00,172,95.63,234.63,477.94,3.75,124.57,10.95,,,,
2026-02-02 07:00,178,107.89,259.12,500.2,3.3,137.27,10.95,,,,
2026-02-02 08:00,184,119.02,276.65,522.74,2.77,151.33,10.8,,,,
2026-02-02 09:00,188,127.39,285.91,538.38,2.24,165.06,10.8,,,,
2026-02-02 10:00,191,132.84,288.53,549.8,1.94,177.7,10.91,,,,
2026-02-02 11:00,193,136.39,287.67,561.08,1.9,186.78,10.92,,,,
2026-02-02 12:00,193,136.53,282.21,564.53,2.09,192.28,10.98,,,,
2026-02-02 13:00,192,135.72,275.98,566.02,2.37,194.49,11.09,,,,
2026-02-02 14:00,192,133.95,268.66,563.86,2.07,193.53,11.0,,,,
2026-02-02 15:00,190,131.07,259.82,555.36,1.54,190.77,10.72,,,,
2026-02-02 16:00,188,127.81,250.28,541.22,1.27,187.22,10.27,,,,
2026-02-02 17:00,186,123.57,239.51,523.46,1.1,183.15,9.7,,,,
2026-02-02 18:00,183,117.6,226.42,500.31,1.04,177.53,9.05,,,,
2026-02-02 19:00,179,110.18,211.82,479.73,1.19,169.68,8.58,,,,
2026-02-02 20:00,175,102.93,198.84,473.7,1.57,159.61,8.14,,,,
2026-02-02 21:00,171,94.41,184.44,471.02,2.07,147.29,8.17,,,,
2026-02-02 22:00,164,81.17,163.55,443.55,2.38,135.2,9.83,,,,
2026-02-02 23:00,161,74.93,153.7,439.16,2.59,125.8,9.91,,,,
2026-02-03 00:00,160,72.68,149.97,442.9,2.7,118.3,9.55,,,,
2026-02-03 00:00,160,72.68,149.97,442.9,2.7,118.3,9.55,,,,
2026-02-03 01:00,160,72.88,150.46,447.03,2.71,112.5,9.24,,,,
2026-02-03 02:00,161,75.29,155.53,452.99,2.62,108.93,9.0,,,,
2026-02-03 03:00,163,79.08,163.98,458.96,2.63,107.14,8.79,,,,
2026-02-03 04:00,165,83.06,174.16,464.13,3.07,106.89,8.38,,,,
2026-02-03 05:00,168,87.78,185.83,470.42,3.03,111.23,7.79,,,,
2026-02-03 06:00,170,92.33,195.5,472.61,2.63,120.83,7.28,,,,
2026-02-03 07:00,172,96.19,201.14,468.47,2.03,132.3,6.94,,,,
2026-02-03 08:00,174,99.72,203.89,461.85,1.53,143.27,6.79,,,,
2026-02-03 09:00,175,101.95,203.41,453.81,1.23,152.0,6.86,,,,
2026-02-03 10:00,176,103.35,201.14,449.44,1.14,159.23,6.92,,,,
2026-02-03 11:00,176,104.26,198.28,446.92,1.19,164.3,6.99,,,,
2026-02-03 12:00,176,103.55,193.51,442.61,1.34,167.77,7.22,,,,
2026-02-03 13:00,176,103.12,189.14,441.47,1.55,170.17,7.51,,,,
2026-02-03 14:00,176,102.96,185.71,442.29,1.41,170.01,7.69,,,,
2026-02-03 15:00,175,102.22,181.59,440.36,1.13,169.24,7.79,,,,
2026-02-03 16:00,175,101.92,178.05,440.82,1.01,169.08,7.86,,,,
2026-02-03 17:00,175,102.52,176.16,446.06,0.96,169.68,7.95,,,,
2026-02-03 18:00,176,103.03,174.36,452.49,0.95,171.05,8.26,,,,
2026-02-03 19:00,176,103.05,172.5,459.08,0.99,172.59,8.89,,,,
2026-02-03 20:00,177,104.9,173.9,488.65,1.34,172.61,9.78,,,,
2026-02-03 21:00,178,107.25,176.55,543.22,1.98,168.83,10.72,,,,
2026-02-03 22:00,177,105.87,174.31,586.95,2.56,159.74,11.2,,,,
2026-02-03 23:00,174,99.99,166.76,611.96,3.01,146.11,10.74,,,,
2026-02-04 00:00,169,91.18,155.79,610.18,3.28,130.94,9.9,,,,
2026-02-04 00:00,169,91.18,155.79,610.18,3.28,130.94,9.9,,,,
2026-02-04 01:00,164,80.69,143.45,582.18,3.4,116.91,9.12,,,,
2026-02-04 02:00,160,73.0,135.28,546.2,3.36,106.21,8.11,,,,
2026-02-04 03:00,0,0.0,0.0,509.17,3.4,99.11,7.2,,,,
2026-02-04 04:00,156,64.33,129.82,467.49,3.64,96.83,6.27,,,,
2026-02-04 05:00,155,63.91,134.48,433.65,3.25,101.04,5.47,,,,
2026-02-04 06:00,156,65.72,143.22,406.95,2.63,110.58,5.17,,,,
2026-02-04 07:00,158,68.12,151.0,381.83,1.93,122.11,5.54,,,,
2026-02-04 08:00,159,71.52,156.66,369.93,1.44,131.91,5.92,,,,
2026-02-04 09:00,161,74.05,158.65,358.19,1.16,140.19,6.32,,,,
2026-02-04 10:00,0,0.0,0.0,351.16,1.11,147.57,6.56,,,,
2026-02-04 11:00,162,76.65,156.33,349.89,1.25,152.72,6.53,,,,
2026-02-04 12:00,162,76.85,153.64,350.65,1.62,156.11,6.6,,,,
2026-02-04 13:00,162,76.69,150.95,356.79,2.33,157.72,6.85,,,,
2026-02-04 14:00,161,75.6,146.22,364.73,2.72,155.96,7.09,,,,
2026-02-04 15:00,160,73.59,139.76,372.79,2.72,152.25,7.27,,,,
2026-02-04 16:00,159,70.11,130.94,377.12,2.85,146.8,7.44,,,,
2026-02-04 17:00,156,65.96,121.22,382.52,3.07,140.15,7.31,,,,
2026-02-04 18:00,154,61.43,112.01,385.17,3.24,132.73,7.13,,,,
2026-02-04 19:00,152,56.95,104.58,380.15,3.27,125.38,6.99,,,,
2026-02-04 20:00,144,53.11,100.23,371.51,3.24,118.29,6.92,,,,
2026-02-04 21:00,139,50.79,101.1,360.72,3.17,112.55,7.08,,,,
2026-02-04 22:00,138,50.7,109.02,346.44,2.96,109.74,7.48,,,,
2026-02-04 23:00,143,52.47,119.38,336.43,2.71,108.01,7.29,,,,
2026-02-05 00:00,148,54.65,128.74,327.12,2.42,107.17,6.73,,,,
2026-02-05 00:00,148,54.65,128.74,327.12,2.42,107.17,6.73,,,,
2026-02-05 01:00,151,56.35,135.14,318.11,2.16,107.18,6.18,,,,
2026-02-05 02:00,152,57.4,137.98,312.38,1.97,107.8,5.84,,,,
2026-02-05 03:00,152,57.81,138.06,308.79,2.06,108.47,5.79,,,,
2026-02-05 04:00,152,57.48,135.61,306.33,2.53,109.3,5.88,,,,
2026-02-05 05:00,152,57.64,133.92,308.48,2.58,112.27,6.05,,,,
2026-02-05 06:00,153,59.14,134.35,313.28,2.38,118.21,6.21,,,,
2026-02-05 07:00,154,61.77,136.09,317.89,1.95,125.66,6.22,,,,
2026-02-05 08:00,156,65.27,138.66,322.52,1.49,133.64,6.12,,,,
2026-02-05 09:00,158,68.32,140.34,326.07,1.19,140.82,6.06,,,,
2026-02-05 10:00,159,70.93,141.51,331.44,1.1,147.39,6.02,,,,
2026-02-05 11:00,160,72.57,141.68,337.21,1.2,152.43,5.96,,,,
2026-02-05 12:00,160,73.7,141.53,343.8,1.44,156.12,6.05,,,,
2026-02-05 13:00,161,75.04,141.97,354.1,1.8,158.58,6.27,,,,
2026-02-05 14:00,162,76.47,142.76,366.19,1.82,159.09,6.44,,,,
2026-02-05 15:00,163,77.83,143.4,377.55,1.56,158.94,6.67,,,,
2026-02-05 16:00,163,79.01,143.47,391.25,1.49,158.71,6.95,,,,
2026-02-05 17:00,164,80.33,143.14,412.89,1.73,157.64,7.31,,,,
2026-02-05 18:00,164,81.64,142.04,441.47,2.12,155.29,7.7,,,,
2026-02-05 19:00,165,82.72,140.65,474.58,2.48,151.55,8.03,,,,
2026-02-05 20:00,165,83.39,139.63,516.16,2.88,146.06,8.36,,,,
2026-02-05 21:00,165,83.52,139.91,561.33,3.31,138.88,8.66,,,,
2026-02-05 22:00,165,83.35,141.69,574.7,3.3,133.73,9.23,,,,
2026-02-05 23:00,166,84.16,145.24,588.69,3.29,128.1,9.06,,,,
2026-02-06 00:00,166,85.21,149.66,601.49,3.24,122.87,8.76,,,,
2026-02-06 00:00,166,85.21,149.66,601.49,3.24,122.87,8.76,,,,
2026-02-06 01:00,167,86.18,153.75,607.05,3.17,118.8,9.08,,,,
2026-02-06 02:00,167,87.4,157.44,605.95,3.06,115.83,9.43,,,,
2026-02-06 03:00,168,88.42,159.96,602.21,3.07,113.88,9.54,,,,
2026-02-06 04:00,168,88.29,159.77,592.7,3.52,113.61,9.59,,,,
2026-02-06 05:00,168,88.85,160.01,585.83,3.5,118.56,9.47,,,,
2026-02-06 06:00,169,90.86,161.72,582.68,3.02,130.11,9.22,,,,
2026-02-06 07:00,171,94.08,164.4,581.84,2.34,144.04,8.84,,,,
2026-02-06 08:00,173,99.0,169.07,588.83,1.86,157.85,8.44,,,,
2026-02-06 09:00,176,104.25,174.21,594.97,1.61,171.36,8.46,,,,
2026-02-06 10:00,179,108.99,178.55,595.96,1.53,185.01,9.05,,,,
2026-02-06 11:00,180,112.36,180.98,592.3,1.6,196.59,9.82,,,,
2026-02-06 12:00,181,113.54,180.59,582.07,1.82,205.18,10.69,,,,
2026-02-06 13:00,180,112.19,177.09,564.26,2.07,209.65,11.66,,,,
2026-02-06 14:00,178,107.3,168.76,534.32,1.74,208.86,12.29,,,,
2026-02-06 15:00,174,100.93,157.65,496.72,1.28,203.71,12.14,,,,
2026-02-06 16:00,171,94.22,145.34,459.31,1.05,196.44,11.26,,,,
2026-02-06 17:00,168,89.09,134.7,428.29,0.89,188.07,9.84,,,,
2026-02-06 18:00,166,84.22,124.45,399.63,0.75,178.87,8.23,,,,
2026-02-06 19:00,163,79.06,114.22,372.6,0.62,169.44,6.7,,,,
2026-02-06 20:00,161,74.04,104.85,347.53,0.52,161.12,5.39,,,,
2026-02-06 21:00,158,69.11,96.4,324.02,0.43,153.43,4.28,,,,
2026-02-06 22:00,155,64.11,88.59,301.04,0.35,146.68,3.36,,,,
2026-02-06 23:00,153,58.97,81.41,277.97,0.28,140.15,2.57,,,,
2026-02-07 00:00,148,54.44,75.85,257.06,0.23,134.49,2.0,,,,
2026-02-07 00:00,148,54.44,75.85,257.06,0.23,134.49,2.0,,,,
2026-02-07 01:00,136,49.76,70.1,236.65,0.18,129.67,1.57,,,,
2026-02-07 02:00,131,47.57,68.1,226.63,0.15,126.4,1.31,,,,
2026-02-07 03:00,129,46.84,68.06,222.58,0.16,124.01,1.14,,,,
2026-02-07 04:00,128,46.49,68.21,219.96,0.17,121.72,1.01,,,,
2026-02-07 05:00,128,46.66,68.8,219.79,0.15,120.32,0.92,,,,
2026-02-07 06:00,129,47.01,69.56,219.8,0.11,118.91,0.85,,,,
2026-02-07 07:00,130,47.21,70.08,218.69,0.08,117.22,0.79,,,,
2026-02-07 08:00,130,47.31,70.43,217.0,0.07,115.36,0.73,,,,
2026-02-07 09:00,131,47.51,70.8,215.49,0.07,113.59,0.68,,,,
2026-02-07 10:00,132,47.99,71.67,215.42,0.08,112.49,0.64,,,,
2026-02-07 11:00,133,48.3,72.57,215.17,0.08,110.86,0.6,,,,
2026-02-07 12:00,133,48.46,73.39,214.68,0.1,109.69,0.56,,,,
2026-02-07 13:00,133,48.65,74.33,214.89,0.13,109.06,0.51,,,,
2026-02-07 14:00,133,48.65,75.06,214.62,0.14,108.13,0.46,,,,
2026-02-07 15:00,133,48.49,75.73,214.16,0.13,107.41,0.41,,,,
2026-02-07 16:00,132,47.99,75.84,212.39,0.12,106.96,0.37,,,,
2026-02-07 17:00,131,47.6,75.96,211.02,0.12,106.45,0.33,,,,
2026-02-07 18:00,130,47.17,76.16,209.35,0.11,106.18,0.3,,,,
2026-02-07 19:00,129,46.77,76.44,207.88,0.1,105.78,0.28,,,,
2026-02-07 20:00,129,46.83,77.44,207.52,0.1,105.27,0.26,,,,
2026-02-07 21:00,130,47.26,79.11,208.17,0.09,104.49,0.25,,,,
2026-02-07 22:00,132,47.95,81.57,209.24,0.09,103.8,0.24,,,,
2026-02-07 23:00,133,48.58,84.22,210.38,0.09,103.42,0.23,,,,
2026-02-08 00:00,135,49.17,86.98,211.1,0.09,102.9,0.22,,,,
2026-02-08 00:00,135,49.17,86.98,211.1,0.09,102.9,0.22,,,,
2026-02-08 01:00,136,49.77,90.0,211.74,0.09,102.57,0.2,,,,
2026-02-08 02:00,137,50.29,92.88,212.67,0.08,102.29,0.19,,,,
2026-02-08 03:00,139,50.79,95.7,213.0,0.09,101.82,0.18,,,,
2026-02-08 04:00,139,50.93,97.2,213.01,0.1,100.83,0.17,,,,
2026-02-08 05:00,139,51.11,98.18,213.48,0.09,99.98,0.17,,,,
2026-02-08 06:00,140,51.22,98.94,214.13,0.08,99.38,0.18,,,,
2026-02-08 07:00,140,51.2,99.23,214.08,0.07,98.54,0.19,,,,
2026-02-08 08:00,140,51.2,99.4,213.87,0.07,97.49,0.2,,,,
2026-02-08 09:00,140,51.38,99.47,214.15,0.07,96.45,0.22,,,,
2026-02-08 10:00,141,51.65,99.73,214.23,0.07,95.58,0.22,,,,
2026-02-08 11:00,140,51.41,99.38,211.56,0.07,94.02,0.19,,,,
2026-02-08 12:00,139,50.86,98.44,208.12,0.08,93.13,0.16,,,,
2026-02-08 13:00,136,49.79,96.06,203.72,0.09,93.55,0.14,,,,
2026-02-08 14:00,132,48.22,92.91,198.66,0.1,94.02,0.13,,,,
2026-02-08 15:00,129,46.88,91.32,194.02,0.1,94.52,0.12,,,,
2026-02-08 16:00,126,45.66,90.58,189.84,0.09,95.19,0.11,,,,
2026-02-08 17:00,123,44.53,90.13,186.23,0.09,95.85,0.1,,,,
2026-02-08 18:00,120,43.35,90.22,182.51,0.09,96.46,0.11,,,,
2026-02-08 19:00,117,41.83,89.51,178.15,0.09,97.23,0.11,,,,
2026-02-08 20:00,114,40.69,89.33,175.12,0.09,97.7,0.1,,,,
2026-02-08 21:00,113,40.22,90.19,173.36,0.08,97.78,0.1,,,,
2026-02-08 22:00,113,40.3,91.5,173.31,0.08,97.83,0.1,,,,
2026-02-08 23:00,114,40.68,92.72,174.15,0.08,97.75,0.1,,,,
2026-02-09 00:00,115,41.26,93.4,175.52,0.08,97.59,0.1,,,,
2026-02-09 00:00,115,41.26,93.4,175.52,0.08,97.59,0.1,,,,
2026-02-09 01:00,117,41.83,93.65,177.34,0.08,97.48,0.1,,,,
2026-02-09 02:00,118,42.36,93.11,179.37,0.08,97.23,0.1,,,,
2026-02-09 03:00,119,42.75,91.69,181.23,0.08,97.09,0.1,,,,
2026-02-09 04:00,118,42.55,88.71,181.72,0.08,96.98,0.1,,,,
2026-02-09 05:00,116,41.77,84.78,181.22,0.07,97.05,0.1,,,,
2026-02-09 06:00,114,40.68,80.8,179.58,0.05,96.99,0.1,,,,
2026-02-09 07:00,110,39.29,76.93,176.99,0.04,96.36,0.11,,,,
2026-02-09 08:00,107,37.89,73.85,173.33,0.04,95.49,0.11,,,,
2026-02-09 09:00,104,36.7,71.79,169.98,0.05,94.72,0.12,,,,
2026-02-09 10:00,102,35.86,70.73,167.11,0.05,94.22,0.12,,,,
2026-02-09 11:00,100,35.25,70.05,164.54,0.06,93.61,0.13,,,,
2026-02-09 12:00,99,35.11,70.07,163.09,0.07,93.39,0.14,,,,
2026-02-09 13:00,101,35.56,70.87,163.34,0.09,93.57,0.15,,,,
2026-02-09 14:00,104,36.56,71.91,165.09,0.1,93.67,0.16,,,,
2026-02-09 15:00,107,38.05,73.47,168.16,0.1,94.03,0.18,,,,
2026-02-09 16:00,111,39.72,75.28,171.73,0.1,94.62,0.2,,,,
2026-02-09 17:00,116,41.75,77.92,176.22,0.1,95.63,0.21,,,,
2026-02-09 18:00,122,44.09,81.22,181.73,0.1,96.86,0.23,,,,
2026-02-09 19:00,128,46.49,84.95,187.26,0.1,98.18,0.25,,,,
2026-02-09 20:00,134,48.91,88.78,193.1,0.1,99.45,0.27,,,,
2026-02-09 21:00,140,51.16,92.39,198.34,0.09,100.26,0.29,,,,
2026-02-09 22:00,144,53.01,95.48,202.93,0.09,101.13,0.31,,,,
2026-02-09 23:00,147,54.28,97.43,206.23,0.09,101.39,0.32,,,,
2026-02-10 00:00,149,54.88,98.25,208.1,0.09,101.24,0.33,,,,
2026-02-10 00:00,149,54.88,98.25,208.1,0.09,101.24,0.33,,,,
2026-02-10 01:00,149,54.9,98.16,208.45,0.1,100.8,0.34,,,,
2026-02-10 02:00,147,54.36,97.16,208.06,0.1,100.0,0.35,,,,
2026-02-10 03:00,145,53.29,95.32,206.95,0.11,98.94,0.35,,,,
2026-02-10 04:00,141,51.79,92.82,205.16,0.12,97.56,0.36,,,,
2026-02-10 05:00,136,49.89,89.91,202.25,0.1,96.24,0.35,,,,
2026-02-10 06:00,131,47.65,86.56,198.45,0.08,94.79,0.35,,,,
2026-02-10 07:00,122,44.2,81.91,189.47,0.08,93.6,0.37,,,,
2026-02-10 08:00,115,41.22,77.47,181.76,0.08,92.56,0.4,,,,
2026-02-10 09:00,111,39.46,74.46,177.46,0.08,91.29,0.4,,,,
2026-02-10 10:00,106,37.59,71.59,173.39,0.08,91.2,0.41,,,,
2026-02-10 11:00,100,35.33,68.28,167.88,0.1,91.8,0.43,,,,
2026-02-10 12:00,97,33.8,65.81,164.1,0.12,92.35,0.43,,,,
2026-02-10 13:00,95,32.89,64.36,162.01,0.15,92.71,0.43,,,,
2026-02-10 14:00,94,32.63,64.09,160.66,0.17,92.71,0.42,,,,
2026-02-10 15:00,94,32.45,64.02,159.72,0.16,92.6,0.41,,,,
2026-02-10 16:00,93,32.24,63.87,158.63,0.15,92.36,0.4,,,,
2026-02-10 17:00,93,32.3,64.16,158.42,0.15,92.15,0.39,,,,
2026-02-10 18:00,94,32.43,64.64,158.5,0.14,91.87,0.38,,,,
2026-02-10 19:00,94,32.65,65.32,158.39,0.14,91.19,0.37,,,,
2026-02-10 20:00,95,33.08,66.31,158.9,0.13,90.8,0.36,,,,
2026-02-10 21:00,96,33.42,67.23,158.99,0.13,90.43,0.35,,,,
2026-02-10 22:00,96,33.45,67.67,157.96,0.12,90.3,0.34,,,,
2026-02-10 23:00,95,33.03,67.48,156.1,0.12,90.82,0.34,,,,
2026-02-11 00:00,93,32.27,66.63,154.77,0.14,91.57,0.38,,,,
2026-02-11 00:00,93,32.27,66.63,154.77,0.14,91.57,0.38,,,,
2026-02-11 01:00,92,31.67,66.16,159.91,0.32,92.25,0.67,,,,
2026-02-11 02:00,95,32.96,70.22,183.99,0.89,92.16,1.9,,,,
2026-02-11 03:00,110,39.2,86.73,239.57,2.08,92.23,4.54,,,,
2026-02-11 04:00,140,51.49,117.19,328.17,3.88,93.28,6.96,,,,
2026-02-11 05:00,157,67.26,154.55,425.73,4.76,101.89,8.19,,,,
2026-02-11 06:00,166,84.25,190.7,494.18,4.18,122.47,8.64,,,,
2026-02-11 07:00,172,96.57,212.16,521.49,2.92,145.65,8.44,,,,
2026-02-11 08:00,176,104.36,220.96,529.59,1.99,164.36,8.24,,,,
2026-02-11 09:00,179,109.13,222.5,523.75,1.55,177.0,8.23,,,,
2026-02-11 10:00,180,112.01,220.26,518.91,1.47,186.39,8.27,,,,
2026-02-11 11:00,181,112.67,214.44,516.5,1.63,191.75,8.2,,,,
2026-02-11 12:00,180,111.58,207.01,514.8,2.01,194.5,8.27,,,,
2026-02-11 13:00,179,110.12,199.47,517.26,2.62,194.8,8.45,,,,
2026-02-11 14:00,178,107.21,189.48,521.01,2.81,190.9,8.58,,,,
2026-02-11 15:00,176,104.04,179.38,523.09,2.61,184.64,8.66,,,,
2026-02-11 16:00,174,100.05,168.96,524.99,2.68,175.75,8.66,,,,
2026-02-11 17:00,171,95.12,158.22,527.43,2.92,164.37,8.55,,,,
2026-02-11 18:00,169,90.31,149.47,528.45,3.16,151.36,8.62,,,,
2026-02-11 19:00,167,87.1,145.17,529.68,3.38,139.6,8.89,,,,
2026-02-11 20:00,167,87.01,145.59,545.56,3.47,131.07,8.53,,,,
2026-02-11 21:00,168,88.39,148.64,558.12,3.35,125.76,8.16,,,,
2026-02-11 22:00,168,89.3,151.51,563.04,3.1,122.95,7.87,,,,
2026-02-11 23:00,169,89.78,153.39,559.7,2.82,122.03,7.66,,,,
2026-02-12 00:00,168,89.31,153.63,545.59,2.52,122.6,7.52,,,,
2026-02-12 00:00,168,89.31,153.63,545.59,2.52,122.6,7.52,,,,
2026-02-12 01:00,167,87.09,153.37,516.88,2.22,125.01,7.75,,,,
2026-02-12 02:00,166,85.19,153.77,496.0,2.03,126.98,7.82,,,,
2026-02-12 03:00,166,83.88,154.8,481.41,2.27,128.12,7.77,,,,
2026-02-12 04:00,165,82.35,155.43,466.01,2.83,129.42,7.75,,,,
2026-02-12 05:00,165,82.18,157.18,457.12,3.1,133.3,7.81,,,,
2026-02-12 06:00,166,84.21,160.71,456.16,3.09,141.51,8.03,,,,
2026-02-12 07:00,168,88.19,165.28,462.8,2.79,152.98,8.28,,,,
2026-02-12 08:00,171,93.98,171.32,477.87,2.3,166.7,8.5,,,,
2026-02-12 09:00,174,99.95,176.99,491.94,1.82,180.64,8.86,,,,
2026-02-12 10:00,177,104.98,180.92,504.8,1.57,192.91,9.08,,,,
2026-02-12 11:00,178,107.77,181.49,513.1,1.58,200.75,8.95,,,,
2026-02-12 12:00,178,106.88,177.48,507.77,1.73,204.01,8.76,,,,
2026-02-12 13:00,175,102.63,169.57,491.85,1.91,202.67,8.42,,,,
2026-02-12 14:00,172,96.72,159.03,465.42,1.67,196.35,7.63,,,,
2026-02-12 15:00,169,90.84,147.85,431.12,1.15,187.12,6.55,,,,
2026-02-12 16:00,166,84.99,136.72,397.42,0.88,176.3,5.37,,,,
2026-02-12 17:00,163,79.48,126.38,367.4,0.71,165.54,4.25,,,,
2026-02-12 18:00,161,74.48,117.41,342.99,0.59,155.38,3.24,,,,
2026-02-12 19:00,159,70.4,110.49,324.59,0.5,146.73,2.44,,,,
2026-02-12 20:00,157,67.73,106.38,314.73,0.42,139.64,1.86,,,,
2026-02-12 21:00,156,66.11,104.53,309.52,0.37,134.49,1.46,,,,
2026-02-12 22:00,156,65.32,104.73,308.55,0.32,130.85,1.19,,,,
2026-02-12 23:00,156,64.7,105.56,308.23,0.29,127.86,1.0,,,,
2026-02-13 00:00,155,63.4,105.19,304.76,0.26,125.37,0.84,,,,
2026-02-13 00:00,155,63.4,105.19,304.76,0.26,125.37,0.84,,,,
2026-02-13 01:00,154,60.41,101.66,294.34,0.23,124.3,0.71,,,,
2026-02-13 02:00,152,57.29,97.73,282.87,0.22,123.0,0.61,,,,
2026-02-13 03:00,148,54.63,94.06,272.1,0.23,120.99,0.52,,,,
2026-02-13 04:00,142,52.27,90.1,262.33,0.26,118.45,0.46,,,,
2026-02-13 05:00,137,50.24,86.31,254.23,0.23,116.29,0.4,,,,
2026-02-13 06:00,132,48.17,82.6,245.22,0.18,114.51,0.36,,,,
2026-02-13 07:00,127,45.89,78.76,234.54,0.14,112.39,0.32,,,,
2026-02-13 08:00,121,43.52,75.04,223.05,0.12,109.76,0.29,,,,
2026-02-13 09:00,115,41.07,71.49,211.34,0.11,107.31,0.26,,,,
2026-02-13 10:00,108,38.33,67.79,199.33,0.11,105.72,0.25,,,,
2026-02-13 11:00,101,35.62,64.02,188.16,0.11,103.32,0.23,,,,
2026-02-13 12:00,96,33.27,60.78,178.91,0.13,101.46,0.23,,,,
2026-02-13 13:00,92,31.36,58.27,172.1,0.16,100.19,0.23,,,,
2026-02-13 14:00,88,29.88,56.51,166.74,0.18,98.68,0.24,,,,
2026-02-13 15:00,86,28.69,55.04,162.52,0.17,97.59,0.25,,,,
2026-02-13 16:00,84,27.72,53.69,159.07,0.16,96.94,0.25,,,,
2026-02-13 17:00,82,26.97,52.5,156.58,0.15,96.6,0.26,,,,
2026-02-13 18:00,81,26.34,51.43,154.38,0.14,96.37,0.26,,,,
2026-02-13 19:00,80,25.79,50.41,152.02,0.13,95.54,0.26,,,,
2026-02-13 20:00,79,25.36,49.62,150.1,0.12,94.72,0.26,,,,
2026-02-13 21:00,78,24.95,48.76,148.24,0.11,94.02,0.26,,,,
2026-02-13 22:00,77,24.5,47.68,146.34,0.11,93.84,0.26,,,,
2026-02-13 23:00,76,23.98,46.46,144.75,0.1,93.78,0.26,,,,
2026-02-14 00:00,75,23.47,45.48,142.53,0.09,93.7,0.26,,,,
2026-02-14 00:00,75,23.47,45.48,142.53,0.09,93.7,0.26,,,,
2026-02-14 01:00,74,23.01,44.88,140.22,0.09,93.94,0.25,,,,
2026-02-14 02:00,73,22.78,45.06,137.53,0.08,93.91,0.23,,,,
2026-02-14 03:00,73,22.62,45.48,135.23,0.09,93.47,0.22,,,,
2026-02-14 04:00,72,22.31,45.38,132.66,0.1,92.31,0.19,,,,
2026-02-14 05:00,72,22.07,45.22,131.17,0.08,91.29,0.17,,,,
2026-02-14 06:00,71,21.77,44.84,129.56,0.06,90.6,0.16,,,,
2026-02-14 07:00,71,21.38,44.11,127.92,0.05,89.59,0.14,,,,
2026-02-14 08:00,70,21.06,43.53,126.29,0.04,87.79,0.13,,,,
2026-02-14 09:00,69,20.76,42.89,125.0,0.04,86.04,0.12,,,,
2026-02-14 10:00,69,20.49,42.34,124.24,0.04,85.1,0.11,,,,
2026-02-14 11:00,68,20.14,41.72,123.14,0.05,84.55,0.1,,,,
2026-02-14 12:00,67,19.8,41.26,122.3,0.05,84.67,0.1,,,,
2026-02-14 13:00,67,19.48,41.0,122.1,0.07,86.22,0.09,,,,
2026-02-14 14:00,66,19.32,41.38,121.71,0.08,87.25,0.09,,,,
2026-02-14 15:00,66,19.3,42.33,121.95,0.08,87.88,0.09,,,,
2026-02-14 16:00,66,19.38,43.52,121.91,0.08,88.2,0.08,,,,
2026-02-14 17:00,67,19.57,44.87,122.26,0.08,88.52,0.08,,,,
2026-02-14 18:00,67,19.77,46.11,122.71,0.08,88.79,0.08,,,,
2026-02-14 19:00,67,19.92,46.97,123.13,0.07,88.84,0.08,,,,
2026-02-14 20:00,68,20.07,47.67,123.63,0.07,89.09,0.08,,,,
2026-02-14 21:00,68,20.29,48.52,124.34,0.07,89.13,0.08,,,,
2026-02-14 22:00,69,20.63,49.73,125.25,0.07,88.96,0.09,,,,
2026-02-14 23:00,70,21.11,51.35,126.26,0.07,88.78,0.09,,,,
2026-02-15 00:00,71,21.7,53.12,127.39,0.06,88.57,0.09,,,,
2026-02-15 00:00,71,21.7,53.12,127.39,0.06,88.57,0.09,,,,
2026-02-16 01:00,65,18.68,30.23,129.61,0.05,91.54,0.09,,,,
2026-02-16 02:00,64,18.49,29.64,129.73,0.05,92.3,0.09,,,,
2026-02-16 03:00,64,18.2,28.91,129.31,0.05,93.31,0.09,,,,
2026-02-16 04:00,63,17.64,27.83,128.02,0.05,94.15,0.09,,,,
2026-02-16 05:00,62,17.13,26.7,127.31,0.04,94.18,0.09,,,,
2026-02-16 06:00,60,16.56,25.39,126.66,0.03,93.9,0.09,,,,
2026-02-16 07:00,59,15.92,23.97,125.5,0.03,93.07,0.09,,,,
2026-02-16 08:00,58,15.36,22.77,124.51,0.02,92.06,0.09,,,,
2026-02-16 09:00,57,14.91,21.9,123.65,0.02,91.11,0.09,,,,
2026-02-16 10:00,56,14.71,21.53,123.46,0.03,90.72,0.1,,,,
2026-02-16 11:00,56,14.69,21.47,123.66,0.03,90.58,0.1,,,,
2026-02-16 12:00,57,14.88,21.72,124.29,0.04,90.61,0.11,,,,
2026-02-16 13:00,58,15.28,22.34,125.66,0.05,91.03,0.11,,,,
2026-02-16 14:00,59,15.86,23.22,127.48,0.07,91.21,0.12,,,,
2026-02-16 15:00,60,16.5,24.23,129.49,0.07,91.59,0.12,,,,
2026-02-16 16:00,61,17.02,25.09,130.86,0.07,91.79,0.12,,,,
2026-02-16 17:00,62,17.52,25.97,132.18,0.07,91.86,0.13,,,,
2026-02-16 18:00,64,18.06,26.98,133.45,0.07,91.82,0.13,,,,
2026-02-16 19:00,65,18.62,28.02,134.65,0.07,91.69,0.13,,,,
2026-02-16 20:00,66,19.26,29.15,136.26,0.07,91.46,0.13,,,,
2026-02-16 21:00,68,19.95,30.44,137.92,0.07,91.23,0.13,,,,
2026-02-16 22:00,69,20.7,32.01,139.23,0.07,90.94,0.13,,,,
2026-02-16 23:00,71,21.39,33.77,139.45,0.06,90.86,0.13,,,,
2026-02-17 00:00,72,22.1,35.72,139.79,0.06,90.87,0.14,,,,
2026-02-17 00:00,72,22.1,35.72,139.79,0.06,90.87,0.14,,,,
2026-02-17 01:00,73,22.73,37.44,140.34,0.06,90.73,0.14,,,,
2026-02-17 02:00,74,23.0,37.95,140.7,0.06,90.49,0.14,,,,
2026-02-17 03:00,74,22.9,37.37,140.82,0.07,90.19,0.13,,,,
2026-02-17 04:00,72,22.29,35.65,139.88,0.07,89.87,0.12,,,,
2026-02-17 05:00,71,21.6,33.96,138.56,0.06,89.64,0.12,,,,
2026-02-17 06:00,70,20.92,32.68,136.52,0.04,89.4,0.12,,,,
2026-02-17 07:00,68,20.2,31.45,134.01,0.04,88.83,0.12,,,,
2026-02-17 08:00,67,19.48,30.13,131.44,0.03,88.14,0.14,,,,
2026-02-17 09:00,65,18.87,28.97,129.48,0.03,87.5,0.15,,,,
2026-02-17 10:00,65,18.71,28.57,129.21,0.04,87.08,0.16,,,,
2026-02-17 11:00,65,18.89,28.65,130.16,0.04,86.07,0.17,,,,
2026-02-17 12:00,66,19.14,28.75,131.53,0.05,85.39,0.18,,,,
2026-02-17 13:00,66,19.45,29.03,132.5,0.06,84.92,0.17,,,,
2026-02-17 14:00,68,19.95,29.71,134.06,0.07,84.63,0.17,,,,
2026-02-17 15:00,69,20.49,30.5,135.57,0.07,84.27,0.16,,,,
2026-02-17 16:00,69,20.88,31.08,136.86,0.07,84.1,0.15,,,,
2026-02-17 17:00,70,21.05,31.28,137.45,0.07,83.96,0.14,,,,
2026-02-17 18:00,70,21.11,31.34,137.74,0.07,83.52,0.17,,,,
2026-02-17 19:00,69,20.84,31.87,138.47,0.12,84.19,0.36,,,,
2026-02-17 20:00,70,21.19,34.47,145.03,0.31,84.81,1.06,,,,
2026-02-17 21:00,74,22.84,39.19,162.44,0.78,85.3,2.52,,,,
2026-02-17 22:00,79,25.35,46.15,182.74,1.39,87.53,4.94,,,,
2026-02-17 23:00,86,28.72,53.88,215.79,2.08,88.7,7.22,,,,
2026-02-18 00:00,93,32.11,60.94,258.86,2.75,89.15,8.73,,,,
2026-02-18 00:00,93,32.11,60.94,258.86,2.75,89.15,8.73,,,,
2026-02-19 01:00,76,23.99,46.78,188.68,0.48,116.64,3.89,,,,
2026-02-19 02:00,87,29.25,58.38,212.89,0.64,119.37,4.7,,,,
2026-02-19 03:00,96,33.42,68.36,230.48,0.93,120.7,5.25,,,,
2026-02-19 04:00,106,37.43,78.83,253.34,1.6,120.4,5.98,,,,
2026-02-19 05:00,115,41.15,88.91,283.36,2.39,119.98,6.82,,,,
2026-02-19 06:00,128,46.58,101.76,320.57,2.92,123.56,7.81,,,,
2026-02-19 07:00,148,54.44,116.72,359.07,2.9,133.26,8.56,,,,
2026-02-19 08:00,156,65.02,132.69,397.69,2.43,148.17,8.96,,,,
2026-02-19 09:00,161,75.17,147.71,425.84,1.93,163.26,9.31,,,,
2026-02-19 10:00,164,81.26,156.07,443.38,1.72,175.8,9.39,,,,
2026-02-19 11:00,166,84.17,157.68,451.89,1.79,183.79,9.17,,,,
2026-02-19 12:00,166,83.9,154.52,450.53,2.11,187.39,8.89,,,,
2026-02-19 13:00,164,81.4,147.76,443.49,2.66,186.51,8.59,,,,
2026-02-19 14:00,162,76.6,137.21,426.74,2.88,179.89,8.18,,,,
2026-02-19 15:00,158,69.92,124.19,403.23,2.69,169.31,7.81,,,,
2026-02-19 16:00,154,61.74,109.89,378.95,2.97,155.95,7.75,,,,
2026-02-19 17:00,151,55.53,99.37,371.45,3.53,142.48,7.71,,,,
2026-02-19 18:00,140,51.3,93.46,371.07,4.08,130.85,7.78,,,,
2026-02-19 19:00,134,48.79,91.94,366.32,4.3,122.42,8.2,,,,
2026-02-19 20:00,133,48.32,94.16,360.04,4.15,118.34,8.71,,,,
2026-02-19 21:00,135,49.29,98.2,353.74,3.77,118.48,9.17,,,,
2026-02-19 22:00,140,51.46,102.63,355.04,3.35,120.69,9.58,,,,
2026-02-19 23:00,147,54.19,106.8,364.18,3.0,122.29,9.79,,,,
2026-02-20 00:00,151,56.27,110.65,365.26,2.59,123.99,9.5,,,,
2026-02-20 00:00,151,56.27,110.65,365.26,2.59,123.99,9.5,,,,
2026-02-20 01:00,152,57.29,114.51,358.51,2.22,124.94,8.88,,,,
2026-02-20 02:00,152,57.76,118.65,349.5,1.98,125.23,8.26,,,,
2026-02-20 03:00,152,57.88,122.65,341.07,2.2,124.96,7.81,,,,
2026-02-20 04:00,152,57.69,126.34,334.72,2.8,124.21,7.49,,,,
2026-02-20 05:00,153,58.47,131.35,335.6,3.05,126.26,7.35,,,,
2026-02-20 06:00,154,60.54,137.59,343.89,3.02,132.37,7.36,,,,
2026-02-20 07:00,155,64.2,144.06,355.26,2.6,141.91,7.33,,,,
2026-02-20 08:00,158,69.55,151.34,367.64,1.99,152.9,7.26,,,,
2026-02-20 09:00,160,73.19,154.82,372.82,1.54,162.64,7.28,,,,
2026-02-20 10:00,161,75.28,154.07,375.85,1.38,170.92,7.19,,,,
2026-02-20 11:00,162,76.73,151.14,380.76,1.48,176.43,6.92,,,,
2026-02-20 12:00,162,77.1,147.01,385.9,1.81,180.59,6.82,,,,
2026-02-20 13:00,162,76.88,142.69,393.78,2.42,183.09,6.94,,,,
2026-02-20 14:00,161,75.22,136.37,400.27,2.83,181.71,7.15,,,,
2026-02-20 15:00,160,72.32,128.9,404.98,2.86,176.76,7.41,,,,
2026-02-20 16:00,157,67.78,120.07,409.48,3.32,167.57,7.76,,,,
2026-02-20 17:00,154,62.09,110.74,417.08,4.03,154.43,8.03,,,,
2026-02-20 18:00,152,56.57,104.24,424.09,4.61,140.25,8.31,,,,
2026-02-20 19:00,143,52.36,101.84,413.33,4.54,131.12,8.64,,,,
2026-02-20 20:00,138,50.71,102.35,411.79,4.32,124.54,8.24,,,,
2026-02-20 21:00,137,50.1,104.05,409.19,4.06,119.69,7.76,,,,
2026-02-20 22:00,136,49.69,105.68,397.56,3.65,116.5,7.32,,,,
2026-02-20 23:00,135,49.32,107.03,378.8,3.13,114.94,6.81,,,,
2026-02-21 00:00,134,48.82,108.4,355.62,2.61,115.16,6.33,,,,
2026-02-21 00:00,134,48.82,108.4,355.62,2.61,115.16,6.33,,,,
2026-02-21 01:00,133,48.4,110.45,333.41,2.16,116.87,5.95,,,,
2026-02-21 02:00,133,48.43,112.85,320.84,1.86,118.29,5.66,,,,
2026-02-21 03:00,134,48.87,115.71,313.95,1.89,119.76,5.5,,,,
2026-02-21 04:00,135,49.48,118.71,310.94,2.12,121.73,5.46,,,,
2026-02-21 05:00,138,50.68,122.12,313.13,1.99,126.69,5.47,,,,
2026-02-21 06:00,143,52.63,125.65,320.2,1.66,134.32,5.53,,,,
2026-02-21 07:00,500,55.42,129.11,328.68,1.27,142.96,5.54,,,,
2026-02-21 08:00,153,59.32,133.23,339.85,1.01,151.52,5.49,,,,
2026-02-21 09:00,155,63.06,137.03,349.69,0.91,159.35,5.5,,,,
2026-02-21 10:00,157,66.59,140.23,358.57,0.91,167.42,5.6,,,,
2026-02-21 11:00,158,68.75,141.09,363.52,1.0,172.98,5.65,,,,
2026-02-21 12:00,158,69.6,140.27,363.49,1.16,176.25,5.72,,,,
2026-02-21 13:00,158,69.46,138.21,360.72,1.35,177.29,5.78,,,,
2026-02-21 14:00,158,68.32,134.55,353.91,1.28,175.19,5.71,,,,
2026-02-21 15:00,157,66.35,129.68,341.77,0.96,171.97,5.62,,,,
2026-02-21 16:00,156,64.24,124.29,328.79,0.79,167.68,5.43,,,,
2026-02-21 17:00,155,62.61,119.69,318.78,0.69,163.19,5.09,,,,
2026-02-21 18:00,154,61.16,115.37,309.24,0.61,158.75,4.73,,,,
2026-02-21 19:00,153,59.78,111.19,300.36,0.55,154.54,4.42,,,,
2026-02-21 20:00,152,58.38,106.84,291.31,0.49,151.07,4.19,,,,
2026-02-21 21:00,152,56.93,102.72,282.39,0.44,147.8,3.98,,,,
2026-02-21 22:00,150,55.28,98.72,272.46,0.39,145.55,3.85,,,,
2026-02-21 23:00,147,53.99,96.18,265.49,0.35,143.09,3.57,,,,
2026-02-22 00:00,144,52.82,94.29,259.94,0.31,140.38,3.25,,,,
2026-02-22 00:00,144,52.82,94.29,259.94,0.31,140.38,3.25,,,,
2026-02-23 01:00,116,41.58,68.48,213.62,0.1,120.1,1.08,,,,
2026-02-23 02:00,114,40.93,67.34,210.44,0.09,120.59,1.08,,,,
2026-02-23 03:00,114,40.72,67.01,208.99,0.11,120.75,1.07,,,,
2026-02-23 04:00,113,40.51,66.51,207.18,0.11,120.09,1.03,,,,
2026-02-23 05:00,113,40.55,66.37,206.37,0.09,119.29,0.99,,,,
2026-02-23 06:00,114,40.63,66.28,205.39,0.06,117.96,0.94,,,,
2026-02-23 07:00,114,40.59,65.85,203.59,0.06,116.0,0.9,,,,
2026-02-23 08:00,113,40.3,64.89,201.31,0.05,113.96,0.87,,,,
2026-02-23 09:00,112,39.81,63.6,198.45,0.05,112.04,0.84,,,,
2026-02-23 10:00,110,39.32,62.48,195.97,0.05,111.09,0.81,,,,
2026-02-23 11:00,109,38.86,61.57,193.58,0.06,110.02,0.8,,,,
2026-02-23 12:00,108,38.47,61.01,191.72,0.08,109.53,0.79,,,,
2026-02-23 13:00,108,38.33,61.24,190.95,0.1,109.88,0.79,,,,
2026-02-23 14:00,108,38.21,61.54,190.21,0.12,110.07,0.79,,,,
2026-02-23 15:00,107,38.12,61.75,190.0,0.11,110.23,0.79,,,,
2026-02-23 16:00,107,37.82,61.73,188.66,0.11,110.23,0.79,,,,
2026-02-23 17:00,106,37.53,61.87,187.55,0.1,110.52,0.79,,,,
2026-02-23 18:00,106,37.43,62.33,186.98,0.1,110.62,0.79,,,,
2026-02-23 19:00,105,37.26,62.81,186.0,0.09,110.37,0.78,,,,
2026-02-23 20:00,105,37.21,63.59,185.44,0.09,110.13,0.76,,,,
2026-02-23 21:00,105,37.22,64.68,185.05,0.08,109.67,0.74,,,,
2026-02-23 22:00,105,37.25,66.4,184.43,0.08,108.92,0.72,,,,
2026-02-23 23:00,105,37.18,68.82,183.5,0.08,108.2,0.7,,,,
2026-02-24 00:00,105,37.04,71.58,182.21,0.07,107.11,0.68,,,,
2026-02-24 00:00,105,37.04,71.58,182.21,0.07,107.11,0.68,,,,
2026-02-24 01:00,104,36.83,74.71,180.49,0.07,105.9,0.65,,,,
2026-02-24 02:00,104,36.55,77.94,178.7,0.07,104.95,0.62,,,,
2026-02-24 03:00,103,36.16,81.03,176.9,0.08,104.12,0.59,,,,
2026-02-24 04:00,101,35.64,83.93,174.47,0.08,103.09,0.55,,,,
2026-02-24 05:00,100,35.22,86.29,172.56,0.07,101.89,0.51,,,,
2026-02-24 06:00,99,34.85,87.84,170.58,0.05,100.14,0.47,,,,
2026-02-24 07:00,98,34.41,88.49,168.57,0.05,97.76,0.42,,,,
2026-02-24 08:00,97,34.07,89.01,166.46,0.05,95.28,0.38,,,,
2026-02-24 09:00,97,33.8,89.63,165.13,0.05,93.34,0.34,,,,
2026-02-24 10:00,96,33.62,90.43,163.59,0.06,92.11,0.31,,,,
2026-02-24 11:00,96,33.35,90.97,161.71,0.06,90.75,0.29,,,,
2026-02-24 12:00,95,33.1,91.54,159.72,0.07,90.24,0.3,,,,
2026-02-24 13:00,95,32.94,92.04,157.98,0.09,90.74,0.37,,,,
2026-02-24 14:00,94,32.74,91.7,156.67,0.1,90.31,0.36,,,,
2026-02-24 15:00,94,32.53,91.39,155.77,0.09,89.76,0.33,,,,
2026-02-24 16:00,93,32.3,90.89,154.63,0.08,89.25,0.3,,,,
2026-02-24 17:00,93,32.12,90.44,153.95,0.08,88.99,0.28,,,,
2026-02-24 18:00,93,31.97,90.01,153.16,0.08,89.04,0.27,,,,
2026-02-24 19:00,92,31.83,89.7,152.35,0.08,89.12,0.27,,,,
2026-02-24 20:00,92,31.71,89.5,151.76,0.07,89.58,0.28,,,,
2026-02-24 21:00,92,31.67,89.4,150.87,0.07,90.22,0.29,,,,
2026-02-24 22:00,92,31.63,89.39,150.1,0.07,91.16,0.3,,,,
2026-02-24 23:00,92,31.68,89.41,149.56,0.07,91.95,0.31,,,,
2026-02-25 00:00,92,31.77,89.36,149.2,0.07,92.69,0.31,,,,
2026-02-25 00:00,92,31.77,89.36,149.2,0.07,92.69,0.31,,,,
2026-02-25 01:00,93,31.89,88.98,149.62,0.07,93.15,0.31,,,,
2026-02-25 02:00,93,32.07,88.55,149.98,0.07,93.43,0.31,,,,
2026-02-25 03:00,93,32.23,88.03,150.22,0.08,93.66,0.31,,,,
2026-02-25 04:00,93,32.25,86.97,149.8,0.08,93.83,0.31,,,,
2026-02-25 05:00,93,32.29,85.91,149.81,0.06,94.06,0.3,,,,
2026-02-25 06:00,94,32.33,84.99,149.22,0.04,93.84,0.3,,,,
2026-02-25 07:00,94,32.4,84.19,148.54,0.04,93.12,0.29,,,,
2026-02-25 08:00,94,32.41,83.38,147.31,0.04,91.95,0.29,,,,
2026-02-25 09:00,94,32.33,82.2,146.19,0.03,90.62,0.28,,,,
2026-02-25 10:00,93,32.14,80.21,145.29,0.04,90.11,0.27,,,,
2026-02-25 11:00,93,31.88,77.92,144.24,0.04,89.69,0.27,,,,
2026-02-25 12:00,92,31.59,75.9,143.07,0.05,89.76,0.28,,,,
2026-02-25 13:00,92,31.44,74.67,142.77,0.06,90.46,0.28,,,,
2026-02-25 14:00,91,31.34,74.1,142.56,0.08,91.23,0.3,,,,
2026-02-25 15:00,91,31.31,74.37,142.23,0.08,92.17,0.31,,,,
2026-02-25 16:00,91,31.01,73.91,141.66,0.08,93.06,0.33,,,,
2026-02-25 17:00,91,31.04,74.67,141.54,0.08,93.96,0.35,,,,
2026-02-25 18:00,92,31.39,76.45,141.84,0.07,94.69,0.36,,,,
2026-02-25 19:00,92,31.65,77.2,142.04,0.07,95.22,0.39,,,,
2026-02-25 20:00,92,31.73,76.93,142.28,0.07,95.93,0.4,,,,
2026-02-25 21:00,92,31.57,75.8,142.57,0.07,96.84,0.42,,,,
2026-02-25 22:00,91,31.29,74.67,142.37,0.07,97.74,0.44,,,,
2026-02-25 23:00,91,31.06,74.43,141.8,0.07,98.76,0.46,,,,
2026-02-26 00:00,91,30.97,75.09,141.05,0.06,99.67,0.5,,,,
2026-02-26 00:00,91,30.97,75.09,141.05,0.06,99.67,0.5,,,,
2026-02-26 01:00,91,30.95,76.38,140.54,0.06,100.89,0.53,,,,
2026-02-26 02:00,91,30.92,77.55,140.09,0.06,101.94,0.56,,,,
2026-02-26 03:00,90,30.82,77.98,139.51,0.08,102.61,0.57,,,,
2026-02-26 04:00,90,30.48,76.84,138.66,0.08,102.78,0.56,,,,
2026-02-26 05:00,89,30.07,75.2,137.51,0.06,102.39,0.55,,,,
2026-02-26 06:00,88,29.78,74.09,136.78,0.05,101.41,0.53,,,,
2026-02-26 07:00,88,29.53,73.17,135.69,0.04,99.8,0.51,,,,
2026-02-26 08:00,87,29.27,72.33,134.53,0.04,97.68,0.48,,,,
2026-02-26 09:00,87,29.02,71.62,133.29,0.04,95.67,0.46,,,,
2026-02-26 10:00,86,28.88,71.3,132.65,0.04,94.3,0.45,,,,
2026-02-26 11:00,86,28.78,71.22,131.94,0.04,92.7,0.43,,,,
2026-02-26 12:00,86,28.73,71.42,131.35,0.05,91.6,0.42,,,,
2026-02-26 13:00,86,28.73,71.75,131.25,0.07,91.57,0.41,,,,
2026-02-26 14:00,86,28.74,72.03,130.83,0.09,91.21,0.4,,,,
2026-02-26 15:00,86,28.76,72.36,130.45,0.09,91.13,0.39,,,,
2026-02-26 16:00,86,28.79,72.84,129.77,0.09,91.1,0.39,,,,
2026-02-26 17:00,86,28.97,74.05,129.4,0.09,91.09,0.4,,,,
2026-02-26 18:00,86,28.94,75.1,128.83,0.08,92.06,0.41,,,,
2026-02-26 19:00,86,28.72,76.14,127.99,0.08,93.52,0.43,,,,
2026-02-26 20:00,86,28.52,77.63,127.43,0.08,94.06,0.45,,,,
2026-02-26 21:00,85,28.26,79.26,127.02,0.08,93.96,0.46,,,,
2026-02-26 22:00,84,27.95,81.06,126.67,0.08,93.31,0.48,,,,
2026-02-26 23:00,83,27.48,82.43,126.06,0.08,92.23,0.49,,,,
2026-02-27 00:00,82,27.0,83.57,125.18,0.09,91.32,0.5,,,,
2026-02-27 00:00,82,27.0,83.57,125.18,0.09,91.32,0.5,,,,
2026-02-27 01:00,82,26.63,85.21,124.37,0.08,91.29,0.51,,,,
2026-02-27 02:00,81,26.48,87.7,123.94,0.08,91.72,0.53,,,,
2026-02-27 03:00,81,26.44,90.68,123.77,0.1,91.87,0.53,,,,
2026-02-27 04:00,81,26.52,93.92,123.53,0.1,92.3,0.54,,,,
2026-02-27 05:00,82,27.06,98.59,124.02,0.08,93.88,0.57,,,,
2026-02-27 06:00,84,27.96,104.71,124.5,0.06,95.82,0.6,,,,
2026-02-27 07:00,87,29.26,112.31,125.09,0.05,98.23,0.64,,,,
2026-02-27 08:00,90,30.55,119.25,125.22,0.05,99.31,0.66,,,,
2026-02-27 09:00,92,31.55,124.56,125.22,0.05,98.93,0.67,,,,
2026-02-27 10:00,95,32.85,130.53,125.99,0.05,99.59,0.7,,,,
2026-02-27 11:00,98,34.46,137.27,126.81,0.06,101.31,0.76,,,,
2026-02-27 12:00,103,36.47,144.77,128.11,0.08,104.45,0.87,,,,
2026-02-27 13:00,109,38.91,153.04,130.16,0.12,108.64,1.0,,,,
2026-02-27 14:00,115,41.11,159.9,132.02,0.15,112.1,1.11,,,,
2026-02-27 15:00,119,42.91,164.88,133.88,0.16,115.26,1.19,,,,
2026-02-27 16:00,122,44.15,167.92,135.61,0.16,117.76,1.25,,,,
2026-02-27 17:00,124,44.91,170.63,136.82,0.16,119.35,1.28,,,,
2026-02-27 18:00,125,45.31,174.07,137.73,0.15,120.13,1.29,,,,
2026-02-27 19:00,124,45.03,177.75,137.74,0.14,118.92,1.26,,,,
2026-02-27 20:00,122,43.86,180.35,136.44,0.13,115.36,1.16,,,,
2026-02-27 21:00,117,41.9,179.76,134.47,0.12,110.07,1.02,,,,
2026-02-27 22:00,111,39.38,174.86,131.92,0.11,104.04,0.87,,,,
2026-02-27 23:00,104,36.76,166.64,129.66,0.1,98.41,0.73,,,,
2026-02-28 00:00,98,34.31,156.57,127.66,0.1,93.6,0.61,,,,
2026-02-28 00:00,98,34.31,156.57,127.66,0.1,93.6,0.61,,,,
2026-02-28 01:00,93,32.3,146.62,125.95,0.09,89.72,0.53,,,,
2026-02-28 02:00,90,30.77,137.38,125.01,0.09,87.05,0.47,,,,
2026-02-28 03:00,88,29.83,130.64,124.58,0.1,85.64,0.44,,,,
2026-02-28 04:00,88,29.79,129.56,124.06,0.1,85.92,0.44,,,,
2026-02-28 05:00,90,30.47,132.62,124.51,0.07,87.45,0.45,,,,
2026-02-28 06:00,91,31.16,134.75,124.85,0.06,88.16,0.45,,,,
2026-02-28 07:00,93,31.85,136.37,125.12,0.05,88.21,0.45,,,,
2026-02-28 08:00,94,32.56,137.53,125.22,0.04,87.88,0.45,,,,
2026-02-28 09:00,95,33.25,138.2,125.12,0.04,87.47,0.45,,,,
2026-02-28 10:00,97,34.04,138.99,125.43,0.04,87.37,0.45,,,,
2026-02-28 11:00,99,34.87,139.59,125.65,0.05,87.44,0.46,,,,
2026-02-28 12:00,102,35.8,140.64,126.09,0.06,87.69,0.46,,,,
2026-02-28 13:00,105,36.97,143.4,127.01,0.08,88.54,0.47,,,,
2026-02-28 14:00,108,38.31,147.32,128.15,0.1,89.3,0.48,,,,
2026-02-28 15:00,112,39.83,152.08,129.55,0.1,90.08,0.49,,,,
2026-02-28 16:00,115,41.25,156.81,130.75,0.1,90.77,0.52,,,,
2026-02-28 17:00,118,42.59,161.15,132.12,0.1,91.48,0.54,,,,
2026-02-28 18:00,121,43.69,164.5,133.45,0.1,92.24,0.57,,,,
2026-02-28 19:00,123,44.5,166.97,134.38,0.1,92.45,0.58,,,,
2026-02-28 20:00,124,45.02,168.23,135.19,0.1,92.77,0.59,,,,
2026-02-28 21:00,125,45.23,168.06,135.77,0.1,93.17,0.6,,,,
2026-02-28 22:00,125,45.28,166.64,136.43,0.1,94.11,0.6,,,,
2026-02-28 23:00,124,45.03,163.6,137.27,0.1,95.59,0.6,,,,
2026-03-01 00:00,124,44.69,160.3,138.01,0.09,97.2,0.6,,,,
2026-03-01 00:00,124,44.69,160.3,138.01,0.09,97.2,0.6,,,,
2026-03-02 01:00,82,26.76,63.81,157.44,0.08,130.05,0.36,,,,
2026-03-02 02:00,79,25.49,60.02,157.6,0.08,132.13,0.35,,,,
2026-03-02 03:00,77,24.43,57.32,157.41,0.09,133.85,0.35,,,,
2026-03-02 04:00,75,23.66,55.81,156.4,0.08,134.26,0.34,,,,
2026-03-02 05:00,74,23.26,55.21,156.0,0.06,133.76,0.33,,,,
2026-03-02 06:00,74,22.99,55.04,155.36,0.05,132.2,0.32,,,,
2026-03-02 07:00,73,22.77,54.96,153.74,0.04,129.53,0.31,,,,
2026-03-02 08:00,73,22.6,54.96,152.39,0.04,126.08,0.3,,,,
2026-03-02 09:00,73,22.48,55.0,150.87,0.04,122.85,0.28,,,,
2026-03-02 10:00,73,22.37,54.98,149.97,0.04,120.55,0.27,,,,
2026-03-02 11:00,72,22.14,54.52,148.6,0.05,118.52,0.26,,,,
2026-03-02 12:00,72,21.94,54.08,147.6,0.06,117.24,0.26,,,,
2026-03-02 13:00,72,21.9,54.0,147.1,0.08,116.83,0.25,,,,
2026-03-02 14:00,72,21.87,53.96,146.5,0.11,116.21,0.25,,,,
2026-03-02 15:00,72,21.95,54.21,145.9,0.11,115.74,0.25,,,,
2026-03-02 16:00,72,22.17,54.88,145.14,0.11,114.71,0.25,,,,
2026-03-02 17:00,73,22.5,55.63,144.83,0.1,113.69,0.24,,,,
2026-03-02 18:00,74,22.85,56.27,144.27,0.1,112.7,0.24,,,,
2026-03-02 19:00,74,23.16,56.77,143.79,0.09,111.34,0.23,,,,
2026-03-02 20:00,75,23.46,57.28,143.15,0.09,110.28,0.23,,,,
2026-03-02 21:00,75,23.64,57.6,142.62,0.08,109.58,0.22,,,,
2026-03-02 22:00,75,23.69,57.87,141.8,0.08,109.38,0.23,,,,
2026-03-02 23:00,75,23.56,57.89,140.92,0.07,109.67,0.23,,,,
2026-03-03 00:00,74,23.25,57.58,140.09,0.07,110.11,0.24,,,,
2026-03-03 00:00,74,23.25,57.58,140.09,0.07,110.11,0.24,,,,
2026-03-03 01:00,73,22.78,57.02,139.67,0.07,110.71,0.24,,,,
2026-03-03 02:00,72,22.3,56.16,139.53,0.06,111.22,0.24,,,,
2026-03-03 03:00,72,21.87,55.36,139.57,0.08,111.73,0.24,,,,
2026-03-03 04:00,71,21.51,54.74,139.44,0.07,111.62,0.23,,,,
2026-03-03 05:00,70,21.35,54.63,139.69,0.05,111.12,0.23,,,,
2026-03-03 06:00,70,21.31,54.84,140.24,0.04,109.96,0.23,,,,
2026-03-03 07:00,70,21.33,55.06,139.87,0.04,108.09,0.23,,,,
2026-03-03 08:00,70,21.37,55.12,139.48,0.04,105.74,0.22,,,,
2026-03-03 09:00,71,21.42,55.06,138.96,0.04,103.36,0.22,,,,
2026-03-03 10:00,71,21.51,55.08,138.71,0.04,101.68,0.21,,,,
2026-03-03 11:00,71,21.46,54.88,137.77,0.05,99.79,0.2,,,,
2026-03-03 12:00,71,21.39,54.85,136.77,0.05,98.69,0.19,,,,
2026-03-03 13:00,71,21.38,55.04,135.57,0.07,99.14,0.19,,,,
2026-03-03 14:00,71,21.42,55.1,134.71,0.08,99.34,0.19,,,,
2026-03-03 15:00,71,21.53,55.18,134.13,0.08,99.19,0.19,,,,
2026-03-03 16:00,71,21.71,55.26,133.46,0.08,98.89,0.18,,,,
2026-03-03 17:00,72,21.97,55.42,133.17,0.08,98.65,0.18,,,,
2026-03-03 18:00,72,22.31,55.51,132.84,0.07,98.46,0.18,,,,
2026-03-03 19:00,73,22.7,55.45,132.19,0.07,98.02,0.19,,,,
2026-03-03 20:00,74,23.17,55.5,131.74,0.07,97.94,0.19,,,,
2026-03-03 21:00,75,23.6,55.54,131.3,0.07,98.07,0.2,,,,
2026-03-03 22:00,76,23.99,55.26,130.56,0.07,98.25,0.21,,,,
2026-03-03 23:00,77,24.29,54.75,130.01,0.06,98.59,0.21,,,,
2026-03-04 00:00,77,24.45,54.16,129.55,0.06,98.42,0.21,,,,
2026-03-04 00:00,77,24.45,54.16,129.55,0.06,98.42,0.21,,,,
2026-03-05 01:00,68,20.32,41.8,117.79,0.05,93.0,0.21,,,,
2026-03-05 02:00,70,20.92,43.61,117.58,0.05,91.95,0.21,,,,
2026-03-05 03:00,71,21.45,45.14,117.43,0.07,91.16,0.21,,,,
2026-03-05 04:00,72,21.87,46.32,117.5,0.06,90.45,0.21,,,,
2026-03-05 05:00,72,22.29,47.5,117.68,0.05,89.53,0.21,,,,
2026-03-05 06:00,74,22.88,49.12,117.46,0.04,87.97,0.21,,,,
2026-03-05 07:00,75,23.66,51.21,117.01,0.03,85.44,0.21,,,,
2026-03-05 08:00,77,24.46,53.39,116.24,0.03,82.4,0.21,,,,
2026-03-05 09:00,78,25.07,54.97,115.41,0.03,79.57,0.21,,,,
2026-03-05 10:00,79,25.58,56.07,115.17,0.03,77.65,0.21,,,,
2026-03-05 11:00,80,25.91,56.63,114.66,0.04,76.22,0.21,,,,
2026-03-05 12:00,81,26.13,56.79,114.47,0.05,75.34,0.21,,,,
2026-03-05 13:00,81,26.32,56.78,114.54,0.06,75.25,0.21,,,,
2026-03-05 14:00,81,26.51,56.71,114.6,0.08,75.14,0.22,,,,
2026-03-05 15:00,81,26.59,56.36,114.75,0.08,74.88,0.23,,,,
2026-03-05 16:00,81,26.47,55.42,114.75,0.08,74.88,0.23,,,,
2026-03-05 17:00,81,26.2,54.32,114.89,0.08,74.97,0.24,,,,
2026-03-05 18:00,80,25.85,53.12,114.76,0.08,75.26,0.25,,,,
2026-03-05 19:00,79,25.45,52.08,114.6,0.08,75.49,0.26,,,,
2026-03-05 20:00,78,25.12,51.51,114.32,0.08,76.09,0.28,,,,
2026-03-05 21:00,78,24.89,51.42,113.86,0.07,77.15,0.3,,,,
2026-03-05 22:00,78,24.72,51.96,113.34,0.07,78.88,0.31,,,,
2026-03-05 23:00,78,25.08,54.62,112.95,0.07,79.92,0.34,,,,
2026-03-06 00:00,81,26.16,60.3,112.97,0.07,80.47,0.39,,,,
2026-03-06 00:00,81,26.16,60.3,112.97,0.07,80.47,0.39,,,,
2026-03-06 01:00,84,27.85,68.65,113.57,0.08,81.17,0.47,,,,
2026-03-06 02:00,88,29.66,77.03,114.44,0.09,81.47,0.55,,,,
2026-03-06 03:00,91,31.3,84.98,115.25,0.12,81.75,0.62,,,,
2026-03-06 04:00,94,32.63,92.16,115.67,0.12,82.1,0.66,,,,
2026-03-06 05:00,97,33.94,98.98,116.13,0.09,82.3,0.69,,,,
2026-03-06 06:00,100,35.24,105.03,116.3,0.08,81.94,0.68,,,,
2026-03-06 07:00,104,36.56,110.09,116.03,0.07,81.0,0.65,,,,
2026-03-06 08:00,107,38.06,114.92,115.49,0.06,79.93,0.62,,,,
2026-03-06 09:00,111,39.67,119.36,114.81,0.06,78.85,0.58,,,,
2026-03-06 10:00,115,41.28,123.21,114.41,0.07,78.25,0.54,,,,
2026-03-06 11:00,117,42.19,124.82,113.53,0.07,77.34,0.5,,,,
2026-03-06 12:00,118,42.41,124.62,113.07,0.08,76.47,0.47,,,,
2026-03-06 13:00,118,42.22,123.49,113.47,0.11,76.31,0.45,,,,
2026-03-06 14:00,116,41.54,121.07,113.94,0.13,76.45,0.44,,,,
2026-03-06 15:00,114,40.58,117.78,114.74,0.14,76.57,0.44,,,,
2026-03-06 16:00,111,39.5,114.23,115.35,0.14,77.05,0.43,,,,
2026-03-06 17:00,108,38.43,110.69,116.18,0.13,77.66,0.43,,,,
2026-03-06 18:00,105,37.3,106.83,116.86,0.13,78.64,0.43,,,,
2026-03-06 19:00,102,36.08,102.74,117.36,0.13,79.63,0.44,,,,
2026-03-06 20:00,99,34.92,98.92,117.74,0.13,80.59,0.44,,,,
2026-03-06 21:00,97,33.81,95.41,118.03,0.13,81.64,0.44,,,,
2026-03-06 22:00,94,32.57,92.29,118.56,0.13,82.78,0.45,,,,
2026-03-06 23:00,91,31.2,89.17,119.43,0.13,84.47,0.47,,,,
2026-03-07 00:00,88,29.76,86.33,120.75,0.14,86.82,0.49,,,,
2026-03-07 00:00,88,29.76,86.33,120.75,0.14,86.82,0.49,,,,
2026-03-07 01:00,85,28.36,83.84,122.81,0.14,89.87,0.51,,,,
2026-03-07 02:00,83,27.16,81.8,125.13,0.15,93.12,0.52,,,,
2026-03-07 03:00,81,26.26,80.29,127.26,0.19,96.15,0.54,,,,
2026-03-07 04:00,79,25.56,79.02,128.65,0.18,98.49,0.54,,,,
2026-03-07 05:00,78,25.04,77.98,129.95,0.13,100.25,0.54,,,,
2026-03-07 06:00,77,24.54,76.77,130.92,0.1,101.26,0.53,,,,
2026-03-07 07:00,76,24.13,75.68,131.47,0.08,101.18,0.52,,,,
2026-03-07 08:00,76,23.81,74.58,131.5,0.08,100.05,0.51,,,,
2026-03-07 09:00,75,23.54,73.39,131.34,0.07,98.69,0.5,,,,
2026-03-07 10:00,74,23.25,72.06,131.7,0.07,98.02,0.49,,,,
2026-03-07 11:00,74,22.87,70.16,131.8,0.08,97.84,0.49,,,,
2026-03-07 12:00,73,22.47,67.96,132.2,0.1,98.46,0.48,,,,
2026-03-07 13:00,72,22.04,65.69,132.79,0.13,99.83,0.48,,,,
2026-03-07 14:00,71,21.59,63.28,133.2,0.16,101.68,0.49,,,,
2026-03-07 15:00,70,21.1,60.71,133.58,0.16,103.92,0.49,,,,
2026-03-07 16:00,69,20.59,58.11,133.43,0.15,105.68,0.49,,,,
2026-03-07 17:00,68,20.17,55.75,133.57,0.15,107.62,0.49,,,,
2026-03-07 18:00,67,19.81,53.51,133.88,0.14,109.53,0.5,,,,
2026-03-07 19:00,67,19.49,51.39,134.16,0.13,110.73,0.5,,,,
2026-03-07 20:00,66,19.32,49.75,134.91,0.13,111.88,0.5,,,,
2026-03-07 21:00,66,19.24,48.38,135.89,0.13,112.69,0.5,,,,
2026-03-07 22:00,66,19.22,47.2,137.1,0.12,113.3,0.49,,,,
2026-03-07 23:00,66,19.3,46.4,138.84,0.12,113.82,0.49,,,,
2026-03-08 00:00,67,19.48,45.98,140.75,0.12,114.26,0.48,,,,
2026-03-08 00:00,67,19.48,45.98,140.75,0.12,114.26,0.48,,,,
2026-03-08 01:00,67,19.73,45.82,142.56,0.12,114.77,0.48,,,,
2026-03-08 02:00,68,20.02,45.8,144.57,0.12,115.42,0.48,,,,
2026-03-08 03:00,68,20.25,45.75,146.65,0.14,116.01,0.47,,,,
2026-03-08 04:00,68,20.3,45.36,147.09,0.12,115.77,0.47,,,,
2026-03-08 05:00,68,20.32,44.99,147.74,0.08,115.21,0.45,,,,
2026-03-08 06:00,68,20.32,44.53,148.15,0.06,113.83,0.44,,,,
2026-03-08 07:00,68,20.25,43.98,147.87,0.05,111.13,0.42,,,,
2026-03-08 08:00,68,20.1,43.38,146.96,0.05,107.77,0.4,,,,
2026-03-08 09:00,67,19.93,42.86,146.05,0.05,104.83,0.37,,,,
2026-03-08 10:00,67,19.92,42.73,146.12,0.05,103.09,0.36,,,,
2026-03-08 11:00,67,19.89,42.61,145.76,0.06,101.76,0.36,,,,
2026-03-08 12:00,67,19.89,42.6,145.76,0.08,101.12,0.35,,,,
2026-03-08 13:00,68,20.03,42.9,146.63,0.1,101.64,0.36,,,,
2026-03-08 14:00,68,20.25,43.33,147.62,0.14,102.19,0.36,,,,
2026-03-08 15:00,69,20.49,43.81,148.66,0.14,102.99,0.37,,,,
2026-03-08 16:00,69,20.57,43.99,148.69,0.13,103.43,0.37,,,,
2026-03-08 17:00,69,20.58,44.0,149.0,0.13,103.94,0.37,,,,
2026-03-08 18:00,69,20.54,43.93,148.73,0.12,104.48,0.36,,,,
2026-03-08 19:00,68,20.42,43.69,147.94,0.11,104.66,0.36,,,,
2026-03-08 20:00,68,20.38,43.53,147.64,0.11,104.64,0.35,,,,
2026-03-08 21:00,68,20.36,43.48,147.11,0.1,104.51,0.34,,,,
2026-03-08 22:00,68,20.41,43.67,146.95,0.1,104.55,0.34,,,,
2026-03-08 23:00,69,20.59,44.19,146.91,0.1,104.84,0.33,,,,
2026-03-09 00:00,70,21.03,45.28,147.59,0.09,105.22,0.33,,,,
2026-03-09 00:00,70,21.03,45.28,147.59,0.09,105.22,0.33,,,,
2026-03-09 01:00,71,21.74,46.87,149.25,0.09,105.54,0.34,,,,
2026-03-09 02:00,73,22.37,48.2,150.95,0.09,105.76,0.34,,,,
2026-03-09 03:00,73,22.74,49.02,152.24,0.11,105.99,0.33,,,,
2026-03-09 04:00,73,22.69,49.08,152.55,0.09,105.47,0.32,,,,
2026-03-09 05:00,73,22.49,48.93,152.71,0.07,104.53,0.31,,,,
2026-03-09 06:00,73,22.37,48.99,152.99,0.05,103.05,0.3,,,,
2026-03-09 07:00,72,22.14,48.96,151.8,0.05,101.13,0.28,,,,
2026-03-09 08:00,72,21.85,48.73,150.06,0.04,98.64,0.26,,,,
2026-03-09 09:00,70,21.34,48.17,147.6,0.04,96.57,0.24,,,,
2026-03-09 10:00,69,20.57,47.06,144.32,0.04,95.62,0.22,,,,
2026-03-09 11:00,68,20.0,45.66,141.71,0.05,94.06,0.21,,,,
2026-03-09 12:00,66,19.44,44.16,139.45,0.06,93.11,0.19,,,,
2026-03-09 13:00,65,18.82,42.63,137.15,0.08,93.0,0.18,,,,
2026-03-09 14:00,64,18.07,40.85,134.14,0.1,93.06,0.17,,,,
2026-03-09 15:00,62,17.44,39.3,131.46,0.1,93.14,0.17,,,,
2026-03-09 16:00,61,17.02,38.24,129.26,0.1,93.26,0.17,,,,
2026-03-09 17:00,61,16.83,37.76,127.41,0.1,93.34,0.17,,,,
2026-03-09 18:00,61,16.87,37.92,126.12,0.09,93.4,0.17,,,,
2026-03-09 19:00,62,17.14,38.81,124.98,0.09,93.39,0.19,,,,
2026-03-09 20:00,63,17.59,40.54,124.43,0.09,93.61,0.2,,,,
2026-03-09 21:00,64,18.18,43.11,123.87,0.09,93.77,0.22,,,,
2026-03-09 22:00,65,18.86,46.56,123.05,0.09,94.2,0.25,,,,
2026-03-09 23:00,67,19.63,50.64,122.38,0.08,94.31,0.27,,,,
2026-03-10 00:00,68,20.37,54.48,121.77,0.08,94.31,0.29,,,,
2026-03-10 00:00,68,20.37,54.48,121.77,0.08,94.31,0.29,,,,
2026-03-10 01:00,70,21.0,57.46,121.17,0.08,94.05,0.31,,,,
2026-03-10 02:00,71,21.68,60.17,121.03,0.08,93.8,0.32,,,,
2026-03-10 03:00,73,22.33,62.42,120.95,0.09,93.52,0.32,,,,
2026-03-10 04:00,73,22.76,63.47,120.97,0.09,93.38,0.33,,,,
2026-03-10 05:00,74,23.11,64.05,121.12,0.07,92.87,0.33,,,,
2026-03-10 06:00,75,23.56,64.99,121.42,0.06,91.63,0.32,,,,
2026-03-10 07:00,76,24.1,66.47,121.28,0.05,89.29,0.32,,,,
2026-03-10 08:00,78,24.72,68.1,121.12,0.05,86.49,0.3,,,,
2026-03-10 09:00,79,25.28,69.52,121.25,0.05,83.77,0.29,,,,
2026-03-10 10:00,80,25.88,70.64,121.47,0.05,81.71,0.28,,,,
2026-03-10 11:00,81,26.31,71.18,121.32,0.06,79.62,0.27,,,,
2026-03-10 12:00,81,26.56,71.08,120.92,0.07,78.26,0.25,,,,
2026-03-10 13:00,82,26.78,70.75,120.81,0.09,77.5,0.24,,,,
2026-03-10 14:00,82,26.95,70.24,120.31,0.11,76.67,0.23,,,,
2026-03-10 15:00,83,27.11,69.71,119.5,0.11,75.57,0.22,,,,
2026-03-10 16:00,83,27.21,68.91,118.68,0.11,74.44,0.21,,,,
2026-03-10 17:00,83,27.33,67.97,117.91,0.1,73.5,0.2,,,,
2026-03-10 18:00,83,27.42,66.58,117.22,0.1,72.83,0.19,,,,
2026-03-10 19:00,83,27.36,64.5,116.32,0.09,72.27,0.19,,,,
2026-03-10 20:00,83,27.3,62.54,115.74,0.08,71.97,0.18,,,,
2026-03-10 21:00,83,27.14,60.32,115.37,0.08,71.79,0.18,,,,
2026-03-10 22:00,82,26.73,57.31,114.79,0.07,72.03,0.18,,,,
2026-03-10 23:00,80,26.12,53.94,114.33,0.07,72.78,0.18,,,,
2026-03-11 00:00,79,25.45,50.71,114.14,0.06,73.87,0.2,,,,
2026-03-11 00:00,79,25.45,50.71,114.14,0.06,73.87,0.2,,,,
2026-03-11 01:00,78,24.82,48.0,114.01,0.06,75.47,0.21,,,,
2026-03-11 02:00,77,24.33,46.24,114.19,0.06,77.26,0.23,,,,
2026-03-11 03:00,76,23.91,45.34,114.39,0.07,79.54,0.24,,,,
2026-03-11 04:00,75,23.63,45.78,114.42,0.05,81.63,0.26,,,,
2026-03-11 05:00,76,23.79,48.08,114.92,0.04,82.07,0.28,,,,
2026-03-11 06:00,77,24.24,51.75,115.75,0.03,81.36,0.3,,,,
2026-03-11 07:00,78,24.89,56.71,117.03,0.03,79.88,0.32,,,,
2026-03-11 08:00,79,25.65,63.12,118.3,0.03,78.0,0.33,,,,
2026-03-11 09:00,82,26.64,71.99,119.7,0.04,75.99,0.35,,,,
2026-03-11 10:00,85,28.25,85.18,122.4,0.04,74.01,0.36,,,,
2026-03-11 11:00,89,30.37,101.29,124.66,0.05,72.02,0.36,,,,
2026-03-11 12:00,95,33.17,120.75,126.89,0.07,70.76,0.36,,,,
2026-03-11 13:00,105,36.95,144.04,129.24,0.1,70.5,0.37,,,,
2026-03-11 14:00,116,41.63,168.04,131.25,0.14,70.61,0.37,,,,
2026-03-11 15:00,130,47.36,191.41,132.78,0.16,71.45,0.37,,,,
2026-03-11 16:00,145,53.39,209.52,133.68,0.18,72.8,0.37,,,,
2026-03-11 17:00,153,59.63,222.13,134.5,0.19,74.79,0.36,,,,
2026-03-11 18:00,157,66.94,235.03,135.25,0.2,77.37,0.35,,,,
2026-03-11 19:00,161,75.24,252.86,136.12,0.2,80.47,0.34,,,,
2026-03-11 20:00,166,83.82,273.82,136.76,0.21,83.17,0.32,,,,
2026-03-11 21:00,169,90.55,288.85,137.57,0.22,84.97,0.31,,,,
2026-03-11 22:00,170,92.39,288.44,138.82,0.24,86.14,0.3,,,,
2026-03-11 23:00,167,86.93,263.05,139.85,0.28,85.83,0.3,,,,
2026-03-12 00:00,162,77.05,221.84,140.53,0.33,84.54,0.3,,,,
2026-03-12 00:00,162,77.05,221.84,140.53,0.33,84.54,0.3,,,,
2026-03-12 01:00,157,67.27,183.38,140.21,0.38,83.38,0.3,,,,
2026-03-12 02:00,154,60.77,159.95,138.82,0.39,82.49,0.3,,,,
2026-03-12 03:00,152,57.3,148.65,137.06,0.49,81.82,0.29,,,,
2026-03-12 04:00,151,55.83,144.42,136.29,0.48,81.02,0.29,,,,
2026-03-12 05:00,150,55.34,143.39,136.51,0.41,80.97,0.31,,,,
2026-03-12 06:00,148,54.78,143.81,137.61,0.32,81.58,0.36,,,,
2026-03-12 07:00,145,53.42,142.58,137.97,0.26,82.32,0.44,,,,
2026-03-12 08:00,142,52.07,139.24,137.44,0.22,82.53,0.48,,,,
2026-03-12 09:00,138,50.71,136.09,136.4,0.2,82.89,0.5,,,,
2026-03-12 10:00,135,49.3,132.79,134.55,0.19,83.25,0.46,,,,
2026-03-12 11:00,131,47.52,128.25,131.57,0.17,82.68,0.38,,,,
2026-03-12 12:00,126,45.6,122.76,128.16,0.17,82.06,0.3,,,,
2026-03-12 13:00,122,44.05,117.65,125.32,0.19,81.58,0.23,,,,
2026-03-12 14:00,120,43.41,114.64,123.48,0.21,81.2,0.19,,,,
2026-03-12 15:00,121,43.59,113.52,122.56,0.21,81.7,0.19,,,,
2026-03-12 16:00,123,44.44,113.32,122.16,0.2,82.81,0.21,,,,
2026-03-12 17:00,126,45.45,112.97,122.43,0.19,84.27,0.23,,,,
2026-03-12 18:00,128,46.44,112.73,123.03,0.19,85.7,0.25,,,,
2026-03-12 19:00,130,47.19,111.8,123.45,0.18,86.99,0.26,,,,
2026-03-12 20:00,132,48.16,113.18,124.09,0.18,87.69,0.28,,,,
2026-03-12 21:00,136,49.63,118.86,124.97,0.18,88.24,0.29,,,,
2026-03-12 22:00,143,52.55,139.19,126.09,0.19,89.3,0.29,,,,
2026-03-12 23:00,152,58.27,175.48,127.85,0.2,90.57,0.29,,,,
2026-03-13 00:00,156,65.28,211.23,130.03,0.23,91.16,0.3,,,,
2026-03-13 00:00,156,65.28,211.23,130.03,0.23,91.16,0.3,,,,
2026-03-13 01:00,159,70.35,232.43,131.75,0.26,91.05,0.31,,,,
2026-03-13 02:00,159,71.95,233.81,133.08,0.28,89.83,0.31,,,,
2026-03-13 03:00,159,70.93,224.5,134.05,0.38,88.3,0.31,,,,
2026-03-13 04:00,158,68.44,211.14,134.26,0.38,86.87,0.3,,,,
2026-03-13 05:00,156,65.57,197.68,134.34,0.31,86.2,0.3,,,,
2026-03-13 06:00,154,62.2,184.28,133.26,0.23,86.04,0.3,,,,
2026-03-13 07:00,153,58.52,171.9,131.07,0.17,85.48,0.29,,,,
2026-03-13 08:00,149,54.91,161.33,128.34,0.14,84.72,0.29,,,,
2026-03-13 09:00,141,51.77,154.31,125.58,0.13,84.32,0.29,,,,
2026-03-13 10:00,135,49.43,152.78,123.74,0.12,85.86,0.29,,,,
2026-03-13 11:00,132,48.29,152.19,122.44,0.12,86.94,0.28,,,,
2026-03-13 12:00,132,48.28,152.64,121.69,0.13,87.89,0.28,,,,
2026-03-13 13:00,134,49.0,153.46,121.8,0.16,89.06,0.28,,,,
2026-03-13 14:00,138,50.36,155.5,122.01,0.19,89.69,0.28,,,,
2026-03-13 15:00,142,52.04,158.3,122.32,0.18,89.79,0.3,,,,
2026-03-13 16:00,145,53.49,159.75,122.06,0.18,89.67,0.31,,,,
2026-03-13 17:00,148,54.4,159.94,121.95,0.17,89.85,0.33,,,,
2026-03-13 18:00,149,54.95,159.66,122.07,0.18,90.82,0.34,,,,
2026-03-13 19:00,150,55.2,159.86,122.62,0.18,92.88,0.35,,,,
2026-03-13 20:00,500,55.41,160.5,123.6,0.19,95.34,0.36,,,,
2026-03-13 21:00,150,55.33,159.88,124.75,0.18,97.66,0.36,,,,
2026-03-13 22:00,147,54.34,157.37,125.68,0.17,99.47,0.35,,,,
2026-03-13 23:00,144,53.09,152.86,126.03,0.15,98.87,0.35,,,,
2026-03-14 00:00,141,51.71,146.98,125.63,0.14,97.06,0.35,,,,
2026-03-14 00:00,141,51.71,146.98,125.63,0.14,97.06,0.35,,,,
2026-03-14 01:00,137,50.29,140.2,124.92,0.12,94.91,0.34,,,,
2026-03-14 02:00,136,49.61,135.59,124.45,0.11,92.76,0.34,,,,
2026-03-14 03:00,135,49.19,132.62,124.09,0.14,90.92,0.34,,,,
2026-03-14 04:00,133,48.57,129.81,123.37,0.12,89.03,0.33,,,,
2026-03-14 05:00,133,48.4,128.22,123.08,0.09,87.31,0.33,,,,
2026-03-14 06:00,133,48.33,126.93,122.46,0.07,85.12,0.33,,,,
2026-03-14 07:00,132,48.08,125.11,121.55,0.06,82.52,0.33,,,,
2026-03-14 08:00,130,47.33,122.09,120.6,0.05,79.96,0.33,,,,
2026-03-14 09:00,127,45.94,117.03,119.89,0.05,77.45,0.32,,,,
2026-03-14 10:00,121,43.55,109.63,119.52,0.05,75.71,0.31,,,,
2026-03-14 11:00,114,40.97,102.14,118.92,0.05,74.44,0.32,,,,
2026-03-14 12:00,108,38.26,95.53,118.68,0.06,73.99,0.32,,,,
2026-03-14 13:00,500,35.44,90.0,118.96,0.09,74.79,0.34,,,,
2026-03-14 14:00,94,32.5,84.96,119.63,0.12,76.0,0.35,,,,
2026-03-14 15:00,88,29.75,79.89,120.35,0.13,77.9,0.37,,,,
2026-03-14 16:00,83,27.39,74.45,120.83,0.13,79.61,0.39,,,,
2026-03-14 17:00,79,25.34,68.75,121.51,0.13,81.82,0.4,,,,
2026-03-14 18:00,76,23.79,63.91,121.92,0.12,83.86,0.42,,,,
2026-03-14 19:00,74,22.85,60.73,121.96,0.11,85.33,0.43,,,,
2026-03-14 20:00,73,22.61,59.12,122.43,0.11,86.65,0.46,,,,
2026-03-14 21:00,75,23.36,61.03,124.18,0.11,88.69,0.48,,,,
2026-03-14 22:00,80,25.76,69.04,127.61,0.1,92.24,0.51,,,,
2026-03-14 23:00,87,29.26,80.72,131.43,0.11,95.58,0.55,,,,
2026-03-15 00:00,94,32.64,92.08,134.28,0.11,97.91,0.59,,,,
2026-03-15 00:00,94,32.64,92.08,134.28,0.11,97.91,0.59,,,,
2026-03-15 01:00,102,35.92,102.64,136.72,0.13,99.39,0.62,,,,
2026-03-15 02:00,109,38.73,109.88,138.27,0.15,99.37,0.64,,,,
2026-03-15 03:00,114,40.79,114.44,138.64,0.23,98.16,0.63,,,,
2026-03-15 04:00,116,41.4,113.9,137.48,0.26,95.99,0.6,,,,
2026-03-15 05:00,113,40.41,107.97,135.44,0.25,93.79,0.54,,,,
2026-03-15 06:00,105,37.3,97.72,132.65,0.23,92.13,0.47,,,,
2026-03-15 07:00,95,32.8,85.85,129.39,0.2,90.81,0.41,,,,
2026-03-15 08:00,86,28.61,76.27,127.06,0.17,90.17,0.35,,,,
2026-03-15 09:00,78,25.02,69.08,125.38,0.16,90.69,0.3,,,,
2026-03-15 10:00,73,22.54,63.41,125.11,0.16,91.85,0.25,,,,
2026-03-15 11:00,70,21.05,58.74,124.39,0.16,91.76,0.21,,,,
2026-03-15 12:00,68,19.96,55.32,123.61,0.18,91.43,0.18,,,,
2026-03-15 13:00,66,19.25,52.94,123.25,0.21,91.16,0.17,,,,
2026-03-15 14:00,66,19.04,51.67,123.34,0.25,90.62,0.19,,,,
2026-03-15 15:00,66,19.25,51.54,123.63,0.24,90.17,0.22,,,,
2026-03-15 16:00,67,19.55,51.57,123.72,0.22,89.71,0.27,,,,
2026-03-15 17:00,67,19.76,51.04,124.07,0.21,89.47,0.31,,,,
2026-03-15 18:00,67,19.62,49.82,124.24,0.2,89.89,0.33,,,,
2026-03-15 19:00,63,17.97,46.58,123.07,0.18,94.5,0.32,,,,
2026-03-15 20:00,62,17.3,44.97,122.26,0.17,96.11,0.34,,,,
2026-03-15 21:00,61,16.77,43.99,121.58,0.16,97.24,0.36,,,,
2026-03-15 22:00,60,16.18,43.43,121.67,0.15,99.08,0.36,,,,
2026-03-15 23:00,59,15.95,43.89,122.21,0.15,100.17,0.37,,,,
2026-03-16 00:00,59,15.94,45.14,122.84,0.14,100.82,0.38,,,,
2026-03-16 00:00,59,15.94,45.14,122.84,0.14,100.82,0.38,,,,
2026-03-16 01:00,59,16.02,47.68,123.65,0.14,102.09,0.37,,,,
2026-03-16 02:00,60,16.47,50.85,124.73,0.13,102.28,0.37,,,,
2026-03-16 03:00,62,17.15,54.14,125.87,0.18,101.46,0.36,,,,
2026-03-16 04:00,63,17.84,57.02,126.76,0.17,99.92,0.35,,,,
2026-03-16 05:00,65,18.65,59.96,127.73,0.14,98.13,0.35,,,,
2026-03-16 06:00,67,19.58,63.17,128.32,0.11,95.73,0.34,,,,
2026-03-16 07:00,69,20.63,66.57,128.16,0.09,92.44,0.34,,,,
2026-03-16 08:00,71,21.7,69.96,127.35,0.07,88.79,0.33,,,,
2026-03-16 09:00,73,22.68,73.2,126.64,0.07,85.4,0.33,,,,
2026-03-16 10:00,76,23.75,76.97,126.16,0.06,82.77,0.33,,,,
2026-03-16 11:00,77,24.69,80.48,125.18,0.06,80.53,0.34,,,,
2026-03-16 12:00,79,25.49,83.47,124.08,0.07,79.16,0.35,,,,
2026-03-16 13:00,81,26.18,85.91,123.14,0.09,78.4,0.35,,,,
2026-03-16 14:00,82,26.77,87.76,122.26,0.11,77.86,0.36,,,,
2026-03-16 15:00,83,27.33,89.48,121.35,0.11,77.67,0.37,,,,
2026-03-16 16:00,84,27.86,91.04,120.79,0.11,77.68,0.37,,,,
2026-03-16 17:00,86,28.8,93.57,120.81,0.1,77.31,0.38,,,,
2026-03-16 18:00,89,30.32,97.95,121.27,0.1,76.86,0.39,,,,
2026-03-16 19:00,93,31.9,102.28,121.69,0.1,76.28,0.4,,,,
2026-03-16 20:00,95,32.96,104.61,121.53,0.1,75.66,0.41,,,,
2026-03-16 21:00,95,33.22,103.77,120.99,0.1,75.12,0.41,,,,
2026-03-16 22:00,94,32.66,100.95,119.83,0.1,75.63,0.41,,,,
2026-03-16 23:00,92,31.62,96.95,118.7,0.1,76.3,0.41,,,,
2026-03-17 00:00,90,30.46,92.73,117.81,0.1,76.59,0.41,,,,
2026-03-17 00:00,90,30.46,92.73,117.81,0.1,76.59,0.41,,,,
2026-03-17 01:00,88,29.5,89.36,116.95,0.1,76.36,0.4,,,,
2026-03-17 02:00,86,28.84,86.41,116.6,0.1,75.87,0.39,,,,
2026-03-17 03:00,85,28.4,84.36,116.25,0.12,75.26,0.37,,,,
2026-03-17 04:00,85,28.13,83.05,116.06,0.11,74.62,0.35,,,,
2026-03-17 05:00,84,27.94,82.3,115.95,0.08,73.81,0.34,,,,
2026-03-17 06:00,84,27.88,82.23,115.63,0.07,72.75,0.32,,,,
2026-03-17 07:00,84,27.97,83.2,115.33,0.06,71.15,0.31,,,,
2026-03-17 08:00,85,28.31,85.66,115.0,0.06,69.46,0.31,,,,
2026-03-17 09:00,86,28.91,89.42,114.9,0.05,68.13,0.32,,,,
2026-03-17 10:00,88,29.86,94.16,115.49,0.06,67.38,0.33,,,,
2026-03-17 11:00,90,30.58,96.22,115.62,0.06,66.31,0.34,,,,
2026-03-17 12:00,91,31.07,96.06,115.86,0.07,65.69,0.35,,,,
2026-03-17 13:00,92,31.51,94.98,116.82,0.09,65.6,0.37,,,,
2026-03-17 14:00,92,31.83,92.98,117.44,0.11,65.87,0.38,,,,
2026-03-17 15:00,93,32.08,89.97,118.38,0.11,66.44,0.4,,,,
2026-03-17 16:00,93,32.18,86.57,119.04,0.11,67.39,0.41,,,,
2026-03-17 17:00,93,32.25,83.61,119.76,0.11,68.3,0.42,,,,
2026-03-17 18:00,93,32.28,81.12,120.36,0.11,69.25,0.43,,,,
2026-03-17 19:00,93,32.3,79.27,120.65,0.1,70.05,0.44,,,,
2026-03-17 20:00,94,32.41,78.49,120.84,0.1,70.61,0.45,,,,
2026-03-17 21:00,94,32.62,78.66,121.17,0.1,71.17,0.45,,,,
2026-03-17 22:00,95,32.97,79.99,121.15,0.1,71.75,0.44,,,,
2026-03-17 23:00,96,33.4,82.18,121.44,0.1,72.25,0.43,,,,
2026-03-18 00:00,97,33.87,84.93,121.58,0.1,72.61,0.42,,,,
2026-03-18 00:00,97,33.87,84.93,121.58,0.1,72.61,0.42,,,,
2026-03-18 01:00,98,34.34,87.91,121.65,0.09,73.09,0.4,,,,
2026-03-18 02:00,99,34.76,90.11,122.07,0.09,73.53,0.39,,,,
2026-03-18 03:00,99,35.04,91.1,122.37,0.11,73.62,0.39,,,,
2026-03-18 04:00,99,35.13,91.26,122.3,0.11,73.55,0.39,,,,
2026-03-18 05:00,100,35.26,91.66,122.4,0.09,73.27,0.38,,,,
2026-03-18 06:00,101,35.61,93.6,122.69,0.07,73.06,0.37,,,,
2026-03-18 07:00,103,36.21,98.37,122.83,0.06,72.71,0.36,,,,
2026-03-18 08:00,104,36.79,102.78,122.65,0.06,72.16,0.34,,,,
2026-03-18 09:00,105,36.99,104.17,122.09,0.06,71.01,0.33,,,,
2026-03-18 10:00,105,37.08,103.86,122.04,0.06,69.9,0.31,,,,
2026-03-18 11:00,105,37.0,102.74,121.75,0.07,68.87,0.3,,,,
2026-03-18 12:00,105,36.93,101.69,121.58,0.08,68.03,0.29,,,,
2026-03-18 13:00,104,36.86,101.04,121.69,0.1,67.63,0.28,,,,
2026-03-18 14:00,104,36.67,100.07,121.71,0.11,67.15,0.27,,,,
2026-03-18 15:00,104,36.53,99.23,122.05,0.11,66.98,0.28,,,,
2026-03-18 16:00,103,36.45,99.21,122.37,0.11,67.18,0.28,,,,
2026-03-18 17:00,103,36.38,98.78,122.65,0.1,67.66,0.28,,,,
2026-03-18 18:00,103,36.27,97.33,122.73,0.1,68.02,0.28,,,,
2026-03-18 19:00,102,36.03,95.12,122.65,0.09,68.24,0.28,,,,
2026-03-18 20:00,102,35.77,92.69,122.81,0.09,68.45,0.28,,,,
2026-03-18 21:00,102,35.71,91.03,123.21,0.08,68.53,0.28,,,,
2026-03-18 22:00,102,35.87,90.63,123.38,0.08,68.72,0.28,,,,
2026-03-18 23:00,103,36.36,92.55,123.56,0.07,69.27,0.27,,,,
2026-03-19 00:00,105,36.95,95.97,124.09,0.07,71.3,0.24,,,,
2026-03-19 00:00,105,36.95,95.97,124.09,0.07,71.3,0.24,,,,
2026-03-19 01:00,105,37.08,96.06,125.02,0.06,74.2,0.24,,,,
2026-03-19 02:00,104,36.85,91.97,126.13,0.07,76.01,0.24,,,,
2026-03-19 03:00,102,35.91,85.71,127.24,0.08,78.7,0.24,,,,
2026-03-19 04:00,96,33.65,75.88,127.25,0.1,81.9,0.28,,,,
2026-03-19 05:00,90,30.71,64.17,128.65,0.12,87.04,0.32,,,,
2026-03-19 06:00,83,27.28,51.66,131.45,0.17,92.21,0.42,,,,
2026-03-19 07:00,74,23.02,40.72,133.25,0.25,96.38,0.51,,,,
2026-03-19 08:00,69,20.87,35.82,133.33,0.33,96.84,0.6,,,,
2026-03-19 09:00,69,20.45,33.71,132.89,0.4,93.86,0.74,,,,
2026-03-19 10:00,67,19.88,30.72,132.67,0.41,90.99,0.82,,,,
2026-03-19 11:00,68,19.96,29.64,131.25,0.39,87.81,0.81,,,,
2026-03-19 12:00,68,20.25,29.55,129.71,0.38,85.18,0.75,,,,
2026-03-19 13:00,68,20.38,29.88,128.85,0.38,84.23,0.67,,,,
2026-03-19 14:00,68,20.26,30.34,127.76,0.39,83.45,0.61,,,,
2026-03-19 15:00,69,20.68,32.16,126.37,0.35,81.43,0.55,,,,
2026-03-19 16:00,71,21.63,35.3,125.43,0.3,79.39,0.5,,,,
2026-03-19 17:00,72,22.3,37.5,125.3,0.27,78.83,0.45,,,,
2026-03-19 18:00,73,22.44,38.18,125.43,0.25,78.99,0.4,,,,
2026-03-19 19:00,72,22.0,37.54,125.3,0.22,79.38,0.35,,,,
2026-03-19 20:00,71,21.65,36.99,125.12,0.21,79.59,0.31,,,,
2026-03-19 21:00,70,21.31,36.38,124.92,0.19,79.73,0.28,,,,
2026-03-19 22:00,69,20.76,35.35,124.88,0.18,80.07,0.25,,,,
2026-03-19 23:00,68,20.13,34.2,124.6,0.16,80.29,0.23,,,,
2026-03-20 00:00,67,19.6,33.26,124.33,0.15,80.39,0.21,,,,
2026-03-20 00:00,67,19.6,33.26,124.33,0.15,80.39,0.21,,,,
2026-03-20 01:00,66,19.08,32.34,124.03,0.14,80.52,0.19,,,,
2026-03-20 02:00,65,18.66,31.58,123.78,0.14,80.63,0.18,,,,
2026-03-20 03:00,64,18.36,31.05,123.86,0.16,80.94,0.17,,,,
2026-03-20 04:00,63,17.88,30.34,123.79,0.13,81.69,0.16,,,,
2026-03-20 05:00,62,17.35,29.55,123.72,0.1,82.69,0.14,,,,
2026-03-20 06:00,61,17.09,29.17,123.59,0.07,82.75,0.13,,,,
2026-03-20 07:00,61,16.81,28.77,123.13,0.06,81.61,0.12,,,,
2026-03-20 08:00,61,16.77,28.64,122.58,0.05,79.41,0.11,,,,
2026-03-20 09:00,61,16.9,28.69,122.14,0.05,77.24,0.11,,,,
2026-03-20 10:00,62,17.17,29.09,121.98,0.05,75.35,0.1,,,,
2026-03-20 11:00,62,17.44,29.68,121.77,0.05,73.33,0.1,,,,
2026-03-20 12:00,63,17.61,30.21,121.64,0.06,72.16,0.09,,,,
2026-03-20 13:00,63,17.63,30.6,121.99,0.07,72.06,0.09,,,,
2026-03-20 14:00,62,17.32,30.45,122.05,0.08,71.7,0.09,,,,
2026-03-20 15:00,61,16.86,30.24,122.17,0.07,71.34,0.09,,,,
2026-03-20 16:00,60,16.4,30.11,122.02,0.07,71.01,0.1,,,,
2026-03-20 17:00,60,16.22,30.88,121.97,0.06,70.98,0.11,,,,
2026-03-20 18:00,60,16.55,33.1,121.72,0.06,71.1,0.12,,,,
2026-03-20 19:00,63,17.65,37.1,121.39,0.06,70.99,0.14,,,,
2026-03-20 20:00,66,19.34,42.57,121.25,0.06,70.39,0.15,,,,
2026-03-20 21:00,70,21.13,48.2,120.85,0.06,69.59,0.16,,,,
2026-03-20 22:00,74,22.92,54.39,120.15,0.06,68.63,0.17,,,,
2026-03-20 23:00,77,24.57,60.59,119.06,0.06,67.57,0.17,,,,
2026-03-21 00:00,80,25.81,65.73,117.74,0.06,66.74,0.17,,,,
2026-03-21 00:00,80,25.81,65.73,117.74,0.06,66.74,0.17,,,,
2026-03-21 01:00,82,26.71,69.7,116.57,0.06,66.0,0.17,,,,
2026-03-21 02:00,83,27.26,72.33,115.31,0.06,65.21,0.16,,,,
2026-03-21 03:00,84,27.59,74.0,114.09,0.08,64.52,0.16,,,,
2026-03-21 04:00,84,27.67,74.87,112.83,0.07,64.09,0.15,,,,
2026-03-21 05:00,84,27.72,75.46,111.99,0.06,64.07,0.14,,,,
2026-03-21 06:00,84,27.8,75.96,111.39,0.05,63.68,0.14,,,,
2026-03-21 07:00,84,27.82,76.33,110.95,0.05,63.05,0.13,,,,
2026-03-21 08:00,84,27.79,76.65,110.26,0.05,62.46,0.12,,,,
2026-03-21 09:00,84,27.74,76.77,109.78,0.04,61.64,0.11,,,,
2026-03-21 10:00,84,27.72,76.92,109.37,0.05,61.02,0.11,,,,
2026-03-21 11:00,84,27.66,76.86,109.05,0.05,60.77,0.11,,,,
2026-03-21 12:00,84,27.6,76.97,108.65,0.06,60.82,0.11,,,,
2026-03-21 13:00,84,27.59,76.95,108.84,0.07,61.46,0.12,,,,
2026-03-21 14:00,83,27.4,75.91,108.83,0.08,62.38,0.12,,,,
2026-03-21 15:00,82,27.05,73.93,108.94,0.08,62.94,0.13,,,,
2026-03-21 16:00,81,26.48,70.75,108.94,0.08,63.52,0.13,,,,
2026-03-21 17:00,80,25.85,67.36,109.05,0.07,64.27,0.13,,,,
2026-03-21 18:00,79,25.2,63.83,109.37,0.07,64.79,0.13,,,,
2026-03-21 19:00,77,24.57,60.44,109.52,0.06,64.95,0.13,,,,
2026-03-21 20:00,76,24.2,58.17,109.53,0.06,64.63,0.13,,,,
2026-03-21 21:00,76,23.91,56.51,109.63,0.06,64.24,0.13,,,,
2026-03-21 22:00,75,23.66,55.13,109.65,0.06,64.03,0.13,,,,
2026-03-21 23:00,75,23.48,54.14,109.62,0.06,63.7,0.12,,,,
2026-03-22 00:00,75,23.34,53.58,109.51,0.06,63.65,0.11,,,,
2026-03-22 00:00,75,23.34,53.58,109.51,0.06,63.65,0.11,,,,
2026-03-22 01:00,74,23.23,53.2,109.36,0.06,63.81,0.11,,,,
2026-03-22 02:00,74,23.04,52.4,109.58,0.06,64.0,0.1,,,,
2026-03-22 03:00,73,22.73,51.02,109.72,0.07,64.4,0.1,,,,
2026-03-22 04:00,72,22.32,49.3,109.63,0.06,64.46,0.1,,,,
2026-03-22 05:00,72,22.02,47.97,109.72,0.05,64.28,0.09,,,,
2026-03-22 06:00,71,21.75,46.77,109.64,0.04,63.68,0.09,,,,
2026-03-22 07:00,71,21.5,45.8,109.43,0.03,62.49,0.08,,,,
2026-03-22 08:00,70,21.23,44.88,109.08,0.03,61.4,0.08,,,,
2026-03-22 09:00,70,20.92,44.05,108.55,0.03,60.29,0.07,,,,
2026-03-22 10:00,69,20.65,43.37,108.15,0.03,59.64,0.07,,,,
2026-03-22 11:00,68,20.34,42.69,107.77,0.04,59.58,0.07,,,,
2026-03-22 12:00,68,20.08,42.19,107.41,0.04,60.06,0.07,,,,
2026-03-22 13:00,67,19.93,41.84,107.52,0.05,60.88,0.07,,,,
2026-03-22 14:00,67,19.85,41.51,107.34,0.07,61.1,0.07,,,,
2026-03-22 15:00,67,19.8,41.13,107.37,0.07,61.3,0.08,,,,
2026-03-22 16:00,67,19.73,40.64,107.19,0.07,61.31,0.08,,,,
2026-03-22 17:00,67,19.65,39.99,107.1,0.07,61.48,0.08,,,,
2026-03-22 18:00,67,19.52,39.13,107.12,0.07,61.69,0.08,,,,
2026-03-22 19:00,66,19.36,38.13,107.04,0.06,61.9,0.07,,,,
2026-03-22 20:00,66,19.18,37.07,106.86,0.06,62.3,0.07,,,,
2026-03-22 21:00,65,18.96,35.87,106.77,0.06,62.58,0.07,,,,
2026-03-22 22:00,65,18.64,34.27,106.61,0.06,62.78,0.08,,,,
2026-03-22 23:00,64,18.12,32.23,106.48,0.06,62.75,0.08,,,,
2026-03-23 00:00,62,17.38,29.83,106.53,0.06,62.82,0.09,,,,
2026-03-23 00:00,62,17.38,29.83,106.53,0.06,62.82,0.09,,,,
2026-03-23 01:00,60,16.38,27.04,106.76,0.06,63.31,0.09,,,,
2026-03-23 02:00,58,15.24,24.15,107.29,0.06,63.57,0.08,,,,
2026-03-23 03:00,55,14.17,21.58,107.67,0.07,63.4,0.08,,,,
2026-03-23 04:00,53,13.08,19.3,108.18,0.07,62.53,0.07,,,,
2026-03-23 05:00,51,12.14,17.52,108.79,0.06,61.24,0.07,,,,
2026-03-23 06:00,48,11.5,16.38,109.15,0.04,59.66,0.07,,,,
2026-03-23 07:00,46,10.97,15.53,109.38,0.04,57.81,0.07,,,,
2026-03-23 08:00,44,10.51,14.92,109.31,0.03,55.76,0.07,,,,
2026-03-23 09:00,42,10.1,14.42,109.26,0.03,53.91,0.07,,,,
2026-03-23 10:00,40,9.64,13.82,109.42,0.03,52.72,0.06,,,,
2026-03-23 11:00,38,9.23,13.42,109.47,0.03,51.61,0.06,,,,
2026-03-23 12:00,37,8.92,13.2,109.34,0.04,50.84,0.06,,,,
2026-03-23 13:00,36,8.69,13.15,109.44,0.05,50.55,0.06,,,,
2026-03-23 14:00,35,8.51,13.29,109.23,0.06,50.16,0.07,,,,
2026-03-23 15:00,36,8.52,13.82,108.87,0.07,49.8,0.09,,,,
2026-03-23 16:00,36,8.75,14.68,108.15,0.07,49.46,0.1,,,,
2026-03-23 17:00,39,9.26,15.88,107.73,0.07,49.14,0.11,,,,
2026-03-23 18:00,42,10.01,17.37,107.46,0.07,48.81,0.13,,,,
2026-03-23 19:00,45,10.9,19.01,107.01,0.07,48.55,0.14,,,,
2026-03-23 20:00,49,11.87,20.74,106.86,0.07,48.55,0.15,,,,
2026-03-23 21:00,53,12.82,22.5,106.65,0.07,48.64,0.16,,,,
2026-03-23 22:00,54,13.58,24.01,106.85,0.07,48.87,0.16,,,,
2026-03-23 23:00,55,13.97,25.11,106.82,0.07,49.01,0.17,,,,
2026-03-24 00:00,56,14.29,26.28,107.09,0.07,49.14,0.17,,,,
2026-03-24 00:00,56,14.29,26.28,107.09,0.07,49.14,0.17,,,,
2026-03-24 01:00,56,14.6,27.72,107.38,0.08,49.31,0.18,,,,
2026-03-24 02:00,57,14.92,29.36,108.02,0.08,49.53,0.19,,,,
2026-03-24 03:00,57,15.09,30.66,108.81,0.1,49.96,0.2,,,,
2026-03-24 04:00,57,14.89,30.95,109.34,0.1,50.25,0.2,,,,
2026-03-24 05:00,56,14.4,30.24,109.65,0.09,50.33,0.19,,,,
2026-03-24 06:00,54,13.73,28.86,109.81,0.07,50.29,0.18,,,,
2026-03-24 07:00,53,13.06,27.3,109.91,0.06,50.06,0.16,,,,
2026-03-24 08:00,52,12.5,25.96,109.7,0.06,49.6,0.15,,,,
2026-03-24 09:00,500,12.01,24.83,109.29,0.05,49.22,0.13,,,,
2026-03-24 10:00,48,11.6,23.84,109.1,0.05,49.24,0.12,,,,
2026-03-24 11:00,47,11.33,23.07,108.56,0.05,48.78,0.11,,,,
2026-03-24 12:00,46,11.11,22.36,108.34,0.06,48.62,0.1,,,,
2026-03-24 13:00,45,10.9,21.69,108.36,0.07,48.8,0.1,,,,
2026-03-24 14:00,44,10.67,21.03,108.38,0.1,48.96,0.09,,,,
2026-03-24 15:00,44,10.48,20.51,108.52,0.1,49.04,0.09,,,,
2026-03-24 16:00,43,10.32,20.1,108.45,0.1,49.2,0.1,,,,
2026-03-24 17:00,43,10.3,20.08,108.35,0.09,49.26,0.11,,,,
2026-03-24 18:00,44,10.56,20.65,108.08,0.09,49.04,0.13,,,,
2026-03-24 19:00,46,11.04,21.53,107.39,0.08,48.42,0.14,,,,
2026-03-24 20:00,48,11.5,22.03,106.58,0.08,47.77,0.15,,,,
2026-03-24 21:00,49,11.76,22.14,105.57,0.08,47.41,0.16,,,,
2026-03-24 22:00,500,12.01,22.71,104.86,0.07,47.65,0.16,,,,
2026-03-24 23:00,52,12.74,25.23,104.43,0.07,48.27,0.16,,,,
2026-03-25 00:00,55,13.78,28.76,104.5,0.07,48.95,0.15,,,,
2026-03-25 00:00,55,13.78,28.76,104.5,0.07,48.95,0.15,,,,
2026-03-25 01:00,56,14.7,31.73,105.19,0.07,49.49,0.15,,,,
2026-03-25 02:00,59,15.68,34.74,105.79,0.07,50.23,0.14,,,,
2026-03-25 03:00,61,17.03,38.8,106.41,0.08,51.33,0.14,,,,
2026-03-25 04:00,65,18.54,43.26,106.83,0.07,52.46,0.13,,,,
2026-03-25 05:00,68,19.95,47.21,107.55,0.06,53.41,0.13,,,,
2026-03-25 06:00,70,21.28,50.7,107.94,0.05,54.03,0.12,,,,
2026-03-25 07:00,73,22.5,53.94,108.0,0.04,53.97,0.12,,,,
2026-03-25 08:00,75,23.44,56.66,107.79,0.04,53.29,0.11,,,,
2026-03-25 09:00,76,24.03,58.64,107.52,0.04,52.31,0.1,,,,
2026-03-25 10:00,78,24.94,62.34,107.68,0.04,52.03,0.09,,,,
2026-03-25 11:00,81,26.14,67.08,107.73,0.04,52.17,0.08,,,,
2026-03-25 12:00,83,27.36,72.04,107.76,0.05,52.59,0.08,,,,
2026-03-25 13:00,86,28.84,78.14,108.15,0.07,53.72,0.07,,,,
2026-03-25 14:00,89,30.06,82.71,108.36,0.08,54.21,0.07,,,,
2026-03-25 15:00,91,31.25,86.77,108.53,0.08,54.42,0.08,,,,
2026-03-25 16:00,94,32.44,90.27,108.71,0.08,54.87,0.08,,,,
2026-03-25 17:00,96,33.7,92.81,109.06,0.09,55.72,0.09,,,,
2026-03-25 18:00,99,34.78,93.79,109.63,0.09,56.6,0.1,,,,
2026-03-25 19:00,100,35.2,92.49,109.87,0.09,57.28,0.1,,,,
2026-03-25 20:00,99,34.85,89.22,109.98,0.09,57.91,0.1,,,,
2026-03-25 21:00,97,33.88,84.83,110.02,0.09,58.4,0.1,,,,
2026-03-25 22:00,93,32.3,79.16,109.66,0.08,58.94,0.1,,,,
2026-03-25 23:00,89,30.24,72.71,109.17,0.08,59.7,0.1,,,,
2026-03-26 00:00,85,28.03,66.29,108.63,0.07,60.32,0.1,,,,
2026-03-26 00:00,85,28.03,66.29,108.63,0.07,60.32,0.1,,,,
2026-03-26 01:00,80,25.69,59.76,108.15,0.07,61.07,0.1,,,,
2026-03-26 02:00,74,23.05,52.52,107.61,0.06,61.91,0.1,,,,
2026-03-26 03:00,69,20.69,46.27,107.19,0.07,62.47,0.09,,,,
2026-03-26 04:00,65,18.78,41.32,106.46,0.07,62.71,0.09,,,,
2026-03-26 05:00,62,17.55,38.1,105.98,0.06,62.52,0.09,,,,
2026-03-26 06:00,61,16.67,35.69,105.64,0.05,62.09,0.08,,,,
2026-03-26 07:00,59,15.97,33.75,105.01,0.04,61.05,0.08,,,,
2026-03-26 08:00,58,15.41,32.22,104.22,0.03,59.38,0.07,,,,
2026-03-26 09:00,57,14.92,30.89,103.55,0.03,57.57,0.07,,,,
2026-03-26 10:00,56,14.35,29.35,103.06,0.03,55.99,0.07,,,,
2026-03-26 11:00,55,13.79,27.9,102.55,0.03,54.73,0.06,,,,
2026-03-26 12:00,54,13.39,26.87,102.22,0.03,53.94,0.06,,,,
2026-03-26 13:00,53,13.11,26.17,102.21,0.04,53.65,0.06,,,,
2026-03-26 14:00,53,12.85,25.52,102.05,0.05,53.42,0.06,,,,
2026-03-26 15:00,52,12.53,24.82,101.98,0.05,53.27,0.06,,,,
2026-03-26 16:00,51,12.15,24.0,101.67,0.05,53.02,0.06,,,,
2026-03-26 17:00,49,11.82,23.29,101.71,0.05,52.77,0.06,,,,
2026-03-26 18:00,47,11.34,22.33,101.78,0.05,52.5,0.06,,,,
2026-03-26 19:00,45,10.74,21.16,101.75,0.05,52.13,0.06,,,,
2026-03-26 20:00,42,10.07,19.95,101.99,0.05,51.78,0.06,,,,
2026-03-26 21:00,39,9.33,18.69,102.17,0.05,51.31,0.07,,,,
2026-03-26 22:00,35,8.4,17.1,102.4,0.05,50.69,0.07,,,,
2026-03-26 23:00,31,7.44,15.36,102.49,0.05,49.85,0.07,,,,
2026-03-27 00:00,28,6.64,13.93,102.5,0.04,48.98,0.07,,,,
2026-03-27 00:00,28,6.64,13.93,102.5,0.04,48.98,0.07,,,,
2026-03-27 01:00,25,6.03,12.88,102.46,0.04,48.16,0.07,,,,
2026-03-27 02:00,23,5.55,12.13,102.39,0.04,47.44,0.07,,,,
2026-03-27 03:00,22,5.16,11.57,102.22,0.04,46.77,0.08,,,,
2026-03-27 04:00,20,4.85,11.1,101.88,0.04,46.04,0.09,,,,
2026-03-27 05:00,19,4.64,10.71,101.61,0.03,45.37,0.09,,,,
2026-03-27 06:00,19,4.46,10.26,101.51,0.03,44.58,0.09,,,,
2026-03-27 07:00,18,4.31,9.83,100.95,0.03,43.43,0.08,,,,
2026-03-27 08:00,18,4.2,9.56,100.15,0.03,42.09,0.08,,,,
2026-03-27 09:00,17,4.12,9.41,99.03,0.02,40.56,0.07,,,,
2026-03-27 10:00,17,4.06,9.38,98.1,0.02,39.28,0.07,,,,
2026-03-27 11:00,17,4.02,9.58,96.99,0.02,38.42,0.08,,,,
2026-03-27 12:00,17,4.02,9.99,95.83,0.02,38.22,0.1,,,,
2026-03-27 13:00,17,4.04,10.44,95.07,0.03,38.77,0.11,,,,
2026-03-27 14:00,17,4.04,10.68,93.98,0.05,39.53,0.12,,,,
2026-03-27 15:00,17,4.05,10.72,92.88,0.05,40.5,0.13,,,,
2026-03-27 16:00,17,4.08,10.67,91.45,0.06,41.31,0.14,,,,
2026-03-27 17:00,17,4.15,10.73,90.14,0.06,41.95,0.15,,,,
2026-03-27 18:00,18,4.26,10.97,89.0,0.06,42.4,0.16,,,,
2026-03-27 19:00,19,4.47,11.58,88.22,0.06,42.58,0.17,,,,
2026-03-27 20:00,20,4.77,12.57,87.99,0.06,42.71,0.18,,,,
2026-03-27 21:00,22,5.17,13.85,88.08,0.06,42.55,0.19,,,,
2026-03-27 22:00,23,5.6,14.97,88.83,0.07,41.96,0.19,,,,
2026-03-27 23:00,24,5.86,15.41,89.79,0.07,40.37,0.2,,,,
2026-03-28 00:00,25,6.03,15.66,90.99,0.07,38.18,0.2,,,,
2026-03-28 00:00,25,6.03,15.66,90.99,0.07,38.18,0.2,,,,
2026-03-28 01:00,26,6.14,16.17,92.17,0.08,36.03,0.22,,,,
2026-03-28 02:00,26,6.21,17.24,93.18,0.09,34.68,0.24,,,,
2026-03-28 03:00,26,6.19,18.3,94.67,0.12,35.17,0.27,,,,
2026-03-28 04:00,25,6.05,18.74,96.35,0.14,38.17,0.29,,,,
2026-03-28 05:00,24,5.8,18.38,98.36,0.14,42.93,0.29,,,,
2026-03-28 06:00,23,5.56,17.64,100.11,0.13,47.8,0.28,,,,
2026-03-28 07:00,22,5.39,16.84,101.1,0.12,51.08,0.27,,,,
2026-03-28 08:00,22,5.3,16.31,101.5,0.1,52.25,0.25,,,,
2026-03-28 09:00,22,5.23,15.93,101.5,0.09,51.93,0.24,,,,
2026-03-28 10:00,21,5.15,15.52,101.77,0.09,51.21,0.23,,,,
2026-03-28 11:00,21,5.02,15.05,101.35,0.1,50.24,0.23,,,,
2026-03-28 12:00,21,4.94,14.72,101.09,0.12,49.1,0.23,,,,
2026-03-28 13:00,20,4.81,14.16,101.25,0.14,46.89,0.23,,,,
2026-03-28 14:00,19,4.67,13.47,102.41,0.15,43.3,0.23,,,,
2026-03-28 15:00,19,4.61,13.04,104.94,0.15,39.09,0.23,,,,
2026-03-28 16:00,19,4.52,12.61,108.06,0.14,35.62,0.22,,,,
2026-03-28 17:00,18,4.35,12.4,111.07,0.14,33.93,0.22,,,,
2026-03-28 18:00,17,4.17,12.41,113.72,0.14,33.61,0.22,,,,
2026-03-28 19:00,17,4.11,12.84,115.31,0.14,34.01,0.22,,,,
2026-03-28 20:00,18,4.33,13.42,116.49,0.15,35.01,0.24,,,,
2026-03-28 21:00,20,4.71,14.01,117.31,0.17,36.86,0.25,,,,
2026-03-28 22:00,21,5.07,13.77,117.61,0.18,39.82,0.25,,,,
2026-03-28 23:00,22,5.21,13.08,117.24,0.2,43.48,0.25,,,,
2026-03-29 00:00,21,5.13,12.41,116.73,0.21,47.29,0.23,,,,
2026-03-29 00:00,21,5.13,12.41,116.73,0.21,47.29,0.23,,,,
2026-03-29 01:00,20,4.81,12.01,116.19,0.23,50.97,0.22,,,,
2026-03-29 02:00,19,4.54,12.08,116.1,0.24,53.85,0.21,,,,
2026-03-29 03:00,18,4.35,12.24,116.15,0.28,56.19,0.22,,,,
2026-03-29 04:00,17,4.16,12.07,116.33,0.28,57.82,0.22,,,,
2026-03-29 05:00,17,4.07,11.81,116.84,0.24,59.38,0.22,,,,
2026-03-29 06:00,17,4.18,11.75,117.64,0.19,61.1,0.22,,,,
2026-03-29 07:00,19,4.44,12.0,118.39,0.16,62.42,0.23,,,,
2026-03-29 08:00,20,4.74,12.69,118.85,0.14,63.81,0.23,,,,
2026-03-29 09:00,21,5.0,13.51,119.05,0.13,65.88,0.24,,,,
2026-03-29 10:00,22,5.26,14.34,119.15,0.13,69.99,0.25,,,,
2026-03-29 11:00,23,5.58,15.42,119.04,0.14,76.57,0.26,,,,
2026-03-29 12:00,24,5.88,16.64,119.17,0.16,84.52,0.28,,,,
2026-03-29 13:00,26,6.2,18.18,119.6,0.21,92.5,0.31,,,,
2026-03-29 14:00,28,6.67,20.13,120.2,0.26,98.3,0.35,,,,
2026-03-29 15:00,30,7.09,21.8,120.79,0.27,102.96,0.37,,,,
2026-03-29 16:00,31,7.34,22.97,121.19,0.26,106.25,0.39,,,,
2026-03-29 17:00,31,7.53,24.04,121.56,0.25,109.97,0.41,,,,
2026-03-29 18:00,32,7.67,25.2,121.8,0.25,114.16,0.44,,,,
2026-03-29 19:00,32,7.77,26.32,121.87,0.25,118.04,0.48,,,,
2026-03-29 20:00,33,7.87,27.49,121.54,0.25,120.93,0.52,,,,
2026-03-29 21:00,34,8.05,29.0,121.3,0.25,123.02,0.56,,,,
2026-03-29 22:00,34,8.28,30.71,120.88,0.24,123.92,0.61,,,,
2026-03-29 23:00,35,8.46,32.23,120.47,0.24,124.24,0.65,,,,
2026-03-30 00:00,36,8.55,33.15,120.04,0.24,123.8,0.69,,,,
2026-03-30 00:00,36,8.55,33.15,120.04,0.24,123.8,0.69,,,,
2026-03-30 01:00,36,8.54,33.33,119.74,0.24,123.05,0.71,,,,
2026-03-30 02:00,35,8.5,33.07,119.76,0.25,123.15,0.72,,,,
2026-03-30 03:00,36,8.56,32.84,120.25,0.31,123.81,0.73,,,,
2026-03-30 04:00,36,8.7,32.81,120.77,0.29,124.57,0.75,,,,
2026-03-30 05:00,37,8.97,33.2,121.29,0.23,125.73,0.76,,,,
2026-03-30 06:00,39,9.34,33.91,121.81,0.18,126.34,0.78,,,,
2026-03-30 07:00,41,9.76,34.79,122.1,0.16,125.82,0.79,,,,
2026-03-30 08:00,43,10.22,35.75,122.4,0.15,125.16,0.8,,,,
2026-03-30 09:00,44,10.65,36.57,122.39,0.14,124.19,0.81,,,,
2026-03-30 10:00,46,11.09,37.33,122.76,0.15,124.19,0.83,,,,
2026-03-30 11:00,48,11.46,37.81,122.85,0.16,124.57,0.85,,,,
2026-03-30 12:00,49,11.72,37.95,122.91,0.19,124.94,0.86,,,,
2026-03-30 13:00,49,11.85,37.81,122.79,0.24,126.18,0.87,,,,
2026-03-30 14:00,49,11.84,37.27,122.62,0.28,127.11,0.87,,,,
2026-03-30 15:00,49,11.66,36.29,122.02,0.27,127.84,0.87,,,,
2026-03-30 16:00,47,11.27,34.79,121.11,0.25,128.25,0.85,,,,
2026-03-30 17:00,45,10.74,32.9,120.24,0.24,128.31,0.81,,,,
2026-03-30 18:00,42,10.12,30.88,119.41,0.22,128.21,0.76,,,,
2026-03-30 19:00,40,9.51,29.03,118.42,0.21,127.47,0.71,,,,
2026-03-30 20:00,38,9.08,27.83,117.75,0.21,126.84,0.68,,,,
2026-03-30 21:00,37,8.84,27.26,117.46,0.2,126.05,0.65,,,,
2026-03-30 22:00,36,8.75,27.23,117.53,0.2,125.17,0.65,,,,
2026-03-30 23:00,36,8.74,27.48,117.63,0.19,124.34,0.66,,,,
2026-03-31 00:00,36,8.74,27.79,117.82,0.19,123.26,0.67,,,,
2026-03-31 00:00,36,8.74,27.79,117.82,0.19,123.26,0.67,,,,
2026-03-31 01:00,36,8.71,27.86,117.89,0.19,122.29,0.68,,,,
2026-03-31 02:00,36,8.56,27.37,117.78,0.19,121.31,0.69,,,,
2026-03-31 03:00,35,8.42,26.72,117.85,0.24,120.79,0.69,,,,
2026-03-31 04:00,35,8.37,26.23,118.08,0.25,120.68,0.69,,,,
2026-03-31 05:00,35,8.42,26.01,118.24,0.23,120.39,0.69,,,,
2026-03-31 06:00,36,8.58,26.08,118.48,0.18,119.94,0.69,,,,
2026-03-31 07:00,37,8.79,26.29,118.38,0.15,118.94,0.68,,,,
2026-03-31 08:00,37,8.99,26.5,118.24,0.13,117.59,0.67,,,,
2026-03-31 09:00,38,9.12,26.59,117.74,0.12,115.89,0.64,,,,
2026-03-31 10:00,39,9.24,26.73,117.67,0.12,114.76,0.63,,,,
2026-03-31 11:00,39,9.3,26.81,117.31,0.14,113.95,0.61,,,,
2026-03-31 12:00,39,9.29,26.79,116.99,0.16,113.39,0.6,,,,
2026-03-31 13:00,39,9.26,26.8,117.16,0.19,113.54,0.58,,,,
2026-03-31 14:00,39,9.24,26.89,117.21,0.21,113.73,0.57,,,,
2026-03-31 15:00,39,9.24,27.04,117.11,0.2,114.08,0.55,,,,
2026-03-31 16:00,39,9.25,27.21,116.96,0.18,114.38,0.54,,,,
2026-03-31 17:00,39,9.31,27.41,116.88,0.18,114.91,0.52,,,,
2026-03-31 18:00,39,9.41,27.65,116.8,0.17,115.23,0.5,,,,
2026-03-31 19:00,40,9.5,27.79,116.36,0.16,115.31,0.48,,,,
2026-03-31 20:00,40,9.61,27.97,116.21,0.15,115.35,0.46,,,,
2026-03-31 21:00,40,9.71,28.13,116.11,0.15,115.39,0.44,,,,
2026-03-31 22:00,41,9.81,28.31,116.03,0.14,115.4,0.42,,,,
2026-03-31 23:00,41,9.9,28.5,116.03,0.13,115.38,0.4,,,,
2026-04-01 00:00,41,9.91,28.52,116.05,0.12,115.2,0.39,,,,
2026-04-01 00:00,41,9.91,28.52,116.05,0.12,115.2,0.39,,,,
2026-04-01 01:00,41,9.8,28.21,115.9,0.12,115.02,0.37,,,,
2026-04-01 02:00,40,9.58,27.61,115.93,0.12,114.87,0.34,,,,
2026-04-01 03:00,39,9.4,27.1,115.95,0.14,114.72,0.32,,,,
2026-04-01 04:00,39,9.33,26.87,116.02,0.14,114.34,0.31,,,,
2026-04-01 05:00,39,9.35,26.96,116.06,0.12,113.65,0.29,,,,
2026-04-01 06:00,39,9.44,27.27,116.19,0.1,112.65,0.28,,,,
2026-04-01 07:00,40,9.59,27.76,116.23,0.08,111.11,0.27,,,,
2026-04-01 08:00,41,9.8,28.4,116.3,0.07,108.99,0.26,,,,
2026-04-01 09:00,42,10.03,29.08,116.36,0.07,106.84,0.25,,,,
2026-04-01 10:00,43,10.32,29.96,116.74,0.07,104.7,0.24,,,,
2026-04-01 11:00,45,10.72,31.19,117.05,0.07,102.47,0.24,,,,
2026-04-01 12:00,47,11.22,32.79,117.27,0.09,100.77,0.24,,,,
2026-04-01 13:00,49,11.81,34.65,117.6,0.11,99.74,0.24,,,,
2026-04-01 14:00,52,12.35,36.36,118.04,0.13,99.06,0.25,,,,
2026-04-01 15:00,52,12.81,37.74,118.33,0.13,98.8,0.25,,,,
2026-04-01 16:00,53,13.1,38.58,118.28,0.13,98.71,0.25,,,,
2026-04-01 17:00,54,13.29,39.19,118.29,0.12,99.19,0.25,,,,
2026-04-01 18:00,54,13.43,39.78,118.23,0.12,99.68,0.25,,,,
2026-04-01 19:00,54,13.56,40.37,118.06,0.11,100.09,0.24,,,,
2026-04-01 20:00,55,13.77,41.0,118.25,0.11,100.42,0.24,,,,
2026-04-01 21:00,55,13.99,41.35,118.56,0.1,100.84,0.23,,,,
2026-04-01 22:00,55,13.84,38.47,119.3,0.1,101.38,0.24,,,,
2026-04-01 23:00,54,13.38,34.04,119.98,0.1,101.58,0.22,,,,
2026-04-02 00:00,52,12.8,29.95,120.02,0.09,101.36,0.2,,,,
2026-04-02 00:00,52,12.8,29.95,120.02,0.09,101.36,0.2,,,,
2026-04-02 01:00,51,12.12,27.09,119.29,0.09,100.43,0.17,,,,
2026-04-02 02:00,48,11.41,25.08,118.39,0.08,99.51,0.15,,,,
2026-04-02 03:00,45,10.87,23.67,117.05,0.09,98.89,0.13,,,,
2026-04-02 04:00,42,10.18,21.05,116.03,0.1,98.11,0.13,,,,
2026-04-02 05:00,39,9.38,18.07,115.38,0.11,96.24,0.14,,,,
2026-04-02 06:00,37,8.77,16.02,115.45,0.11,92.89,0.17,,,,
2026-04-02 07:00,33,7.97,13.93,114.4,0.11,86.35,0.18,,,,
2026-04-02 08:00,30,7.12,12.05,113.7,0.09,79.39,0.18,,,,
2026-04-02 09:00,26,6.21,10.18,113.08,0.08,73.7,0.16,,,,
2026-04-02 10:00,22,5.25,8.19,112.36,0.07,69.59,0.13,,,,
2026-04-02 11:00,19,4.55,7.2,112.13,0.06,64.11,0.12,,,,
2026-04-02 12:00,16,3.93,6.44,112.47,0.07,57.98,0.11,,,,
2026-04-02 13:00,14,3.38,5.93,113.54,0.08,51.66,0.12,,,,
2026-04-02 14:00,13,3.05,6.0,116.2,0.09,46.4,0.14,,,,
2026-04-02 15:00,13,3.17,6.99,120.62,0.1,43.31,0.17,,,,
2026-04-02 16:00,16,3.76,9.15,125.18,0.1,42.64,0.19,,,,
2026-04-02 17:00,18,4.4,10.79,129.13,0.1,43.43,0.21,,,,
2026-04-02 18:00,21,4.94,11.55,132.06,0.1,44.42,0.21,,,,
2026-04-02 19:00,23,5.4,11.11,135.81,0.1,46.0,0.2,,,,
2026-04-02 20:00,25,5.9,10.89,139.71,0.1,48.01,0.19,,,,
2026-04-02 21:00,27,6.44,10.91,142.95,0.1,50.07,0.18,,,,
2026-04-02 22:00,29,6.96,10.88,145.93,0.1,52.78,0.18,,,,
2026-04-02 23:00,31,7.32,10.86,146.57,0.11,55.71,0.17,,,,
2026-04-03 00:00,32,7.56,10.92,146.57,0.11,58.8,0.17,,,,
2026-04-03 00:00,32,7.56,10.92,146.57,0.11,58.8,0.17,,,,
2026-04-03 01:00,31,7.53,10.78,145.4,0.12,62.44,0.17,,,,
2026-04-03 02:00,31,7.35,10.63,142.95,0.14,65.98,0.18,,,,
2026-04-03 03:00,30,7.14,10.61,140.08,0.17,69.1,0.22,,,,
2026-04-03 04:00,26,6.28,9.96,136.43,0.2,75.88,0.22,,,,
2026-04-03 05:00,21,5.01,8.5,133.3,0.22,83.19,0.22,,,,
2026-04-03 06:00,17,4.04,6.98,131.59,0.19,86.97,0.21,,,,
2026-04-03 07:00,13,3.12,5.58,129.37,0.14,91.7,0.17,,,,
2026-04-03 08:00,10,2.47,4.61,127.65,0.13,97.91,0.14,,,,
2026-04-03 09:00,9,2.16,4.15,126.61,0.13,103.02,0.13,,,,
2026-04-03 10:00,9,2.06,4.13,126.3,0.15,108.23,0.13,,,,
2026-04-03 11:00,9,2.16,4.63,125.96,0.17,112.72,0.14,,,,
2026-04-03 12:00,10,2.45,5.68,125.85,0.21,118.0,0.16,,,,
2026-04-03 13:00,12,2.93,7.35,126.92,0.27,123.77,0.19,,,,
2026-04-03 14:00,15,3.58,9.58,127.75,0.32,127.88,0.24,,,,
2026-04-03 15:00,18,4.4,12.37,128.87,0.32,131.12,0.29,,,,
2026-04-03 16:00,22,5.16,15.02,130.32,0.31,133.07,0.33,,,,
2026-04-03 17:00,24,5.69,17.15,131.38,0.31,134.08,0.35,,,,
2026-04-03 18:00,25,5.95,18.7,132.11,0.31,134.7,0.37,,,,
2026-04-03 19:00,25,6.03,19.74,132.66,0.3,134.74,0.37,,,,
2026-04-03 20:00,25,6.04,20.4,133.02,0.29,134.73,0.37,,,,
2026-04-03 21:00,25,6.05,20.92,132.96,0.27,134.71,0.37,,,,
2026-04-03 22:00,25,5.96,21.0,132.79,0.26,134.45,0.37,,,,
2026-04-03 23:00,24,5.77,20.63,132.66,0.25,134.39,0.36,,,,
2026-04-04 00:00,23,5.57,20.11,132.61,0.24,134.03,0.35,,,,
2026-04-04 00:00,23,5.57,20.11,132.61,0.24,134.03,0.35,,,,
2026-04-04 01:00,22,5.19,18.65,132.27,0.24,133.87,0.35,,,,
2026-04-04 02:00,20,4.85,17.19,131.82,0.27,133.86,0.34,,,,
2026-04-04 03:00,20,4.76,16.72,131.92,0.34,133.81,0.33,,,,
2026-04-04 04:00,20,4.76,16.59,131.91,0.32,133.93,0.32,,,,
2026-04-04 05:00,20,4.85,16.72,132.0,0.26,134.08,0.31,,,,
2026-04-04 06:00,21,4.97,16.95,131.92,0.2,133.83,0.29,,,,
2026-04-04 07:00,21,5.08,17.19,131.68,0.17,132.97,0.28,,,,
2026-04-04 08:00,22,5.18,17.43,131.16,0.15,131.39,0.27,,,,
2026-04-04 09:00,22,5.27,17.63,130.57,0.14,129.66,0.25,,,,
2026-04-04 10:00,22,5.36,17.9,130.43,0.14,128.79,0.25,,,,
2026-04-04 11:00,23,5.45,18.08,130.05,0.14,127.98,0.24,,,,
2026-04-04 12:00,23,5.55,18.2,129.77,0.16,127.46,0.24,,,,
2026-04-04 13:00,24,5.71,18.44,129.9,0.19,127.65,0.24,,,,
2026-04-04 14:00,25,5.98,18.83,130.04,0.22,126.82,0.24,,,,
2026-04-04 15:00,26,6.29,19.18,129.88,0.2,125.94,0.24,,,,
2026-04-04 16:00,27,6.51,19.32,129.64,0.19,125.21,0.24,,,,
2026-04-04 17:00,28,6.69,19.42,129.36,0.17,125.33,0.24,,,,
2026-04-04 18:00,29,6.88,19.7,128.96,0.17,125.2,0.24,,,,
2026-04-04 19:00,30,7.14,20.41,128.24,0.16,124.64,0.24,,,,
2026-04-04 20:00,32,7.57,21.89,127.55,0.15,124.05,0.25,,,,
2026-04-04 21:00,34,8.21,24.21,126.91,0.14,123.15,0.26,,,,
2026-04-04 22:00,38,9.13,27.5,126.19,0.13,122.26,0.26,,,,
2026-04-04 23:00,43,10.25,31.48,125.68,0.12,121.12,0.27,,,,
2026-04-05 00:00,48,11.51,35.79,125.23,0.11,119.85,0.27,,,,
2026-04-05 00:00,48,11.51,35.79,125.23,0.11,119.85,0.27,,,,
2026-04-05 01:00,52,12.77,40.1,124.87,0.1,118.71,0.27,,,,
2026-04-05 02:00,55,13.97,44.14,124.83,0.1,117.95,0.26,,,,
2026-04-05 03:00,57,15.05,47.61,124.83,0.11,117.32,0.26,,,,
2026-04-05 04:00,59,15.8,49.79,124.69,0.08,116.63,0.25,,,,
2026-04-05 05:00,60,16.36,51.14,124.78,0.06,116.05,0.24,,,,
2026-04-05 06:00,61,16.86,52.2,124.72,0.05,114.68,0.23,,,,
2026-04-05 07:00,62,17.37,53.4,124.44,0.04,112.68,0.21,,,,
2026-04-05 08:00,63,17.91,54.85,124.06,0.04,110.49,0.2,,,,
2026-04-05 09:00,64,18.42,56.28,123.84,0.04,108.35,0.19,,,,
2026-04-05 10:00,65,18.97,57.69,123.94,0.05,107.3,0.19,,,,
2026-04-05 11:00,66,19.36,58.44,123.99,0.05,106.98,0.18,,,,
2026-04-05 12:00,67,19.57,58.63,124.27,0.06,107.55,0.18,,,,
2026-04-05 13:00,67,19.81,59.21,125.04,0.08,108.71,0.18,,,,
2026-04-05 14:00,68,20.23,61.15,125.6,0.1,109.17,0.18,,,,
2026-04-05 15:00,70,21.0,65.03,126.36,0.1,108.28,0.19,,,,
2026-04-05 16:00,72,21.92,69.78,126.73,0.09,106.13,0.2,,,,
2026-04-05 17:00,74,22.8,74.11,126.85,0.09,103.38,0.21,,,,
2026-04-05 18:00,75,23.55,77.65,126.79,0.08,100.68,0.22,,,,
2026-04-05 19:00,76,24.07,80.02,126.4,0.08,98.46,0.23,,,,
2026-04-05 20:00,77,24.37,81.39,125.89,0.07,96.89,0.25,,,,
2026-04-05 21:00,77,24.51,82.12,125.43,0.07,95.7,0.26,,,,
2026-04-05 22:00,77,24.59,82.54,125.04,0.07,94.16,0.29,,,,
2026-04-05 23:00,77,24.57,82.86,124.76,0.07,92.11,0.3,,,,
2026-04-06 00:00,77,24.41,83.33,124.71,0.06,89.18,0.32,,,,
2026-04-06 00:00,77,24.41,83.33,124.71,0.06,89.18,0.32,,,,
2026-04-07 01:00,54,13.39,56.86,121.65,0.09,48.27,0.38,,,,
2026-04-07 02:00,54,13.57,58.38,122.08,0.1,49.03,0.39,,,,
2026-04-07 03:00,54,13.7,59.07,122.55,0.1,49.81,0.39,,,,
2026-04-07 04:00,55,13.9,59.45,122.64,0.09,51.1,0.4,,,,
2026-04-07 05:00,56,14.28,59.92,123.01,0.09,54.25,0.44,,,,
2026-04-07 06:00,56,14.67,59.81,123.06,0.09,59.31,0.48,,,,
2026-04-07 07:00,57,15.08,59.79,122.84,0.09,65.35,0.54,,,,
2026-04-07 08:00,59,15.69,60.65,122.23,0.1,71.17,0.61,,,,
2026-04-07 09:00,60,16.33,61.74,121.63,0.1,75.67,0.67,,,,
2026-04-07 10:00,61,17.02,63.24,121.49,0.11,79.89,0.73,,,,
2026-04-07 11:00,63,17.64,64.89,121.24,0.13,82.91,0.76,,,,
2026-04-07 12:00,64,18.3,66.76,121.16,0.15,84.86,0.78,,,,
2026-04-07 13:00,66,19.0,68.84,121.54,0.19,86.11,0.78,,,,
2026-04-07 14:00,67,19.73,71.59,121.57,0.23,84.85,0.76,,,,
2026-04-07 15:00,69,20.69,74.66,121.86,0.22,85.09,0.76,,,,
2026-04-07 16:00,72,21.9,77.83,122.64,0.22,88.38,0.77,,,,
2026-04-07 17:00,75,23.46,81.52,124.29,0.22,93.46,0.81,,,,
2026-04-07 18:00,79,25.25,85.17,126.64,0.21,100.17,0.86,,,,
2026-04-07 19:00,82,27.02,88.49,129.14,0.21,107.42,0.9,,,,
2026-04-07 20:00,86,28.56,90.7,131.74,0.21,115.18,0.95,,,,
2026-04-07 21:00,89,30.15,93.04,134.28,0.21,123.38,0.98,,,,
2026-04-07 22:00,92,31.64,95.04,136.8,0.21,131.68,1.01,,,,
2026-04-07 23:00,94,32.53,95.41,139.02,0.21,138.62,1.01,,,,
2026-04-08 00:00,94,32.43,93.41,139.95,0.2,142.91,0.97,,,,
2026-04-08 00:00,94,32.43,93.41,139.95,0.2,142.91,0.97,,,,
2026-04-08 01:00,91,31.08,88.1,138.97,0.2,145.46,0.91,,,,
2026-04-08 02:00,87,29.39,82.67,137.57,0.21,147.24,0.86,,,,
2026-04-08 03:00,84,27.56,77.55,135.81,0.25,148.47,0.81,,,,
2026-04-08 04:00,80,25.77,72.9,134.18,0.22,149.15,0.79,,,,
2026-04-08 05:00,77,24.41,69.72,132.67,0.16,149.49,0.78,,,,
2026-04-08 06:00,75,23.68,68.48,131.89,0.13,148.86,0.78,,,,
2026-04-08 07:00,75,23.53,69.14,131.51,0.11,147.49,0.79,,,,
2026-04-08 08:00,76,23.9,71.25,131.59,0.1,145.88,0.81,,,,
2026-04-08 09:00,77,24.6,74.11,131.91,0.1,143.71,0.81,,,,
2026-04-08 10:00,79,25.48,77.53,132.89,0.1,142.47,0.81,,,,
2026-04-08 11:00,81,26.21,80.39,133.58,0.11,141.79,0.82,,,,
2026-04-08 12:00,82,26.69,82.34,134.33,0.13,141.72,0.82,,,,
2026-04-08 13:00,82,27.06,83.83,135.39,0.17,142.53,0.82,,,,
2026-04-08 14:00,83,27.37,84.9,136.3,0.21,143.02,0.82,,,,
2026-04-08 15:00,84,27.56,85.48,137.08,0.21,143.71,0.82,,,,
2026-04-08 16:00,83,27.51,85.23,137.3,0.19,143.5,0.82,,,,
2026-04-08 17:00,83,27.39,84.66,137.76,0.18,143.42,0.82,,,,
2026-04-08 18:00,83,27.18,83.94,137.93,0.17,143.23,0.81,,,,
2026-04-08 19:00,82,26.82,82.86,137.48,0.16,142.1,0.8,,,,
2026-04-08 20:00,81,26.5,82.04,137.29,0.15,141.19,0.79,,,,
2026-04-08 21:00,81,26.2,81.38,137.15,0.14,139.92,0.77,,,,
2026-04-08 22:00,80,25.9,80.62,137.44,0.13,138.46,0.75,,,,
2026-04-08 23:00,79,25.56,79.61,137.62,0.13,136.95,0.72,,,,
2026-04-09 00:00,79,25.27,78.7,138.03,0.12,135.4,0.69,,,,
2026-04-09 00:00,79,25.27,78.7,138.03,0.12,135.4,0.69,,,,
2026-04-09 01:00,78,25.06,78.09,138.13,0.11,133.72,0.65,,,,
2026-04-09 02:00,78,25.02,78.02,138.25,0.12,132.47,0.62,,,,
2026-04-09 03:00,78,25.1,78.24,138.48,0.13,131.82,0.59,,,,
2026-04-09 04:00,79,25.21,78.45,137.78,0.1,130.97,0.58,,,,
2026-04-09 05:00,79,25.4,78.76,137.24,0.07,129.9,0.59,,,,
2026-04-09 06:00,79,25.53,78.85,136.36,0.06,128.23,0.6,,,,
2026-04-09 07:00,79,25.57,78.39,135.12,0.05,125.49,0.59,,,,
2026-04-09 08:00,79,25.47,77.63,133.61,0.05,122.59,0.55,,,,
2026-04-09 09:00,79,25.31,76.87,131.89,0.05,119.63,0.5,,,,
2026-04-09 10:00,78,25.09,76.18,130.47,0.05,117.52,0.46,,,,
2026-04-09 11:00,78,24.73,75.12,129.22,0.05,115.61,0.41,,,,
2026-04-09 12:00,77,24.46,74.27,128.06,0.06,114.79,0.37,,,,
2026-04-09 13:00,77,24.3,73.68,127.66,0.07,114.87,0.34,,,,
2026-04-09 14:00,76,24.12,72.99,127.26,0.09,115.17,0.33,,,,
2026-04-09 15:00,76,23.98,72.28,127.28,0.09,115.37,0.33,,,,
2026-04-09 16:00,76,23.86,71.53,127.25,0.09,115.32,0.32,,,,
2026-04-09 17:00,76,23.9,71.2,127.69,0.08,114.58,0.31,,,,
2026-04-09 18:00,76,23.92,70.76,128.52,0.08,113.78,0.31,,,,
2026-04-09 19:00,76,23.77,69.91,129.25,0.07,112.4,0.3,,,,
2026-04-09 20:00,75,23.56,69.0,129.79,0.07,111.38,0.29,,,,
2026-04-09 21:00,75,23.33,68.22,130.25,0.06,110.53,0.28,,,,
2026-04-09 22:00,74,23.09,67.58,130.71,0.06,109.42,0.27,,,,
2026-04-09 23:00,74,22.91,67.31,131.27,0.06,108.39,0.26,,,,
2026-04-10 00:00,74,22.81,67.46,131.69,0.06,107.58,0.25,,,,
2026-04-10 00:00,74,22.81,67.46,131.69,0.06,107.58,0.25,,,,
2026-04-10 01:00,73,22.74,67.7,132.25,0.06,106.97,0.24,,,,
2026-04-10 02:00,73,22.7,67.91,132.68,0.06,106.12,0.24,,,,
2026-04-10 03:00,73,22.68,68.03,132.91,0.07,105.24,0.23,,,,
2026-04-10 04:00,73,22.64,68.01,133.21,0.06,104.11,0.25,,,,
2026-04-10 05:00,73,22.77,68.29,134.2,0.06,102.78,0.33,,,,
2026-04-10 06:00,74,23.19,68.86,135.86,0.07,101.39,0.5,,,,
2026-04-10 07:00,76,23.93,69.37,137.41,0.08,99.66,0.65,,,,
2026-04-10 08:00,77,24.63,69.39,138.14,0.08,97.36,0.68,,,,
2026-04-10 09:00,78,24.95,68.78,137.2,0.08,95.06,0.63,,,,
2026-04-10 10:00,77,24.53,67.28,134.71,0.07,92.97,0.5,,,,
2026-04-10 11:00,75,23.64,65.43,131.42,0.06,90.67,0.36,,,,
2026-04-10 12:00,73,22.77,63.98,128.57,0.05,89.12,0.26,,,,
2026-04-10 13:00,72,21.9,62.56,126.73,0.06,88.91,0.18,,,,
2026-04-10 14:00,71,21.59,62.17,126.41,0.07,88.15,0.13,,,,
2026-04-10 15:00,71,21.6,62.45,126.71,0.07,87.59,0.12,,,,
2026-04-10 16:00,71,21.69,62.88,126.97,0.06,87.43,0.12,,,,
2026-04-10 17:00,72,21.96,63.77,127.52,0.06,87.42,0.13,,,,
2026-04-10 18:00,72,22.24,64.88,127.89,0.06,87.66,0.15,,,,
2026-04-10 19:00,72,22.28,65.45,127.98,0.06,88.91,0.17,,,,
2026-04-10 20:00,72,22.01,65.44,127.89,0.06,91.26,0.2,,,,
2026-04-10 21:00,71,21.49,65.0,127.94,0.06,94.7,0.22,,,,
2026-04-10 22:00,70,20.9,64.61,128.98,0.07,99.07,0.24,,,,
2026-04-10 23:00,69,20.7,65.22,131.29,0.07,103.51,0.26,,,,
2026-04-11 00:00,70,21.28,67.81,134.43,0.07,107.69,0.28,,,,
2026-04-11 00:00,70,21.28,67.81,134.43,0.07,107.69,0.28,,,,
2026-04-11 01:00,73,22.69,72.06,138.46,0.08,111.07,0.3,,,,
2026-04-11 02:00,77,24.5,76.42,141.86,0.09,113.02,0.33,,,,
2026-04-11 03:00,81,26.29,79.99,144.32,0.1,113.68,0.35,,,,
2026-04-11 04:00,83,27.49,81.45,144.89,0.08,112.78,0.35,,,,
2026-04-11 05:00,85,28.16,81.25,144.81,0.06,111.01,0.34,,,,
2026-04-11 06:00,85,28.39,80.15,144.14,0.06,108.17,0.32,,,,
2026-04-11 07:00,85,28.31,78.86,142.76,0.06,104.52,0.29,,,,
2026-04-11 08:00,85,28.08,77.8,141.28,0.06,100.79,0.28,,,,
2026-04-11 09:00,84,27.75,77.52,139.79,0.06,97.6,0.27,,,,
2026-04-11 10:00,83,27.54,77.96,138.97,0.06,95.28,0.26,,,,
2026-04-11 11:00,83,27.34,78.07,137.89,0.07,93.21,0.27,,,,
2026-04-11 12:00,83,27.17,77.9,136.75,0.08,92.0,0.27,,,,
2026-04-11 13:00,83,27.11,77.64,136.38,0.11,91.81,0.28,,,,
2026-04-11 14:00,82,27.0,76.98,136.03,0.15,91.77,0.29,,,,
2026-04-11 15:00,82,26.94,76.3,135.79,0.16,91.99,0.3,,,,
2026-04-11 16:00,82,26.8,74.76,135.41,0.16,92.49,0.3,,,,
2026-04-11 17:00,81,26.54,71.74,134.95,0.15,93.57,0.3,,,,
2026-04-11 18:00,81,26.18,67.41,134.25,0.15,95.11,0.29,,,,
2026-04-11 19:00,80,25.71,62.9,133.02,0.14,96.71,0.28,,,,
2026-04-11 20:00,79,25.48,59.98,131.63,0.13,97.01,0.28,,,,
2026-04-11 21:00,79,25.44,58.46,130.55,0.12,96.83,0.29,,,,
2026-04-11 22:00,80,25.88,60.48,130.56,0.11,96.87,0.3,,,,
2026-04-11 23:00,83,27.54,69.11,131.11,0.11,96.84,0.3,,,,
2026-04-12 00:00,91,31.02,86.25,132.34,0.13,96.96,0.29,,,,
2026-04-12 00:00,91,31.02,86.25,132.34,0.13,96.96,0.29,,,,
2026-04-12 01:00,101,35.56,105.85,134.31,0.16,96.64,0.28,,,,
2026-04-12 02:00,111,39.61,120.66,135.85,0.2,95.51,0.26,,,,
2026-04-12 03:00,118,42.6,131.16,137.1,0.24,94.34,0.24,,,,
2026-04-12 04:00,122,43.96,134.6,137.97,0.21,92.86,0.21,,,,
2026-04-12 05:00,123,44.35,132.97,138.7,0.16,91.59,0.2,,,,
2026-04-12 06:00,123,44.34,130.2,139.25,0.13,90.37,0.19,,,,
2026-04-12 07:00,122,44.23,128.29,139.37,0.11,89.05,0.19,,,,
2026-04-12 08:00,123,44.3,128.42,139.06,0.1,87.04,0.18,,,,
2026-04-12 09:00,123,44.39,130.3,138.76,0.09,84.95,0.18,,,,
2026-04-12 10:00,124,44.98,135.02,138.58,0.09,83.82,0.19,,,,
2026-04-12 11:00,127,45.86,139.15,138.24,0.09,82.28,0.18,,,,
2026-04-12 12:00,129,46.69,143.33,138.02,0.11,81.84,0.18,,,,
2026-04-12 13:00,130,47.43,146.85,138.12,0.13,82.6,0.19,,,,
2026-04-12 14:00,132,48.11,148.47,138.65,0.17,82.94,0.21,,,,
2026-04-12 15:00,133,48.54,148.82,139.24,0.17,83.56,0.23,,,,
2026-04-12 16:00,133,48.32,146.83,139.6,0.17,84.2,0.26,,,,
2026-04-12 17:00,130,47.32,141.91,139.37,0.16,85.07,0.3,,,,
2026-04-12 18:00,125,45.2,133.58,138.85,0.15,85.81,0.32,,,,
2026-04-12 19:00,116,41.71,121.34,136.3,0.14,86.09,0.32,,,,
2026-04-12 20:00,105,37.07,105.01,132.18,0.13,86.3,0.29,,,,
2026-04-12 21:00,92,31.61,85.08,126.0,0.11,86.81,0.25,,,,
2026-04-12 22:00,81,26.25,66.62,119.49,0.11,87.68,0.23,,,,
2026-04-12 23:00,73,22.68,56.86,115.31,0.1,87.33,0.23,,,,
2026-04-13 00:00,71,21.38,56.57,113.71,0.11,86.03,0.24,,,,
2026-04-13 00:00,71,21.38,56.57,113.71,0.11,86.03,0.24,,,,
2026-04-13 01:00,72,22.01,63.42,114.02,0.12,83.93,0.25,,,,
2026-04-13 02:00,76,23.92,73.84,115.39,0.16,81.43,0.26,,,,
2026-04-13 03:00,82,26.7,86.68,117.29,0.2,79.03,0.27,,,,
2026-04-13 04:00,88,29.73,99.03,118.95,0.19,77.15,0.28,,,,
2026-04-13 05:00,94,32.74,109.24,120.97,0.16,76.15,0.3,,,,
2026-04-13 06:00,99,34.82,113.1,123.03,0.14,75.27,0.31,,,,
2026-04-13 07:00,98,34.68,106.56,124.43,0.12,74.25,0.32,,,,
2026-04-13 08:00,94,32.42,92.45,124.74,0.11,72.77,0.32,,,,
2026-04-13 09:00,87,29.04,76.25,124.08,0.1,71.21,0.31,,,,
2026-04-13 10:00,78,25.09,60.95,122.81,0.09,69.91,0.3,,,,
2026-04-13 11:00,70,21.25,48.86,120.91,0.09,68.83,0.29,,,,
2026-04-13 12:00,63,18.03,40.71,118.7,0.1,67.92,0.29,,,,
2026-04-13 13:00,59,15.69,35.93,117.4,0.12,67.82,0.3,,,,
2026-04-13 14:00,56,14.26,33.93,116.64,0.15,67.96,0.32,,,,
2026-04-13 15:00,54,13.57,33.71,116.67,0.16,68.8,0.35,,,,
2026-04-13 16:00,53,13.17,33.89,117.33,0.17,70.07,0.36,,,,
2026-04-13 17:00,53,12.89,33.91,118.09,0.17,71.37,0.37,,,,
2026-04-13 18:00,52,12.58,33.26,118.91,0.17,72.62,0.38,,,,
2026-04-13 19:00,51,12.25,32.1,118.98,0.17,73.53,0.37,,,,
2026-04-13 20:00,51,12.1,31.27,119.22,0.18,74.77,0.38,,,,
2026-04-13 21:00,500,12.09,30.87,119.41,0.18,76.03,0.38,,,,
2026-04-13 22:00,49,11.85,30.11,119.14,0.18,77.31,0.38,,,,
2026-04-13 23:00,48,11.57,30.4,118.16,0.18,78.72,0.38,,,,
2026-04-14 00:00,49,11.8,34.74,117.03,0.18,80.64,0.38,,,,
2026-04-14 00:00,49,11.8,34.74,117.03,0.18,80.64,0.38,,,,
2026-04-14 01:00,53,13.11,44.94,116.53,0.18,83.7,0.4,,,,
2026-04-14 02:00,57,15.16,57.2,116.81,0.21,86.72,0.43,,,,
2026-04-14 03:00,63,17.89,71.26,117.53,0.23,90.07,0.47,,,,
2026-04-14 04:00,70,21.19,85.93,117.94,0.21,93.52,0.51,,,,
2026-04-14 05:00,78,24.84,99.33,118.42,0.16,96.72,0.53,,,,
2026-04-14 06:00,85,28.21,108.39,118.67,0.13,99.16,0.55,,,,
2026-04-14 07:00,89,30.12,109.51,118.69,0.11,100.91,0.55,,,,
2026-04-14 08:00,89,29.98,102.72,118.74,0.1,101.83,0.55,,,,
2026-04-14 09:00,85,28.46,92.1,118.99,0.09,102.37,0.56,,,,
2026-04-14 10:00,81,26.54,81.41,120.24,0.09,103.58,0.58,,,,
2026-04-14 11:00,78,25.07,73.62,121.92,0.09,105.41,0.61,,,,
2026-04-14 12:00,77,24.67,70.11,124.14,0.11,107.73,0.64,,,,
2026-04-14 13:00,78,24.83,68.52,126.59,0.15,110.6,0.68,,,,
2026-04-14 14:00,78,25.08,67.27,128.97,0.2,113.62,0.71,,,,
2026-04-14 15:00,79,25.4,66.39,131.14,0.22,116.36,0.73,,,,
2026-04-14 16:00,79,25.32,65.03,132.22,0.22,118.24,0.73,,,,
2026-04-14 17:00,78,24.97,63.59,132.93,0.22,120.05,0.73,,,,
2026-04-14 18:00,77,24.41,62.1,133.28,0.22,121.71,0.71,,,,
2026-04-14 19:00,75,23.57,60.03,132.88,0.22,123.02,0.68,,,,
2026-04-14 20:00,73,22.69,57.72,132.42,0.22,123.97,0.64,,,,
2026-04-14 21:00,71,21.79,55.2,131.37,0.21,124.12,0.61,,,,
2026-04-14 22:00,70,21.04,52.88,130.32,0.2,124.15,0.58,,,,
2026-04-14 23:00,69,20.49,51.34,128.67,0.19,123.53,0.57,,,,
2026-04-15 00:00,68,20.27,51.32,127.2,0.18,122.47,0.57,,,,
2026-04-15 00:00,68,20.27,51.32,127.2,0.18,122.47,0.57,,,,
2026-04-15 01:00,69,20.44,53.53,126.48,0.17,121.66,0.58,,,,
2026-04-15 02:00,69,20.83,56.72,126.15,0.2,120.78,0.59,,,,
2026-04-15 03:00,70,21.17,59.71,126.14,0.21,119.81,0.6,,,,
2026-04-15 04:00,71,21.41,61.92,126.01,0.17,118.9,0.59,,,,
2026-04-15 05:00,71,21.61,63.91,125.82,0.12,117.9,0.58,,,,
2026-04-15 06:00,71,21.79,65.29,125.68,0.1,115.96,0.56,,,,
2026-04-15 07:00,71,21.84,65.36,125.4,0.09,113.81,0.54,,,,
2026-04-15 08:00,71,21.83,64.71,125.06,0.08,111.66,0.53,,,,
2026-04-15 09:00,71,21.82,64.32,124.81,0.08,109.69,0.52,,,,
2026-04-15 10:00,71,21.82,64.66,125.01,0.08,108.48,0.52,,,,
2026-04-15 11:00,71,21.73,66.05,124.31,0.09,107.32,0.52,,,,
2026-04-15 12:00,71,21.54,68.54,123.02,0.11,105.87,0.51,,,,
2026-04-15 13:00,70,21.15,71.4,121.33,0.14,104.62,0.5,,,,
2026-04-15 14:00,68,20.23,70.08,119.53,0.19,103.5,0.49,,,,
2026-04-15 15:00,65,18.74,62.91,118.54,0.2,104.08,0.48,,,,
2026-04-15 16:00,62,17.17,53.52,118.69,0.2,106.98,0.47,,,,
2026-04-15 17:00,60,16.24,47.58,120.05,0.21,111.4,0.47,,,,
2026-04-15 18:00,60,16.21,46.82,121.24,0.21,115.93,0.46,,,,
2026-04-15 19:00,61,17.0,50.33,121.78,0.2,117.68,0.44,,,,
2026-04-15 20:00,64,18.19,55.9,121.59,0.19,116.22,0.43,,,,
2026-04-15 21:00,67,19.56,63.1,120.71,0.18,112.96,0.42,,,,
2026-04-15 22:00,70,21.0,71.23,119.76,0.16,108.53,0.41,,,,
2026-04-15 23:00,73,22.34,78.33,118.75,0.15,103.86,0.4,,,,
2026-04-16 00:00,75,23.61,84.55,117.79,0.14,99.29,0.39,,,,
2026-04-16 00:00,75,23.61,84.55,117.79,0.14,99.29,0.39,,,,
2026-04-16 01:00,78,25.01,92.63,117.02,0.13,94.99,0.38,,,,
2026-04-16 02:00,81,26.4,100.21,116.6,0.13,90.6,0.37,,,,
2026-04-16 03:00,84,27.62,105.7,116.04,0.14,86.17,0.36,,,,
2026-04-16 04:00,85,28.39,107.37,115.04,0.11,82.35,0.33,,,,
2026-04-16 05:00,86,28.85,105.87,114.59,0.08,79.72,0.31,,,,
2026-04-16 06:00,86,28.97,102.14,114.27,0.07,77.59,0.29,,,,
2026-04-16 07:00,86,28.74,96.91,113.87,0.06,75.9,0.26,,,,
2026-04-16 08:00,85,28.22,91.04,113.26,0.05,74.62,0.24,,,,
2026-04-16 09:00,84,27.56,85.26,112.89,0.05,74.27,0.23,,,,
2026-04-16 10:00,82,26.85,80.15,113.08,0.06,75.34,0.22,,,,
2026-04-16 11:00,81,26.16,76.1,113.35,0.06,77.13,0.21,,,,
2026-04-16 12:00,79,25.65,73.64,113.97,0.08,79.77,0.21,,,,
2026-04-16 13:00,79,25.47,72.77,115.21,0.1,83.06,0.21,,,,
2026-04-16 14:00,80,25.83,73.44,115.99,0.13,84.8,0.21,,,,
2026-04-16 15:00,82,26.62,74.86,116.68,0.14,85.39,0.21,,,,
2026-04-16 16:00,84,27.6,76.35,116.69,0.14,85.26,0.21,,,,
2026-04-16 17:00,86,28.71,77.96,116.74,0.13,85.02,0.21,,,,
2026-04-16 18:00,89,30.02,79.8,116.52,0.13,84.49,0.22,,,,
2026-04-16 19:00,92,31.4,81.61,115.72,0.12,83.37,0.22,,,,
2026-04-16 20:00,94,32.77,83.09,114.97,0.11,82.65,0.22,,,,
2026-04-16 21:00,97,33.93,84.0,114.19,0.11,82.11,0.22,,,,
2026-04-16 22:00,99,34.84,84.19,113.59,0.1,81.82,0.22,,,,
2026-04-16 23:00,500,35.48,83.86,113.12,0.1,81.64,0.22,,,,
2026-04-17 00:00,102,35.73,83.16,112.86,0.1,81.64,0.22,,,,
2026-04-17 00:00,102,35.73,83.16,112.86,0.1,81.64,0.22,,,,
2026-04-17 01:00,101,35.5,82.02,112.93,0.1,81.79,0.22,,,,
2026-04-17 02:00,99,34.89,80.56,113.0,0.11,82.6,0.22,,,,
2026-04-17 03:00,96,33.66,78.39,113.27,0.11,84.38,0.23,,,,
2026-04-17 04:00,93,32.14,76.16,113.45,0.09,87.34,0.24,,,,
2026-04-17 05:00,93,32.02,76.94,113.44,0.07,86.36,0.24,,,,
2026-04-17 06:00,93,32.17,78.56,113.2,0.06,84.24,0.24,,,,
2026-04-17 07:00,93,32.3,81.0,112.39,0.05,81.79,0.23,,,,
2026-04-17 08:00,93,32.29,84.15,111.5,0.05,79.76,0.21,,,,
2026-04-17 09:00,93,32.24,88.14,110.58,0.05,78.59,0.2,,,,
2026-04-17 10:00,95,32.98,94.95,110.06,0.05,77.7,0.19,,,,
2026-04-17 11:00,99,34.94,105.45,109.46,0.05,76.12,0.17,,,,
2026-04-17 12:00,107,38.11,118.99,108.92,0.06,74.77,0.17,,,,
2026-04-17 13:00,118,42.5,134.82,108.79,0.07,74.73,0.16,,,,
2026-04-17 14:00,132,48.28,153.5,108.8,0.09,74.88,0.16,,,,
2026-04-17 15:00,149,55.14,173.89,109.19,0.09,74.92,0.17,,,,
2026-04-17 16:00,154,61.45,190.32,109.41,0.09,75.31,0.17,,,,
2026-04-17 17:00,157,66.42,201.56,110.27,0.08,75.73,0.17,,,,
2026-04-17 18:00,158,69.4,206.87,111.25,0.08,76.18,0.18,,,,
2026-04-17 19:00,158,69.63,205.41,111.83,0.07,76.67,0.19,,,,
2026-04-17 20:00,157,67.77,199.57,112.61,0.07,77.79,0.2,,,,
2026-04-17 21:00,156,64.77,192.06,113.24,0.07,78.95,0.21,,,,
2026-04-17 22:00,154,61.02,183.73,113.88,0.07,80.43,0.21,,,,
2026-04-17 23:00,152,57.21,175.57,114.38,0.07,82.14,0.22,,,,
2026-04-18 00:00,147,54.01,168.89,114.77,0.07,83.72,0.22,,,,
2026-04-18 00:00,147,54.01,168.89,114.77,0.07,83.72,0.22,,,,
2026-04-18 01:00,140,51.49,163.4,115.17,0.07,84.94,0.22,,,,
2026-04-18 02:00,136,49.66,159.12,115.46,0.07,86.29,0.22,,,,
2026-04-18 03:00,132,48.24,155.66,115.88,0.08,87.45,0.21,,,,
2026-04-18 04:00,129,47.03,153.05,116.2,0.06,88.5,0.21,,,,
2026-04-18 05:00,127,46.04,150.73,116.54,0.04,89.58,0.2,,,,
2026-04-18 06:00,125,45.19,148.69,116.88,0.04,90.23,0.2,,,,
2026-04-18 07:00,122,44.13,145.67,117.17,0.04,91.08,0.19,,,,
2026-04-18 08:00,119,42.86,141.01,117.28,0.04,91.81,0.18,,,,
2026-04-18 09:00,115,41.32,134.71,117.5,0.04,93.08,0.17,,,,
2026-04-18 10:00,111,39.57,127.61,118.47,0.04,95.6,0.17,,,,
2026-04-18 11:00,106,37.69,120.1,118.81,0.05,97.87,0.17,,,,
2026-04-18 12:00,102,35.96,113.51,118.58,0.06,99.76,0.17,,,,
2026-04-18 13:00,98,34.59,108.79,118.41,0.08,101.39,0.18,,,,
2026-04-18 14:00,96,33.65,105.69,117.66,0.1,101.6,0.18,,,,
2026-04-18 15:00,95,33.21,104.2,116.89,0.11,101.09,0.18,,,,
2026-04-18 16:00,95,33.13,103.73,116.23,0.1,100.23,0.18,,,,
2026-04-18 17:00,96,33.41,104.03,116.02,0.1,99.7,0.19,,,,
2026-04-18 18:00,97,33.83,104.38,116.19,0.1,99.14,0.2,,,,
2026-04-18 19:00,97,34.15,104.47,116.41,0.09,98.47,0.21,,,,
2026-04-18 20:00,98,34.3,104.36,116.66,0.09,98.57,0.22,,,,
2026-04-18 21:00,98,34.29,104.04,117.06,0.09,99.16,0.24,,,,
2026-04-18 22:00,97,34.15,103.58,117.72,0.09,100.42,0.26,,,,
2026-04-18 23:00,97,33.95,102.86,117.98,0.09,101.5,0.27,,,,
2026-04-19 00:00,96,33.61,101.72,118.22,0.08,102.58,0.28,,,,
2026-04-19 00:00,96,33.61,101.72,118.22,0.08,102.58,0.28,,,,
2026-04-19 01:00,95,33.14,100.04,118.49,0.08,104.2,0.3,,,,
2026-04-19 02:00,95,32.82,98.54,118.85,0.09,105.09,0.31,,,,
2026-04-19 03:00,94,32.71,97.46,119.16,0.1,105.41,0.31,,,,
2026-04-19 04:00,94,32.7,96.49,119.38,0.08,105.04,0.32,,,,
2026-04-19 05:00,95,32.82,95.66,119.63,0.06,104.65,0.34,,,,
2026-04-19 06:00,95,33.05,94.9,120.37,0.05,103.96,0.36,,,,
2026-04-19 07:00,96,33.34,94.12,120.99,0.05,103.2,0.38,,,,
2026-04-19 08:00,96,33.47,92.85,121.91,0.05,102.58,0.41,,,,
2026-04-19 09:00,96,33.32,91.12,122.62,0.05,102.57,0.43,,,,
2026-04-19 10:00,95,32.94,89.0,123.74,0.06,103.6,0.46,,,,
2026-04-19 11:00,94,32.48,86.79,124.44,0.07,104.53,0.48,,,,
2026-04-19 12:00,93,31.96,84.7,124.53,0.08,105.62,0.5,,,,
2026-04-19 13:00,92,31.5,83.09,124.96,0.11,107.61,0.53,,,,
2026-04-19 14:00,91,31.03,81.75,124.73,0.14,108.97,0.55,,,,
2026-04-19 15:00,90,30.49,80.36,124.1,0.14,109.83,0.57,,,,
2026-04-19 16:00,88,29.93,79.02,122.93,0.13,109.88,0.59,,,,
2026-04-19 17:00,88,29.49,78.14,122.04,0.12,109.93,0.6,,,,
2026-04-19 18:00,87,29.19,77.63,121.15,0.11,109.85,0.62,,,,
2026-04-19 19:00,87,29.01,77.27,120.2,0.11,109.11,0.62,,,,
2026-04-19 20:00,87,29.12,77.49,119.42,0.1,107.93,0.62,,,,
2026-04-19 21:00,87,29.44,78.13,118.96,0.1,106.66,0.62,,,,
2026-04-19 22:00,88,29.86,78.97,118.81,0.09,105.78,0.62,,,,
2026-04-19 23:00,89,30.2,79.75,118.69,0.09,105.3,0.62,,,,
2026-04-20 00:00,89,30.4,80.38,118.86,0.09,105.42,0.62,,,,
2026-04-20 00:00,89,30.4,80.38,118.86,0.09,105.42,0.62,,,,
2026-04-20 01:00,89,30.34,80.58,118.95,0.09,106.16,0.64,,,,
2026-04-20 02:00,89,30.22,80.57,119.1,0.1,106.94,0.65,,,,
2026-04-20 03:00,89,30.12,80.54,118.75,0.1,107.06,0.64,,,,
2026-04-20 04:00,89,30.06,80.48,117.85,0.08,106.07,0.61,,,,
2026-04-20 05:00,89,30.16,80.85,116.89,0.06,104.02,0.56,,,,
2026-04-20 06:00,90,30.44,81.67,115.64,0.05,100.71,0.5,,,,
2026-04-20 07:00,91,30.89,83.17,114.01,0.04,96.47,0.43,,,,
2026-04-20 08:00,92,31.43,85.26,112.42,0.04,91.79,0.36,,,,
2026-04-20 09:00,93,32.08,87.86,111.01,0.04,87.3,0.31,,,,
2026-04-20 10:00,95,33.1,91.65,110.27,0.04,83.29,0.27,,,,
2026-04-20 11:00,97,34.08,95.8,109.52,0.04,79.27,0.23,,,,
2026-04-20 12:00,99,34.87,99.73,109.12,0.05,76.24,0.22,,,,
2026-04-20 13:00,100,35.33,103.29,109.15,0.06,74.39,0.21,,,,
2026-04-20 14:00,500,35.43,106.08,109.21,0.08,72.81,0.21,,,,
2026-04-20 15:00,100,35.2,108.5,109.28,0.09,70.97,0.22,,,,
2026-04-20 16:00,99,34.75,109.95,109.25,0.08,69.35,0.22,,,,
2026-04-20 17:00,98,34.28,111.15,109.51,0.08,67.97,0.23,,,,
2026-04-20 18:00,97,33.77,111.8,109.84,0.08,66.9,0.24,,,,
2026-04-20 19:00,95,33.23,111.51,110.01,0.08,66.48,0.26,,,,
2026-04-20 20:00,95,32.91,110.73,110.29,0.07,66.61,0.28,,,,
2026-04-20 21:00,94,32.62,109.22,110.68,0.07,67.35,0.3,,,,
2026-04-20 22:00,94,32.33,107.2,110.81,0.07,68.64,0.32,,,,
2026-04-20 23:00,93,32.08,104.99,110.8,0.07,69.63,0.34,,,,
2026-04-21 00:00,93,31.89,102.83,110.69,0.07,69.71,0.34,,,,
2026-04-21 00:00,93,31.89,102.83,110.69,0.07,69.71,0.34,,,,
2026-04-21 01:00,92,31.74,100.83,110.56,0.07,70.34,0.35,,,,
2026-04-21 02:00,92,31.59,98.93,110.53,0.07,71.92,0.36,,,,
2026-04-21 03:00,92,31.46,97.47,110.5,0.07,73.67,0.37,,,,
2026-04-21 04:00,91,31.15,96.05,110.09,0.05,75.48,0.39,,,,
2026-04-21 05:00,90,30.86,95.11,109.8,0.04,76.16,0.39,,,,
2026-04-21 06:00,90,30.53,94.4,109.3,0.03,74.92,0.38,,,,
2026-04-21 07:00,89,30.09,93.74,108.37,0.03,71.94,0.37,,,,
2026-04-21 08:00,88,29.5,93.09,107.15,0.03,68.0,0.34,,,,
2026-04-21 09:00,86,28.74,92.28,105.58,0.03,63.94,0.31,,,,
2026-04-21 10:00,84,27.87,91.31,104.32,0.04,59.91,0.28,,,,
2026-04-21 11:00,82,26.73,89.75,102.69,0.04,56.13,0.25,,,,
2026-04-21 12:00,79,25.64,88.04,101.1,0.05,53.32,0.23,,,,
2026-04-21 13:00,78,24.75,86.63,100.06,0.06,51.56,0.21,,,,
2026-04-21 14:00,76,23.97,85.15,99.17,0.08,50.16,0.2,,,,
2026-04-21 15:00,75,23.35,83.81,98.57,0.08,49.09,0.2,,,,
2026-04-21 16:00,74,22.96,82.64,98.12,0.08,48.55,0.2,,,,
2026-04-21 17:00,73,22.76,81.97,97.94,0.08,48.25,0.2,,,,
2026-04-21 18:00,73,22.67,81.64,97.94,0.08,48.09,0.2,,,,
2026-04-21 19:00,73,22.6,81.65,97.69,0.08,48.17,0.21,,,,
2026-04-21 20:00,73,22.62,82.14,97.84,0.08,48.73,0.21,,,,
2026-04-21 21:00,73,22.69,82.7,97.94,0.08,49.52,0.22,,,,
2026-04-21 22:00,73,22.79,83.41,98.21,0.08,50.36,0.22,,,,
2026-04-21 23:00,74,22.87,83.96,98.18,0.07,50.87,0.22,,,,
2026-04-22 00:00,74,22.98,84.7,98.29,0.07,51.11,0.22,,,,
2026-04-22 00:00,74,22.98,84.7,98.29,0.07,51.11,0.22,,,,
2026-04-22 01:00,74,23.17,85.86,98.62,0.07,51.44,0.22,,,,
2026-04-22 02:00,75,23.45,87.14,98.78,0.08,51.7,0.22,,,,
2026-04-22 03:00,76,23.84,88.73,98.84,0.08,51.97,0.22,,,,
2026-04-22 04:00,76,24.19,90.16,98.71,0.07,52.13,0.22,,,,
2026-04-22 05:00,77,24.61,91.52,98.65,0.05,51.91,0.23,,,,
2026-04-22 06:00,78,25.05,92.99,98.47,0.05,51.36,0.23,,,,
2026-04-22 07:00,79,25.58,94.88,98.33,0.04,50.66,0.24,,,,
2026-04-22 08:00,81,26.2,97.38,98.23,0.04,50.06,0.25,,,,
2026-04-22 09:00,82,26.92,100.21,98.28,0.04,49.62,0.26,,,,
2026-04-22 10:00,84,27.81,103.27,98.75,0.05,49.3,0.27,,,,
2026-04-22 11:00,86,28.66,105.54,99.05,0.05,49.13,0.28,,,,
2026-04-22 12:00,88,29.5,106.98,99.4,0.06,49.36,0.3,,,,
2026-04-22 13:00,89,30.31,107.45,100.11,0.08,50.47,0.31,,,,
2026-04-22 14:00,91,30.89,106.26,100.7,0.1,51.92,0.31,,,,
2026-04-22 15:00,91,31.26,103.88,101.25,0.1,53.32,0.31,,,,
2026-04-22 16:00,92,31.49,101.28,101.73,0.1,54.12,0.31,,,,
2026-04-22 17:00,93,31.91,100.09,102.32,0.1,54.36,0.32,,,,
2026-04-22 18:00,94,32.37,99.65,103.0,0.1,54.37,0.33,,,,
2026-04-22 19:00,94,32.68,99.14,103.37,0.09,54.28,0.34,,,,
2026-04-22 20:00,94,32.77,98.17,103.43,0.09,54.24,0.34,,,,
2026-04-22 21:00,94,32.71,96.96,103.34,0.09,54.36,0.34,,,,
2026-04-22 22:00,94,32.59,95.46,103.25,0.09,54.63,0.33,,,,
2026-04-22 23:00,94,32.53,93.88,103.66,0.08,55.12,0.33,,,,
2026-04-23 00:00,94,32.45,92.12,104.17,0.08,55.83,0.33,,,,
2026-04-23 00:00,94,32.45,92.12,104.17,0.08,55.83,0.33,,,,
2026-04-23 01:00,94,32.39,90.41,104.68,0.08,56.37,0.33,,,,
2026-04-23 02:00,94,32.45,89.17,105.07,0.09,56.23,0.33,,,,
2026-04-23 03:00,94,32.6,88.29,105.05,0.09,55.69,0.33,,,,
2026-04-23 04:00,94,32.73,87.65,104.87,0.08,54.99,0.33,,,,
2026-04-23 05:00,95,32.88,87.03,104.99,0.06,54.43,0.33,,,,
2026-04-23 06:00,95,32.95,86.04,105.08,0.06,53.65,0.33,,,,
2026-04-23 07:00,95,32.94,84.76,105.07,0.05,52.72,0.32,,,,
2026-04-23 08:00,95,32.88,83.33,105.02,0.05,51.77,0.32,,,,
2026-04-23 09:00,95,32.81,82.03,104.96,0.05,50.97,0.31,,,,
2026-04-23 10:00,95,32.86,81.03,105.26,0.05,50.47,0.31,,,,
2026-04-23 11:00,95,32.9,80.21,105.45,0.06,50.26,0.31,,,,
2026-04-23 12:00,95,33.0,79.84,105.61,0.07,50.32,0.32,,,,
2026-04-23 13:00,95,33.24,79.91,105.96,0.09,50.64,0.32,,,,
2026-04-23 14:00,96,33.37,79.79,106.31,0.11,50.66,0.32,,,,
2026-04-23 15:00,96,33.47,79.64,106.49,0.12,50.46,0.31,,,,
2026-04-23 16:00,96,33.44,79.37,106.32,0.12,50.06,0.3,,,,
2026-04-23 17:00,96,33.47,79.42,106.37,0.12,49.78,0.3,,,,
2026-04-23 18:00,96,33.5,79.48,106.39,0.11,49.39,0.3,,,,
2026-04-23 19:00,96,33.42,79.3,106.24,0.11,48.89,0.29,,,,
2026-04-23 20:00,96,33.42,79.26,106.01,0.11,48.37,0.3,,,,
2026-04-23 21:00,96,33.43,79.21,105.8,0.1,47.75,0.3,,,,
2026-04-23 22:00,96,33.46,79.03,105.63,0.1,47.19,0.31,,,,
2026-04-23 23:00,96,33.5,78.66,105.55,0.1,46.6,0.31,,,,
2026-04-24 00:00,96,33.56,78.25,105.5,0.1,46.23,0.3,,,,
2026-04-24 00:00,96,33.56,78.25,105.5,0.1,46.23,0.3,,,,
2026-04-24 01:00,96,33.58,77.75,105.44,0.1,46.03,0.3,,,,
2026-04-24 02:00,96,33.6,76.96,105.47,0.11,46.07,0.3,,,,
2026-04-24 03:00,96,33.52,75.73,105.64,0.11,46.48,0.29,,,,
2026-04-24 04:00,95,33.21,74.07,105.83,0.08,47.4,0.29,,,,
2026-04-24 05:00,95,32.87,72.65,106.3,0.07,48.52,0.28,,,,
2026-04-24 06:00,94,32.64,71.44,106.63,0.06,49.21,0.27,,,,
2026-04-24 07:00,94,32.56,70.43,106.95,0.05,49.08,0.27,,,,
2026-04-24 08:00,94,32.65,69.37,106.81,0.05,48.1,0.27,,,,
2026-04-24 09:00,95,32.8,68.47,106.51,0.05,47.11,0.28,,,,
2026-04-24 10:00,95,32.96,67.82,106.7,0.06,46.82,0.29,,,,
2026-04-24 11:00,95,32.94,67.2,106.63,0.06,47.21,0.29,,,,
2026-04-24 12:00,95,32.92,67.02,106.71,0.07,48.2,0.29,,,,
2026-04-24 13:00,95,33.11,67.46,107.01,0.09,49.18,0.29,,,,
2026-04-24 14:00,96,33.3,67.8,106.91,0.12,49.72,0.28,,,,
2026-04-24 15:00,96,33.55,68.21,106.75,0.12,49.8,0.28,,,,
2026-04-24 16:00,96,33.71,68.54,106.54,0.12,49.74,0.26,,,,
2026-04-24 17:00,97,33.96,68.86,106.53,0.12,49.7,0.25,,,,
2026-04-24 18:00,97,34.19,69.23,106.73,0.12,49.7,0.25,,,,
2026-04-24 19:00,98,34.31,69.78,106.77,0.12,49.77,0.24,,,,
2026-04-24 20:00,98,34.43,71.0,106.8,0.12,49.8,0.24,,,,
2026-04-24 21:00,98,34.61,72.95,106.62,0.11,49.74,0.24,,,,
2026-04-24 22:00,99,34.97,75.61,106.6,0.11,49.35,0.25,,,,
2026-04-24 23:00,100,35.37,78.25,106.27,0.11,48.79,0.26,,,,
2026-04-25 00:00,102,35.73,81.17,106.11,0.11,48.32,0.25,,,,
2026-04-25 00:00,102,35.73,81.17,106.11,0.11,48.32,0.25,,,,
2026-04-25 01:00,102,35.99,84.35,105.62,0.11,48.09,0.25,,,,
2026-04-25 02:00,103,36.26,87.3,105.49,0.12,47.87,0.24,,,,
2026-04-25 03:00,103,36.4,89.87,105.53,0.12,47.95,0.23,,,,
2026-04-25 04:00,103,36.42,92.23,105.51,0.1,48.16,0.22,,,,
2026-04-25 05:00,103,36.46,94.59,105.34,0.08,48.34,0.22,,,,
2026-04-25 06:00,103,36.48,96.74,105.28,0.07,48.34,0.22,,,,
2026-04-25 07:00,103,36.47,98.33,105.07,0.06,47.99,0.23,,,,
2026-04-25 08:00,103,36.39,99.13,104.71,0.06,47.3,0.23,,,,
2026-04-25 09:00,103,36.32,100.22,104.35,0.06,46.62,0.24,,,,
2026-04-25 10:00,103,36.37,102.0,104.37,0.06,46.67,0.26,,,,
2026-04-25 11:00,103,36.39,103.38,103.96,0.06,46.99,0.29,,,,
2026-04-25 12:00,103,36.49,105.06,103.93,0.07,48.04,0.34,,,,
2026-04-25 13:00,104,36.84,107.33,104.55,0.1,50.11,0.39,,,,
2026-04-25 14:00,105,37.09,108.24,105.16,0.13,52.42,0.44,,,,
2026-04-25 15:00,105,37.2,107.63,105.79,0.14,54.57,0.49,,,,
2026-04-25 16:00,105,37.02,105.59,106.18,0.15,56.31,0.52,,,,
2026-04-25 17:00,104,36.7,102.82,106.62,0.15,57.83,0.54,,,,
2026-04-25 18:00,103,36.21,99.42,106.95,0.15,59.2,0.54,,,,
2026-04-25 19:00,500,35.48,95.8,107.06,0.15,60.19,0.53,,,,
2026-04-25 20:00,99,34.76,92.57,106.66,0.14,60.49,0.5,,,,
2026-04-25 21:00,97,34.2,90.22,106.31,0.14,60.34,0.46,,,,
2026-04-25 22:00,97,34.01,88.95,106.15,0.14,60.0,0.41,,,,
2026-04-25 23:00,97,34.17,88.33,105.95,0.14,59.63,0.37,,,,
2026-04-26 00:00,98,34.67,88.99,105.94,0.14,60.04,0.35,,,,
2026-04-26 00:00,98,34.67,88.99,105.94,0.14,60.04,0.35,,,,
2026-04-26 01:00,100,35.37,90.83,106.2,0.13,61.1,0.34,,,,
2026-04-26 02:00,103,36.19,93.21,106.68,0.15,62.45,0.33,,,,
2026-04-26 03:00,105,37.02,95.6,107.25,0.15,63.73,0.33,,,,
2026-04-26 04:00,106,37.71,97.82,107.75,0.13,64.78,0.33,,,,
2026-04-26 05:00,108,38.39,99.87,108.11,0.1,65.49,0.33,,,,
2026-04-26 06:00,110,39.03,101.5,108.52,0.08,65.65,0.33,,,,
2026-04-26 07:00,111,39.62,103.01,108.65,0.07,65.31,0.33,,,,
2026-04-26 08:00,112,40.07,104.66,108.71,0.07,64.69,0.34,,,,
2026-04-26 09:00,113,40.37,106.25,108.77,0.07,64.08,0.34,,,,
2026-04-26 10:00,114,40.69,107.78,109.25,0.07,63.91,0.36,,,,
2026-04-26 11:00,113,40.55,108.05,109.3,0.07,63.61,0.37,,,,
2026-04-26 12:00,112,39.87,107.42,109.26,0.08,63.4,0.37,,,,
2026-04-26 13:00,109,38.78,106.26,109.55,0.1,63.24,0.35,,,,
2026-04-26 14:00,105,37.14,103.86,109.27,0.13,62.94,0.33,,,,
2026-04-26 15:00,100,35.21,101.22,108.56,0.14,63.19,0.3,,,,
2026-04-26 16:00,96,33.57,99.3,107.61,0.13,64.11,0.28,,,,
2026-04-26 17:00,94,32.69,97.61,106.72,0.13,65.02,0.29,,,,
2026-04-26 18:00,94,32.55,96.74,106.04,0.12,66.15,0.3,,,,
2026-04-26 19:00,95,33.01,97.2,105.92,0.12,67.62,0.32,,,,
2026-04-26 20:00,97,33.86,98.57,106.19,0.11,68.99,0.33,,,,
2026-04-26 21:00,99,34.76,100.01,106.52,0.11,70.27,0.34,,,,
2026-04-26 22:00,101,35.68,101.49,106.94,0.11,71.37,0.36,,,,
2026-04-26 23:00,104,36.52,102.78,107.52,0.11,72.44,0.37,,,,
2026-04-27 00:00,105,37.16,103.74,107.99,0.11,73.2,0.38,,,,
2026-04-27 00:00,105,37.16,103.74,107.99,0.11,73.2,0.38,,,,
2026-04-27 01:00,106,37.49,104.23,108.34,0.11,73.77,0.38,,,,
2026-04-27 02:00,106,37.51,104.19,108.82,0.13,74.08,0.39,,,,
2026-04-27 03:00,105,37.09,103.58,109.45,0.14,73.96,0.38,,,,
2026-04-27 04:00,102,36.1,101.39,109.62,0.12,73.46,0.37,,,,
2026-04-27 05:00,99,34.96,96.96,109.53,0.09,72.47,0.35,,,,
2026-04-27 06:00,97,33.8,90.79,109.48,0.08,71.09,0.34,,,,
2026-04-27 07:00,94,32.7,84.51,109.16,0.07,69.32,0.33,,,,
2026-04-27 08:00,92,31.61,79.29,108.34,0.07,67.43,0.33,,,,
2026-04-27 09:00,90,30.61,75.79,107.32,0.06,66.04,0.32,,,,
2026-04-27 10:00,88,29.78,74.04,106.41,0.06,65.53,0.32,,,,
2026-04-27 11:00,86,28.85,72.55,105.23,0.07,65.85,0.33,,,,
2026-04-27 12:00,85,28.04,71.4,104.11,0.07,66.87,0.35,,,,
2026-04-27 13:00,84,27.63,71.34,103.96,0.09,68.57,0.37,,,,
2026-04-27 14:00,84,27.56,71.91,104.22,0.12,70.44,0.4,,,,
2026-04-27 15:00,84,27.84,73.19,105.11,0.13,72.56,0.44,,,,
2026-04-27 16:00,85,28.36,74.83,106.23,0.13,74.65,0.48,,,,
2026-04-27 17:00,87,29.15,76.98,107.78,0.14,77.19,0.53,,,,
2026-04-27 18:00,89,30.11,79.34,109.68,0.14,80.17,0.59,,,,
2026-04-27 19:00,91,30.96,81.27,111.32,0.14,82.99,0.64,,,,
2026-04-27 20:00,92,31.67,82.81,112.76,0.14,85.27,0.66,,,,
2026-04-27 21:00,93,32.18,84.3,113.97,0.14,86.72,0.67,,,,
2026-04-27 22:00,94,32.54,85.99,114.88,0.13,87.7,0.66,,,,
2026-04-27 23:00,95,32.81,87.64,115.7,0.13,88.3,0.66,,,,
2026-04-28 00:00,95,32.98,88.88,116.2,0.12,88.23,0.65,,,,
2026-04-28 00:00,95,32.98,88.88,116.2,0.12,88.23,0.65,,,,
2026-04-28 01:00,95,33.0,89.25,116.27,0.12,87.32,0.63,,,,
2026-04-28 02:00,95,32.82,88.57,116.4,0.14,85.74,0.6,,,,
2026-04-28 03:00,94,32.42,87.13,116.58,0.15,83.6,0.57,,,,
2026-04-28 04:00,92,31.82,84.85,116.61,0.12,82.05,0.54,,,,
2026-04-28 05:00,91,31.22,82.36,116.11,0.1,80.71,0.53,,,,
2026-04-28 06:00,91,31.0,80.96,115.65,0.09,78.58,0.52,,,,
2026-04-28 07:00,91,31.08,80.73,114.85,0.08,75.97,0.51,,,,
2026-04-28 08:00,91,31.27,80.91,114.27,0.07,73.7,0.5,,,,
2026-04-28 09:00,91,31.34,80.98,113.58,0.07,72.58,0.51,,,,
2026-04-28 10:00,92,31.39,81.18,113.5,0.07,72.91,0.54,,,,
2026-04-28 11:00,92,31.42,81.4,113.3,0.08,74.05,0.58,,,,
2026-04-28 12:00,92,31.61,82.26,113.65,0.09,75.7,0.62,,,,
2026-04-28 13:00,93,32.06,84.11,114.73,0.12,77.67,0.66,,,,
2026-04-28 14:00,94,32.48,86.08,115.62,0.15,78.58,0.68,,,,
2026-04-28 15:00,95,32.93,88.14,116.29,0.15,78.11,0.66,,,,
2026-04-28 16:00,95,33.23,89.16,116.68,0.14,77.03,0.62,,,,
2026-04-28 17:00,96,33.36,88.05,116.9,0.13,75.84,0.58,,,,
2026-04-28 18:00,96,33.41,85.29,117.32,0.11,75.35,0.54,,,,
2026-04-28 19:00,96,33.32,81.95,117.81,0.11,75.51,0.52,,,,
2026-04-28 20:00,96,33.33,80.33,118.66,0.1,76.42,0.5,,,,
2026-04-28 21:00,96,33.52,80.92,119.56,0.1,77.54,0.49,,,,
2026-04-28 22:00,97,33.91,83.25,120.61,0.1,78.39,0.48,,,,
2026-04-28 23:00,98,34.4,85.82,121.88,0.1,78.72,0.48,,,,
2026-04-29 00:00,99,34.82,88.15,122.92,0.1,79.1,0.48,,,,
2026-04-29 00:00,99,34.82,88.15,122.92,0.1,79.1,0.48,,,,
2026-04-29 01:00,99,35.08,89.59,123.41,0.1,79.33,0.48,,,,
2026-04-29 02:00,100,35.34,90.49,124.05,0.12,79.38,0.48,,,,
2026-04-29 03:00,101,35.52,91.01,124.48,0.12,79.21,0.48,,,,
2026-04-29 04:00,101,35.54,91.0,124.44,0.1,78.9,0.48,,,,
2026-04-29 05:00,101,35.56,90.82,124.78,0.08,78.88,0.48,,,,
2026-04-29 06:00,101,35.59,90.35,124.85,0.07,78.94,0.49,,,,
2026-04-29 07:00,101,35.57,89.44,124.34,0.06,78.61,0.5,,,,
2026-04-29 08:00,100,35.39,87.48,123.52,0.06,77.99,0.5,,,,
2026-04-29 09:00,99,34.88,84.06,122.51,0.06,77.64,0.5,,,,
2026-04-29 10:00,97,33.95,79.17,121.92,0.06,78.2,0.5,,,,
2026-04-29 11:00,94,32.67,74.23,120.82,0.06,78.97,0.5,,,,
2026-04-29 12:00,92,31.47,70.84,119.7,0.08,79.86,0.5,,,,
2026-04-29 13:00,90,30.57,68.95,119.0,0.1,81.19,0.52,,,,
2026-04-29 14:00,88,29.91,67.82,118.17,0.14,82.64,0.56,,,,
2026-04-29 15:00,88,29.63,67.48,117.76,0.15,84.89,0.63,,,,
2026-04-29 16:00,88,29.88,68.66,117.23,0.16,87.54,0.71,,,,
2026-04-29 17:00,90,30.85,71.52,117.36,0.16,90.68,0.79,,,,
2026-04-29 18:00,94,32.45,75.8,117.78,0.15,93.61,0.86,,,,
2026-04-29 19:00,98,34.29,80.76,118.09,0.15,95.72,0.89,,,,
2026-04-29 20:00,102,35.75,84.68,118.07,0.15,95.87,0.88,,,,
2026-04-29 21:00,104,36.62,87.03,117.64,0.14,94.61,0.84,,,,
2026-04-29 22:00,105,36.99,88.28,117.32,0.13,93.16,0.79,,,,
2026-04-29 23:00,104,36.87,88.65,117.01,0.12,92.09,0.75,,,,
2026-04-30 00:00,104,36.67,88.96,116.84,0.12,91.67,0.72,,,,
2026-04-30 00:00,104,36.67,88.96,116.84,0.12,91.67,0.72,,,,
2026-04-30 01:00,103,36.47,89.14,116.68,0.12,91.33,0.69,,,,
2026-04-30 02:00,104,36.56,90.24,116.61,0.14,89.8,0.64,,,,
2026-04-30 03:00,104,36.84,92.71,116.6,0.14,86.81,0.59,,,,
2026-04-30 04:00,105,37.17,95.87,116.27,0.12,82.53,0.53,,,,
2026-04-30 05:00,106,37.43,98.62,115.45,0.09,77.73,0.48,,,,
2026-04-30 06:00,106,37.44,99.75,114.34,0.08,72.41,0.44,,,,
2026-04-30 07:00,105,37.02,98.65,112.66,0.07,67.38,0.4,,,,
2026-04-30 08:00,103,36.35,96.12,110.99,0.07,63.31,0.38,,,,
2026-04-30 09:00,101,35.59,93.46,109.5,0.06,60.4,0.37,,,,
2026-04-30 10:00,99,34.98,91.75,108.32,0.06,58.97,0.37,,,,
2026-04-30 11:00,98,34.65,91.36,107.3,0.07,58.83,0.38,,,,
2026-04-30 12:00,99,34.71,92.54,106.71,0.08,59.93,0.41,,,,
2026-04-30 13:00,100,35.23,95.08,106.84,0.1,62.44,0.45,,,,
2026-04-30 14:00,102,35.9,97.21,107.31,0.13,65.19,0.49,,,,
2026-04-30 15:00,103,36.51,99.08,108.07,0.14,67.78,0.54,,,,
2026-04-30 16:00,104,36.84,100.28,108.81,0.14,69.4,0.56,,,,
2026-04-30 17:00,105,37.0,101.05,109.32,0.14,70.2,0.55,,,,
2026-04-30 18:00,105,37.0,101.79,109.52,0.13,70.55,0.54,,,,
2026-04-30 19:00,104,36.79,102.2,109.13,0.13,70.44,0.51,,,,
2026-04-30 20:00,104,36.6,103.06,108.49,0.12,70.59,0.49,,,,
2026-04-30 21:00,104,36.58,104.72,107.7,0.12,71.05,0.49,,,,
2026-04-30 22:00,104,36.84,107.24,106.99,0.11,71.83,0.49,,,,
2026-04-30 23:00,105,37.22,110.11,106.61,0.11,72.69,0.49,,,,
2026-05-01 00:00,106,37.57,112.81,106.55,0.11,73.35,0.49,,,,
2026-05-01 00:00,106,37.57,112.81,106.55,0.11,73.35,0.49,,,,
2026-05-01 01:00,107,37.78,114.81,106.01,0.11,73.76,0.5,,,,
2026-05-01 02:00,107,37.77,114.35,105.45,0.13,73.94,0.53,,,,
2026-05-01 03:00,106,37.58,111.96,104.87,0.14,73.84,0.57,,,,
2026-05-01 04:00,106,37.47,109.47,104.57,0.12,74.16,0.62,,,,
2026-05-01 05:00,106,37.72,108.53,104.49,0.11,74.66,0.67,,,,
2026-05-01 06:00,108,38.51,109.78,104.76,0.09,75.46,0.7,,,,
2026-05-01 07:00,111,39.49,111.81,105.08,0.08,76.05,0.71,,,,
2026-05-01 08:00,113,40.49,113.22,105.39,0.08,76.24,0.7,,,,
2026-05-01 09:00,116,41.57,114.18,105.57,0.07,76.39,0.68,,,,
2026-05-01 10:00,119,42.63,114.55,106.15,0.07,76.87,0.66,,,,
2026-05-01 11:00,120,43.09,113.4,106.19,0.07,77.33,0.65,,,,
2026-05-01 12:00,119,42.92,111.21,106.24,0.08,77.94,0.64,,,,
2026-05-01 13:00,118,42.53,108.85,106.7,0.1,78.95,0.65,,,,
2026-05-01 14:00,117,42.01,106.33,107.08,0.13,80.38,0.66,,,,
2026-05-01 15:00,116,41.63,104.96,107.66,0.14,82.06,0.67,,,,
2026-05-01 16:00,116,41.44,104.84,108.17,0.14,83.85,0.7,,,,
2026-05-01 17:00,116,41.6,105.27,108.94,0.14,86.29,0.78,,,,
2026-05-01 18:00,117,41.85,105.33,109.88,0.14,89.15,0.89,,,,
2026-05-01 19:00,117,41.81,104.12,110.93,0.14,92.1,0.99,,,,
2026-05-01 20:00,115,41.15,101.21,111.86,0.14,94.35,1.05,,,,
2026-05-01 21:00,113,40.4,98.37,112.48,0.13,95.54,1.06,,,,
2026-05-01 22:00,112,40.12,97.49,113.1,0.13,95.93,1.06,,,,
2026-05-01 23:00,113,40.32,99.04,113.55,0.12,95.18,1.04,,,,
2026-05-02 00:00,114,40.74,102.13,113.98,0.12,93.99,1.01,,,,
2026-05-02 00:00,114,40.74,102.13,113.98,0.12,93.99,1.01,,,,
2026-05-02 01:00,115,41.04,104.69,113.96,0.11,92.47,0.98,,,,
2026-05-02 02:00,115,41.32,105.95,114.2,0.14,91.14,0.96,,,,
2026-05-02 03:00,115,41.36,106.16,114.49,0.15,89.91,0.95,,,,
2026-05-02 04:00,114,40.85,104.68,114.47,0.13,89.05,0.95,,,,
2026-05-02 05:00,112,39.95,102.18,114.3,0.11,89.2,0.96,,,,
2026-05-02 06:00,109,38.9,99.69,114.14,0.1,89.9,0.97,,,,
2026-05-02 07:00,107,37.78,97.54,113.93,0.08,90.35,0.97,,,,
2026-05-02 08:00,104,36.53,95.07,113.14,0.08,90.22,0.96,,,,
2026-05-02 09:00,100,35.17,92.15,112.1,0.07,90.04,0.96,,,,
2026-05-02 10:00,97,34.02,89.97,111.84,0.07,90.89,1.0,,,,
2026-05-02 11:00,96,33.55,89.68,111.83,0.08,92.07,1.09,,,,
2026-05-02 12:00,97,34.02,91.11,112.55,0.1,93.37,1.21,,,,
2026-05-02 13:00,99,35.08,93.44,113.92,0.14,94.91,1.33,,,,
2026-05-02 14:00,103,36.15,95.41,115.06,0.2,96.66,1.44,,,,
2026-05-02 15:00,105,37.06,97.09,116.01,0.23,99.56,1.54,,,,
2026-05-02 16:00,107,37.76,98.29,116.79,0.22,102.82,1.6,,,,
2026-05-02 17:00,109,38.62,100.11,117.53,0.21,104.81,1.59,,,,
2026-05-02 18:00,111,39.55,102.28,117.95,0.19,104.78,1.54,,,,
2026-05-02 19:00,113,40.21,104.13,117.95,0.17,102.96,1.44,,,,
2026-05-02 20:00,113,40.52,105.13,118.25,0.15,101.51,1.34,,,,
2026-05-02 21:00,113,40.26,104.2,118.75,0.14,100.7,1.27,,,,
2026-05-02 22:00,111,39.49,101.15,119.31,0.13,100.54,1.2,,,,
2026-05-02 23:00,109,38.67,97.94,120.08,0.13,100.48,1.13,,,,
2026-05-03 00:00,107,37.81,94.79,120.59,0.12,100.57,1.08,,,,
2026-05-03 00:00,107,37.81,94.79,120.59,0.12,100.57,1.08,,,,
2026-05-03 01:00,105,36.94,91.98,120.88,0.12,101.31,1.06,,,,
2026-05-03 02:00,103,36.14,90.05,121.2,0.15,102.77,1.07,,,,
2026-05-03 03:00,500,35.43,88.99,121.23,0.16,103.79,1.08,,,,
2026-05-03 04:00,99,34.91,88.31,121.35,0.13,103.99,1.09,,,,
2026-05-03 05:00,98,34.39,87.28,121.45,0.11,103.53,1.08,,,,
2026-05-03 06:00,97,33.74,85.43,121.23,0.09,102.43,1.07,,,,
2026-05-03 07:00,95,32.96,82.68,120.61,0.09,100.36,1.06,,,,
2026-05-03 08:00,94,32.43,80.77,119.65,0.08,97.63,1.06,,,,
2026-05-03 09:00,93,32.24,80.27,118.91,0.08,95.5,1.08,,,,
2026-05-03 10:00,93,32.29,80.6,118.99,0.08,95.1,1.13,,,,
2026-05-03 11:00,94,32.48,81.32,119.66,0.09,95.97,1.18,,,,
2026-05-03 12:00,95,32.82,82.94,120.7,0.11,97.68,1.21,,,,
2026-05-03 13:00,96,33.34,85.21,122.07,0.14,99.96,1.22,,,,
2026-05-03 14:00,97,34.07,87.58,123.44,0.18,101.8,1.2,,,,
2026-05-03 15:00,99,34.89,90.2,124.7,0.2,103.67,1.18,,,,
2026-05-03 16:00,101,35.65,92.93,125.44,0.19,105.02,1.14,,,,
2026-05-03 17:00,103,36.38,96.12,126.14,0.17,106.09,1.09,,,,
2026-05-03 18:00,105,36.99,100.16,126.38,0.16,106.71,1.02,,,,
2026-05-03 19:00,106,37.43,105.69,125.78,0.14,106.72,0.93,,,,
2026-05-03 20:00,107,37.97,110.6,125.12,0.13,106.33,0.84,,,,
2026-05-03 21:00,108,38.42,113.28,124.78,0.12,105.69,0.77,,,,
2026-05-03 22:00,109,38.57,113.07,125.49,0.13,105.36,0.72,,,,
2026-05-03 23:00,107,38.01,109.45,126.56,0.15,104.92,0.67,,,,
2026-05-04 00:00,103,36.32,102.35,127.91,0.18,105.31,0.63,,,,
2026-05-04 00:00,103,36.32,102.35,127.91,0.18,105.31,0.63,,,,
2026-05-04 01:00,97,33.77,93.57,129.49,0.22,107.17,0.6,,,,
2026-05-04 02:00,92,31.45,87.4,129.36,0.32,109.0,0.56,,,,
2026-05-04 03:00,89,29.99,85.19,128.01,0.36,110.59,0.53,,,,
2026-05-04 04:00,87,29.34,85.42,125.95,0.3,111.15,0.48,,,,
2026-05-04 05:00,87,29.4,87.89,123.97,0.23,111.58,0.43,,,,
2026-05-04 06:00,89,30.04,92.76,122.22,0.18,111.36,0.4,,,,
2026-05-04 07:00,91,31.12,98.38,120.73,0.14,110.48,0.38,,,,
2026-05-04 08:00,93,31.97,102.55,119.46,0.12,108.0,0.34,,,,
2026-05-04 09:00,94,32.49,107.33,118.34,0.1,105.21,0.31,,,,
2026-05-04 10:00,95,32.81,112.96,117.61,0.09,103.05,0.28,,,,
2026-05-04 11:00,95,32.91,117.41,116.94,0.09,101.41,0.27,,,,
2026-05-04 12:00,95,33.02,119.65,116.87,0.09,99.97,0.29,,,,
2026-05-04 13:00,95,33.16,119.0,117.51,0.11,98.85,0.32,,,,
2026-05-04 14:00,95,33.26,115.5,118.74,0.13,97.66,0.35,,,,
2026-05-04 15:00,95,33.26,112.74,120.2,0.14,97.0,0.4,,,,
2026-05-04 16:00,95,33.0,110.93,121.14,0.13,97.96,0.45,,,,
2026-05-04 17:00,95,33.03,108.18,122.36,0.11,99.35,0.5,,,,
2026-05-04 18:00,96,33.4,104.52,123.69,0.1,100.54,0.55,,,,
2026-05-04 19:00,97,34.06,100.84,125.13,0.1,101.1,0.59,,,,
2026-05-04 20:00,98,34.56,97.51,126.18,0.09,100.96,0.61,,,,
2026-05-04 21:00,99,34.77,95.11,126.48,0.09,100.32,0.6,,,,
2026-05-04 22:00,98,34.61,92.72,126.06,0.08,99.03,0.57,,,,
2026-05-04 23:00,98,34.26,90.47,125.49,0.08,97.2,0.53,,,,
2026-05-05 00:00,97,33.78,88.66,124.8,0.08,94.87,0.49,,,,
2026-05-05 00:00,97,33.78,88.66,124.8,0.08,94.87,0.49,,,,
2026-05-05 01:00,95,33.17,87.3,123.95,0.08,92.36,0.47,,,,
2026-05-05 02:00,94,32.55,86.85,123.58,0.1,89.49,0.45,,,,
2026-05-05 03:00,92,31.56,86.68,123.19,0.1,85.4,0.44,,,,
2026-05-05 04:00,89,29.98,86.06,121.93,0.08,80.19,0.44,,,,
2026-05-05 05:00,85,28.08,85.52,120.93,0.06,73.94,0.44,,,,
2026-05-05 06:00,80,25.87,84.83,119.9,0.06,67.21,0.44,,,,
2026-05-05 07:00,75,23.56,84.16,118.78,0.05,60.84,0.43,,,,
2026-05-05 08:00,72,21.9,83.87,118.05,0.05,56.32,0.42,,,,
2026-05-05 09:00,69,20.82,84.16,117.34,0.05,53.34,0.4,,,,
2026-05-05 10:00,68,20.08,84.73,117.09,0.05,51.3,0.39,,,,
2026-05-05 11:00,67,19.58,85.14,116.53,0.06,49.82,0.38,,,,
2026-05-05 12:00,66,19.38,85.64,116.05,0.06,49.5,0.37,,,,
2026-05-05 13:00,67,19.5,86.43,115.81,0.08,50.49,0.37,,,,
2026-05-05 14:00,67,19.83,87.21,115.36,0.1,52.18,0.37,,,,
2026-05-05 15:00,68,20.19,87.76,114.97,0.1,54.14,0.37,,,,
2026-05-05 16:00,69,20.5,87.95,114.67,0.1,55.67,0.36,,,,
2026-05-05 17:00,69,20.79,88.48,114.86,0.09,56.93,0.36,,,,
2026-05-05 18:00,70,20.99,89.31,115.21,0.09,57.67,0.34,,,,
2026-05-05 19:00,70,20.97,89.63,115.08,0.09,57.8,0.33,,,,
2026-05-05 20:00,69,20.89,90.07,115.04,0.08,57.48,0.32,,,,
2026-05-05 21:00,69,20.7,90.14,114.96,0.08,56.96,0.31,,,,
2026-05-05 22:00,68,20.42,90.03,114.73,0.08,56.12,0.3,,,,
2026-05-05 23:00,68,20.18,89.93,114.54,0.08,55.64,0.28,,,,
2026-05-06 00:00,68,19.99,89.6,114.49,0.07,55.25,0.27,,,,
2026-05-06 00:00,68,19.99,89.6,114.49,0.07,55.25,0.27,,,,
2026-05-06 01:00,68,19.99,89.6,114.39,0.07,55.32,0.26,,,,
2026-05-06 02:00,68,20.03,89.53,114.41,0.08,55.67,0.26,,,,
2026-05-06 03:00,67,19.93,89.01,114.54,0.07,56.0,0.25,,,,
2026-05-06 04:00,67,19.73,88.21,114.31,0.06,56.24,0.24,,,,
2026-05-06 05:00,67,19.53,87.16,114.14,0.05,56.38,0.24,,,,
2026-05-06 06:00,66,19.23,85.73,113.5,0.04,56.17,0.25,,,,
2026-05-06 07:00,65,18.85,84.06,112.76,0.03,55.71,0.27,,,,
2026-05-06 08:00,64,18.51,82.0,111.57,0.03,54.82,0.28,,,,
2026-05-06 09:00,64,18.25,80.15,110.33,0.03,53.69,0.28,,,,
2026-05-06 10:00,63,18.01,78.54,109.27,0.03,52.54,0.29,,,,
2026-05-06 11:00,63,17.57,76.65,107.73,0.04,50.91,0.29,,,,
2026-05-06 12:00,62,17.11,75.24,106.14,0.04,49.35,0.29,,,,
2026-05-06 13:00,61,16.78,74.58,105.04,0.06,48.35,0.3,,,,
2026-05-06 14:00,60,16.4,73.67,103.76,0.08,47.22,0.3,,,,
2026-05-06 15:00,59,16.02,72.49,102.48,0.09,46.27,0.29,,,,
2026-05-06 16:00,59,15.8,71.6,101.5,0.09,45.85,0.29,,,,
2026-05-06 17:00,59,15.77,71.28,100.67,0.09,45.66,0.28,,,,
2026-05-06 18:00,59,15.74,71.02,99.88,0.1,45.45,0.28,,,,
2026-05-06 19:00,59,15.7,70.66,99.06,0.1,45.27,0.28,,,,
2026-05-06 20:00,59,15.74,70.16,98.64,0.09,45.47,0.28,,,,
2026-05-06 21:00,59,15.85,69.41,98.43,0.09,46.05,0.27,,,,
2026-05-06 22:00,59,15.98,68.44,98.46,0.09,47.04,0.26,,,,
2026-05-06 23:00,59,16.03,67.14,98.55,0.08,47.59,0.26,,,,
2026-05-07 00:00,59,15.95,65.85,98.55,0.08,47.16,0.26,,,,
2026-05-07 00:00,59,15.95,65.85,98.55,0.08,47.16,0.26,,,,
2026-05-07 01:00,59,15.75,64.65,98.33,0.08,45.85,0.26,,,,
2026-05-07 02:00,58,15.45,62.98,97.99,0.09,44.59,0.27,,,,
2026-05-07 03:00,57,15.13,60.91,97.78,0.08,44.56,0.27,,,,
2026-05-07 04:00,57,14.93,58.71,97.91,0.06,46.49,0.28,,,,
2026-05-07 05:00,57,14.84,56.68,98.2,0.05,49.13,0.29,,,,
2026-05-07 06:00,57,14.78,55.09,98.36,0.04,50.67,0.29,,,,
2026-05-07 07:00,56,14.64,54.06,98.13,0.04,50.41,0.3,,,,
2026-05-07 08:00,56,14.38,53.31,97.28,0.04,48.84,0.3,,,,
2026-05-07 09:00,55,14.1,52.79,96.53,0.04,47.32,0.31,,,,
2026-05-07 10:00,55,13.83,52.34,95.98,0.05,46.97,0.32,,,,
2026-05-07 11:00,54,13.66,52.04,95.55,0.05,47.43,0.33,,,,
2026-05-07 12:00,54,13.65,52.36,95.29,0.06,48.19,0.33,,,,
2026-05-07 13:00,55,13.79,53.09,95.48,0.07,49.04,0.33,,,,
2026-05-07 14:00,55,13.98,54.03,95.53,0.09,49.57,0.33,,,,
2026-05-07 15:00,55,14.17,55.11,95.56,0.09,50.0,0.34,,,,
2026-05-07 16:00,56,14.3,56.06,95.42,0.09,50.49,0.35,,,,
2026-05-07 17:00,56,14.35,56.79,95.38,0.09,50.91,0.36,,,,
2026-05-07 18:00,56,14.35,57.18,95.3,0.09,51.51,0.36,,,,
2026-05-07 19:00,56,14.28,57.34,95.03,0.09,51.85,0.37,,,,
2026-05-07 20:00,56,14.24,57.63,94.7,0.09,51.86,0.37,,,,
2026-05-07 21:00,56,14.25,58.08,94.45,0.09,51.79,0.37,,,,
2026-05-07 22:00,56,14.32,58.77,94.38,0.09,51.75,0.37,,,,
2026-05-07 23:00,56,14.43,59.54,94.5,0.1,51.88,0.36,,,,
2026-05-08 00:00,56,14.54,60.08,94.61,0.1,51.94,0.36,,,,
2026-05-08 00:00,56,14.54,60.08,94.61,0.1,51.94,0.36,,,,
2026-05-08 01:00,56,14.63,60.4,94.87,0.1,51.98,0.36,,,,
2026-05-08 02:00,56,14.65,60.19,95.09,0.12,52.06,0.35,,,,
2026-05-08 03:00,56,14.58,59.49,95.25,0.11,52.15,0.35,,,,
2026-05-08 04:00,56,14.39,58.36,95.34,0.09,52.31,0.34,,,,
2026-05-08 05:00,55,14.23,57.38,95.48,0.08,52.56,0.33,,,,
2026-05-08 06:00,55,14.11,56.72,95.54,0.06,52.37,0.33,,,,
2026-05-08 07:00,55,14.03,56.36,95.51,0.06,51.52,0.33,,,,
2026-05-08 08:00,55,14.03,56.31,95.25,0.05,49.78,0.33,,,,
2026-05-08 09:00,55,14.09,56.61,94.93,0.05,47.97,0.34,,,,
2026-05-08 10:00,55,14.22,57.15,94.68,0.05,46.94,0.34,,,,
2026-05-08 11:00,56,14.35,57.4,94.43,0.05,46.83,0.34,,,,
2026-05-08 12:00,56,14.46,57.31,94.36,0.06,47.63,0.35,,,,
2026-05-08 13:00,56,14.59,57.27,94.54,0.07,48.99,0.35,,,,
2026-05-08 14:00,57,14.73,57.37,94.89,0.09,50.18,0.35,,,,
2026-05-08 15:00,57,14.88,57.69,95.15,0.1,51.02,0.35,,,,
2026-05-08 16:00,57,15.01,58.1,95.26,0.1,51.16,0.35,,,,
2026-05-08 17:00,57,15.19,58.87,95.45,0.09,50.91,0.35,,,,
2026-05-08 18:00,58,15.37,59.77,95.59,0.09,50.55,0.35,,,,
2026-05-08 19:00,58,15.49,60.49,95.7,0.09,50.29,0.35,,,,
2026-05-08 20:00,58,15.57,61.08,95.7,0.08,50.44,0.35,,,,
2026-05-08 21:00,58,15.6,61.65,95.65,0.08,51.1,0.34,,,,
2026-05-08 22:00,58,15.64,62.37,95.61,0.08,52.42,0.33,,,,
2026-05-08 23:00,59,15.74,63.31,95.48,0.08,53.96,0.32,,,,
2026-05-09 00:00,59,15.86,64.6,95.53,0.07,55.62,0.31,,,,
2026-05-09 00:00,59,15.86,64.6,95.53,0.07,55.62,0.31,,,,
2026-05-09 01:00,59,16.01,65.94,95.58,0.07,57.22,0.3,,,,
2026-05-09 02:00,59,16.11,67.04,95.57,0.08,58.46,0.29,,,,
2026-05-09 03:00,59,16.14,67.6,95.59,0.08,59.26,0.28,,,,
2026-05-09 04:00,59,16.0,67.42,95.18,0.07,59.5,0.27,,,,
2026-05-09 05:00,59,15.84,66.83,94.86,0.05,59.39,0.26,,,,
2026-05-09 06:00,58,15.6,65.6,94.57,0.05,58.72,0.25,,,,
2026-05-09 07:00,58,15.3,63.93,94.1,0.04,57.62,0.25,,,,
2026-05-09 08:00,57,15.0,62.06,93.57,0.04,56.26,0.25,,,,
2026-05-09 09:00,57,14.76,60.18,93.16,0.04,55.14,0.25,,,,
2026-05-09 10:00,56,14.59,58.25,93.17,0.04,54.67,0.26,,,,
2026-05-09 11:00,56,14.42,55.89,92.88,0.04,54.22,0.27,,,,
2026-05-09 12:00,56,14.27,53.94,92.77,0.05,54.42,0.28,,,,
2026-05-09 13:00,55,14.17,52.61,93.03,0.06,55.4,0.28,,,,
2026-05-09 14:00,55,14.07,51.41,93.36,0.07,56.6,0.29,,,,
2026-05-09 15:00,55,14.01,50.62,93.61,0.08,58.03,0.29,,,,
2026-05-09 16:00,55,13.98,50.3,93.65,0.08,59.28,0.28,,,,
2026-05-09 17:00,55,14.05,50.6,93.92,0.08,60.6,0.28,,,,
2026-05-09 18:00,55,14.16,51.28,94.05,0.07,61.62,0.29,,,,
2026-05-09 19:00,55,14.22,52.03,93.86,0.07,62.35,0.29,,,,
2026-05-09 20:00,56,14.28,52.98,93.66,0.07,62.85,0.29,,,,
2026-05-09 21:00,56,14.35,53.93,93.25,0.07,63.01,0.3,,,,
2026-05-09 22:00,56,14.46,54.9,93.14,0.07,62.99,0.31,,,,
2026-05-09 23:00,56,14.58,55.91,92.79,0.07,63.06,0.32,,,,
2026-05-10 00:00,57,14.74,57.39,92.58,0.06,63.23,0.32,,,,
2026-05-10 00:00,57,14.74,57.39,92.58,0.06,63.23,0.32,,,,
2026-05-10 01:00,57,14.99,59.8,92.39,0.06,63.88,0.32,,,,
2026-05-10 02:00,58,15.28,62.76,92.39,0.07,64.86,0.32,,,,
2026-05-10 03:00,58,15.55,65.6,92.59,0.07,65.95,0.32,,,,
2026-05-10 04:00,59,15.73,68.08,92.63,0.06,67.06,0.32,,,,
2026-05-10 05:00,59,15.83,69.21,92.57,0.05,66.99,0.31,,,,
2026-05-10 06:00,59,15.83,69.07,92.42,0.04,65.64,0.3,,,,
2026-05-10 07:00,59,15.71,67.74,91.98,0.04,63.35,0.29,,,,
2026-05-10 08:00,58,15.45,65.14,91.28,0.04,60.28,0.29,,,,
2026-05-10 09:00,57,15.16,62.6,90.67,0.04,57.84,0.28,,,,
2026-05-10 10:00,57,14.9,60.77,90.71,0.04,56.76,0.28,,,,
2026-05-10 11:00,56,14.6,59.31,90.43,0.04,56.7,0.28,,,,
2026-05-10 12:00,56,14.4,58.42,90.48,0.04,57.63,0.28,,,,
2026-05-10 13:00,56,14.36,58.19,90.95,0.06,58.89,0.29,,,,
2026-05-10 14:00,56,14.39,58.22,91.11,0.07,59.91,0.29,,,,
2026-05-10 15:00,56,14.48,58.64,91.26,0.08,60.58,0.3,,,,
2026-05-10 16:00,56,14.6,59.11,91.32,0.08,60.83,0.31,,,,
2026-05-10 17:00,56,14.71,59.61,91.39,0.08,60.93,0.31,,,,
2026-05-10 18:00,57,14.8,60.24,91.49,0.08,60.98,0.31,,,,
2026-05-10 19:00,57,14.82,60.84,91.51,0.08,60.82,0.31,,,,
2026-05-10 20:00,57,14.82,61.54,91.33,0.07,60.87,0.31,,,,
2026-05-10 21:00,57,14.83,62.07,91.28,0.07,60.69,0.3,,,,
2026-05-10 22:00,57,14.88,62.67,91.11,0.07,60.57,0.3,,,,
2026-05-10 23:00,57,14.97,63.34,90.92,0.07,60.51,0.31,,,,
2026-05-11 00:00,57,15.05,64.07,90.7,0.07,60.34,0.32,,,,
2026-05-11 00:00,57,15.05,64.07,90.7,0.07,60.34,0.32,,,,
2026-05-12 01:00,65,18.91,77.34,89.67,0.1,63.39,0.4,,,,
2026-05-12 02:00,66,19.19,78.48,89.98,0.12,63.11,0.41,,,,
2026-05-12 03:00,66,19.33,77.85,90.3,0.13,63.23,0.41,,,,
2026-05-12 04:00,66,19.26,75.37,90.71,0.11,63.6,0.4,,,,
2026-05-12 05:00,66,19.16,72.07,91.07,0.09,64.49,0.38,,,,
2026-05-12 06:00,66,19.17,69.07,91.73,0.08,65.32,0.36,,,,
2026-05-12 07:00,66,19.47,67.93,92.61,0.06,66.51,0.34,,,,
2026-05-12 08:00,68,20.0,68.74,93.53,0.06,67.68,0.34,,,,
2026-05-12 09:00,69,20.65,70.83,94.26,0.05,68.18,0.34,,,,
2026-05-12 10:00,71,21.51,74.28,95.4,0.05,68.95,0.35,,,,
2026-05-12 11:00,72,22.13,77.6,95.59,0.05,69.0,0.37,,,,
2026-05-12 12:00,73,22.59,81.25,95.11,0.06,69.34,0.39,,,,
2026-05-12 13:00,75,23.32,86.76,95.1,0.08,70.84,0.42,,,,
2026-05-12 14:00,77,24.36,92.86,95.19,0.1,73.05,0.44,,,,
2026-05-12 15:00,80,25.9,99.49,95.69,0.11,75.89,0.46,,,,
2026-05-12 16:00,84,27.72,105.68,96.41,0.11,78.76,0.47,,,,
2026-05-12 17:00,89,30.08,112.7,97.78,0.11,82.08,0.5,,,,
2026-05-12 18:00,95,32.96,120.14,99.71,0.1,85.88,0.54,,,,
2026-05-12 19:00,102,35.98,126.38,101.65,0.1,89.7,0.6,,,,
2026-05-12 20:00,109,38.79,130.13,103.73,0.1,93.17,0.66,,,,
2026-05-12 21:00,115,41.0,130.58,105.67,0.1,95.99,0.71,,,,
2026-05-12 22:00,118,42.48,128.59,107.71,0.1,98.77,0.75,,,,
2026-05-12 23:00,119,42.81,124.42,109.5,0.1,101.39,0.79,,,,
2026-05-13 00:00,117,42.01,119.2,110.63,0.09,103.52,0.83,,,,
2026-05-13 00:00,117,42.01,119.2,110.63,0.09,103.52,0.83,,,,
2026-05-13 01:00,113,40.36,113.31,111.18,0.09,104.77,0.87,,,,
2026-05-13 02:00,106,37.69,105.46,110.5,0.11,104.31,0.9,,,,
2026-05-13 03:00,98,34.26,96.66,109.42,0.12,102.13,0.89,,,,
2026-05-13 04:00,90,30.59,88.27,108.25,0.11,98.53,0.84,,,,
2026-05-13 05:00,82,27.02,80.22,106.32,0.09,93.43,0.75,,,,
2026-05-13 06:00,75,23.61,72.24,103.1,0.08,87.02,0.66,,,,
2026-05-13 07:00,69,20.64,65.28,99.42,0.08,80.4,0.58,,,,
2026-05-13 08:00,65,18.83,61.05,96.44,0.07,74.94,0.52,,,,
2026-05-13 09:00,64,18.36,59.45,94.92,0.07,71.13,0.48,,,,
2026-05-13 10:00,65,18.68,58.59,95.14,0.07,69.16,0.45,,,,
2026-05-13 11:00,66,19.08,57.38,96.39,0.07,68.49,0.43,,,,
2026-05-13 12:00,66,19.12,55.58,98.27,0.08,69.07,0.41,,,,
2026-05-13 13:00,65,18.86,53.59,100.55,0.09,70.15,0.39,,,,
2026-05-13 14:00,64,18.44,51.9,102.13,0.11,70.68,0.39,,,,
2026-05-13 15:00,63,17.95,50.08,103.73,0.11,71.06,0.39,,,,
2026-05-13 16:00,62,17.38,48.2,104.96,0.11,71.32,0.39,,,,
2026-05-13 17:00,61,16.75,46.28,105.83,0.11,70.88,0.38,,,,
2026-05-13 18:00,59,15.88,44.07,105.55,0.1,69.13,0.37,,,,
2026-05-13 19:00,56,14.71,41.72,103.04,0.1,65.74,0.37,,,,
2026-05-13 20:00,54,13.5,39.99,99.76,0.1,62.37,0.36,,,,
2026-05-13 21:00,52,12.38,38.7,96.36,0.1,59.54,0.36,,,,
2026-05-13 22:00,47,11.35,37.52,93.12,0.09,57.61,0.36,,,,
2026-05-13 23:00,44,10.56,36.94,90.25,0.09,56.09,0.36,,,,
2026-05-14 00:00,42,10.0,37.47,87.27,0.09,54.35,0.37,,,,
2026-05-14 00:00,42,10.0,37.47,87.27,0.09,54.35,0.37,,,,
2026-05-14 01:00,40,9.57,38.57,84.18,0.09,52.42,0.38,,,,
2026-05-14 02:00,38,9.19,39.83,81.53,0.09,50.62,0.4,,,,
2026-05-14 03:00,37,8.81,40.72,79.22,0.09,49.13,0.4,,,,
2026-05-14 04:00,35,8.35,40.19,77.62,0.07,48.21,0.39,,,,
2026-05-14 05:00,33,7.95,39.07,76.63,0.06,47.44,0.37,,,,
2026-05-14 06:00,33,7.82,39.13,75.52,0.05,45.64,0.37,,,,
2026-05-14 07:00,32,7.73,38.93,75.03,0.04,43.3,0.35,,,,
2026-05-14 08:00,32,7.57,38.1,74.96,0.04,41.25,0.34,,,,
2026-05-14 09:00,31,7.42,37.04,75.36,0.04,39.57,0.32,,,,
2026-05-14 10:00,31,7.32,36.19,76.4,0.04,38.44,0.31,,,,
2026-05-14 11:00,30,7.26,35.77,77.14,0.04,37.48,0.31,,,,
2026-05-14 12:00,30,7.26,36.1,77.65,0.04,36.77,0.31,,,,
2026-05-14 13:00,30,7.27,37.04,77.67,0.05,36.22,0.31,,,,
2026-05-14 14:00,30,7.29,38.48,77.05,0.06,35.51,0.32,,,,
2026-05-14 15:00,31,7.37,40.42,75.92,0.07,34.56,0.33,,,,
2026-05-14 16:00,31,7.43,42.22,74.41,0.08,33.56,0.33,,,,
2026-05-14 17:00,31,7.43,43.48,73.02,0.08,32.72,0.33,,,,
2026-05-14 18:00,31,7.36,43.76,71.77,0.08,31.93,0.33,,,,
2026-05-14 19:00,30,7.19,42.93,70.76,0.08,31.37,0.33,,,,
2026-05-14 20:00,29,7.04,41.83,70.31,0.09,31.33,0.33,,,,
2026-05-14 21:00,29,6.95,41.07,70.29,0.09,31.92,0.32,,,,
2026-05-14 22:00,29,6.99,41.02,70.97,0.08,33.13,0.32,,,,
2026-05-14 23:00,30,7.1,41.47,71.73,0.08,34.18,0.32,,,,
2026-05-15 00:00,30,7.27,42.05,72.46,0.08,34.63,0.33,,,,
2026-05-15 00:00,30,7.27,42.05,72.46,0.08,34.63,0.33,,,,
2026-05-15 01:00,31,7.45,42.77,72.95,0.08,34.76,0.33,,,,
2026-05-15 02:00,32,7.59,43.31,73.66,0.09,35.05,0.34,,,,
2026-05-15 03:00,32,7.7,43.54,74.57,0.08,35.78,0.34,,,,
2026-05-15 04:00,32,7.75,43.42,75.28,0.07,36.73,0.34,,,,
2026-05-15 05:00,32,7.78,43.09,75.88,0.06,37.47,0.33,,,,
2026-05-15 06:00,33,7.84,42.84,76.11,0.05,37.82,0.32,,,,
2026-05-15 07:00,33,7.93,42.78,76.31,0.05,37.95,0.31,,,,
2026-05-15 08:00,33,8.02,42.76,76.14,0.04,37.41,0.31,,,,
2026-05-15 09:00,34,8.09,42.7,76.14,0.04,36.89,0.3,,,,
2026-05-15 10:00,34,8.13,42.6,76.42,0.04,36.7,0.29,,,,
2026-05-15 11:00,34,8.17,42.44,76.63,0.04,36.74,0.29,,,,
2026-05-15 12:00,34,8.17,42.14,76.89,0.04,37.02,0.28,,,,
2026-05-15 13:00,34,8.17,41.9,77.22,0.05,37.55,0.28,,,,
2026-05-15 14:00,34,8.14,41.62,77.39,0.06,38.03,0.28,,,,
2026-05-15 15:00,34,8.09,41.46,77.42,0.07,38.32,0.27,,,,
2026-05-15 16:00,33,8.03,41.22,77.41,0.07,38.64,0.27,,,,
2026-05-15 17:00,33,8.0,41.29,77.49,0.06,39.12,0.27,,,,
2026-05-15 18:00,33,7.99,41.42,77.71,0.06,39.88,0.28,,,,
2026-05-15 19:00,33,7.98,41.66,77.93,0.06,40.71,0.28,,,,
2026-05-15 20:00,33,7.99,41.97,78.24,0.06,41.76,0.28,,,,
2026-05-15 21:00,33,8.0,42.15,78.5,0.06,42.9,0.28,,,,
2026-05-15 22:00,33,8.01,42.45,78.93,0.06,44.19,0.29,,,,
2026-05-15 23:00,33,8.01,42.38,79.0,0.06,44.99,0.29,,,,
2026-05-16 00:00,33,8.0,42.24,79.18,0.06,45.52,0.29,,,,
2026-05-16 00:00,33,8.0,42.24,79.18,0.06,45.52,0.29,,,,
2026-05-16 01:00,33,8.03,42.25,79.33,0.06,46.16,0.29,,,,
2026-05-16 02:00,34,8.09,42.55,79.56,0.07,46.87,0.29,,,,
2026-05-16 03:00,34,8.19,43.25,79.71,0.06,47.49,0.29,,,,
2026-05-16 04:00,35,8.33,44.35,79.88,0.05,47.96,0.28,,,,
2026-05-16 05:00,35,8.51,45.54,80.05,0.04,48.36,0.27,,,,
2026-05-16 06:00,36,8.7,46.7,80.36,0.04,48.25,0.26,,,,
2026-05-16 07:00,37,8.87,48.04,80.68,0.03,47.87,0.25,,,,
2026-05-16 08:00,38,9.01,49.19,80.76,0.03,47.21,0.23,,,,
2026-05-16 09:00,38,9.05,49.51,80.71,0.03,46.08,0.22,,,,
2026-05-16 10:00,38,9.04,49.41,80.67,0.03,45.01,0.21,,,,
2026-05-16 11:00,38,9.0,48.79,80.45,0.03,43.84,0.2,,,,
2026-05-16 12:00,37,8.96,48.14,80.23,0.03,43.23,0.19,,,,
2026-05-16 13:00,37,8.96,47.76,80.17,0.04,43.17,0.18,,,,
2026-05-16 14:00,37,8.96,47.52,80.41,0.05,43.4,0.18,,,,
2026-05-16 15:00,37,8.98,47.3,80.5,0.06,43.81,0.18,,,,
2026-05-16 16:00,37,8.96,47.02,80.53,0.06,44.27,0.18,,,,
2026-05-16 17:00,37,8.98,46.98,80.84,0.06,44.87,0.18,,,,
2026-05-16 18:00,38,9.01,46.88,81.15,0.06,45.48,0.18,,,,
2026-05-16 19:00,38,9.0,46.54,81.43,0.06,45.98,0.19,,,,
2026-05-16 20:00,38,9.03,46.45,81.72,0.05,46.6,0.19,,,,
2026-05-16 21:00,38,9.08,46.5,81.99,0.05,47.12,0.2,,,,
2026-05-16 22:00,38,9.19,46.64,82.38,0.05,47.45,0.2,,,,
2026-05-16 23:00,39,9.34,46.94,82.73,0.05,47.78,0.21,,,,
2026-05-17 00:00,40,9.53,47.39,83.22,0.05,48.14,0.21,,,,
2026-05-17 00:00,40,9.53,47.39,83.22,0.05,48.14,0.21,,,,
2026-05-17 01:00,41,9.8,48.16,83.53,0.05,48.62,0.2,,,,
2026-05-17 02:00,42,10.09,49.08,84.08,0.06,49.23,0.2,,,,
2026-05-17 03:00,43,10.38,49.97,84.63,0.05,49.85,0.19,,,,
2026-05-17 04:00,44,10.64,50.82,84.8,0.04,50.07,0.18,,,,
2026-05-17 05:00,45,10.9,51.79,85.1,0.03,49.81,0.18,,,,
2026-05-17 06:00,46,11.13,52.72,85.21,0.03,48.77,0.17,,,,
2026-05-17 07:00,47,11.31,53.39,85.1,0.03,46.94,0.16,,,,
2026-05-17 08:00,48,11.44,54.15,84.8,0.03,44.92,0.15,,,,
2026-05-17 09:00,48,11.55,55.09,84.48,0.03,43.01,0.15,,,,
2026-05-17 10:00,49,11.66,56.36,84.36,0.03,41.46,0.15,,,,
2026-05-17 11:00,49,11.7,57.5,83.92,0.03,40.22,0.15,,,,
2026-05-17 12:00,48,11.63,58.28,83.57,0.03,39.36,0.15,,,,
2026-05-17 13:00,48,11.49,58.81,83.28,0.04,39.11,0.16,,,,
2026-05-17 14:00,47,11.24,58.6,83.04,0.06,39.05,0.17,,,,
2026-05-17 15:00,45,10.9,58.0,82.79,0.06,39.46,0.18,,,,
2026-05-17 16:00,44,10.6,57.47,82.67,0.07,40.4,0.18,,,,
2026-05-17 17:00,43,10.36,57.17,82.77,0.06,41.76,0.19,,,,
2026-05-17 18:00,42,10.17,56.54,83.01,0.06,43.34,0.19,,,,
2026-05-17 19:00,41,9.93,55.25,82.99,0.06,44.79,0.2,,,,
2026-05-17 20:00,41,9.72,53.85,83.0,0.06,46.0,0.2,,,,
2026-05-17 21:00,40,9.53,52.61,82.9,0.06,46.66,0.21,,,,
2026-05-17 22:00,39,9.34,51.33,82.74,0.06,47.0,0.22,,,,
2026-05-17 23:00,38,9.07,49.73,82.43,0.06,47.08,0.22,,,,
2026-05-18 00:00,37,8.82,48.24,82.14,0.06,47.07,0.22,,,,
2026-05-18 00:00,37,8.82,48.24,82.14,0.06,47.07,0.22,,,,
2026-05-18 01:00,36,8.68,47.72,82.28,0.06,47.63,0.22,,,,
2026-05-18 02:00,36,8.74,49.11,82.74,0.06,49.22,0.22,,,,
2026-05-18 03:00,37,8.99,52.05,83.24,0.05,51.6,0.22,,,,
2026-05-18 04:00,39,9.42,56.2,83.77,0.04,53.84,0.22,,,,
2026-05-18 05:00,41,9.83,59.72,83.89,0.04,54.65,0.21,,,,
2026-05-18 06:00,42,10.11,62.17,83.84,0.03,54.02,0.21,,,,
2026-05-18 07:00,43,10.3,63.88,83.84,0.03,52.73,0.2,,,,
2026-05-18 08:00,43,10.38,64.81,83.41,0.03,50.91,0.2,,,,
2026-05-18 09:00,43,10.38,65.22,83.14,0.03,48.99,0.2,,,,
2026-05-18 10:00,43,10.36,65.33,83.03,0.03,47.58,0.2,,,,
2026-05-18 11:00,43,10.29,64.68,82.88,0.03,46.84,0.21,,,,
2026-05-18 12:00,42,10.11,62.71,82.77,0.03,46.62,0.21,,,,
2026-05-18 13:00,41,9.76,59.53,82.77,0.04,46.83,0.21,,,,
2026-05-18 14:00,38,9.18,55.21,82.5,0.05,46.72,0.22,,,,
2026-05-18 15:00,35,8.5,50.57,82.09,0.06,46.25,0.23,,,,
2026-05-18 16:00,33,7.98,46.89,81.52,0.06,45.68,0.25,,,,
2026-05-18 17:00,32,7.79,45.02,81.37,0.06,45.59,0.26,,,,
2026-05-18 18:00,33,7.94,45.02,81.55,0.06,46.26,0.27,,,,
2026-05-18 19:00,35,8.35,46.65,82.18,0.06,47.66,0.28,,,,
2026-05-18 20:00,37,8.88,49.32,82.99,0.06,49.42,0.29,,,,
2026-05-18 21:00,39,9.39,52.14,83.7,0.06,51.04,0.3,,,,
2026-05-18 22:00,41,9.8,54.58,84.41,0.06,52.41,0.31,,,,
2026-05-18 23:00,42,10.06,56.05,84.89,0.06,53.45,0.32,,,,
2026-05-19 00:00,43,10.25,56.78,85.44,0.06,54.71,0.33,,,,
2026-05-19 00:00,43,10.25,56.78,85.44,0.06,54.71,0.33,,,,
2026-05-20 01:00,62,17.41,99.4,86.77,0.08,50.55,0.37,,,,
2026-05-20 02:00,64,18.51,109.3,86.51,0.09,51.43,0.37,,,,
2026-05-20 03:00,67,19.56,118.67,86.68,0.08,52.8,0.37,,,,
2026-05-20 04:00,69,20.66,127.73,86.88,0.07,54.49,0.38,,,,
2026-05-20 05:00,70,21.21,132.06,86.97,0.06,54.88,0.38,,,,
2026-05-20 06:00,71,21.56,134.84,86.99,0.05,54.63,0.38,,,,
2026-05-20 07:00,71,21.76,136.37,87.02,0.05,53.96,0.37,,,,
2026-05-20 08:00,71,21.77,135.64,86.93,0.04,52.77,0.36,,,,
2026-05-20 09:00,71,21.79,133.94,86.95,0.04,51.49,0.34,,,,
2026-05-20 10:00,71,21.83,131.45,87.16,0.04,50.56,0.33,,,,
2026-05-20 11:00,71,21.62,126.52,87.34,0.04,49.79,0.33,,,,
2026-05-20 12:00,70,21.07,118.84,87.22,0.05,49.21,0.32,,,,
2026-05-20 13:00,68,20.41,110.36,87.41,0.06,49.08,0.32,,,,
2026-05-20 14:00,67,19.6,101.5,87.56,0.07,48.97,0.31,,,,
2026-05-20 15:00,65,18.7,93.08,87.66,0.08,48.86,0.31,,,,
2026-05-20 16:00,63,17.89,86.48,87.81,0.08,48.91,0.3,,,,
2026-05-20 17:00,62,17.25,81.57,88.24,0.08,49.32,0.3,,,,
2026-05-20 18:00,61,16.67,77.7,88.66,0.07,49.84,0.31,,,,
2026-05-20 19:00,60,16.15,74.74,88.88,0.07,50.22,0.31,,,,
2026-05-20 20:00,59,15.81,72.74,89.25,0.07,50.52,0.32,,,,
2026-05-20 21:00,58,15.59,71.58,89.38,0.07,50.88,0.32,,,,
2026-05-20 22:00,58,15.48,71.26,89.6,0.07,51.57,0.33,,,,
2026-05-20 23:00,58,15.46,72.12,89.68,0.07,52.38,0.33,,,,
2026-05-21 00:00,58,15.53,74.16,89.62,0.07,53.14,0.33,,,,
2026-05-21 00:00,58,15.53,74.16,89.62,0.07,53.14,0.33,,,,
2026-05-21 01:00,59,15.67,76.79,89.34,0.07,53.58,0.33,,,,
2026-05-21 02:00,59,15.84,79.47,89.11,0.08,53.96,0.33,,,,
2026-05-21 03:00,59,15.96,81.87,89.08,0.07,54.19,0.33,,,,
2026-05-21 04:00,59,16.05,83.85,89.0,0.06,54.34,0.33,,,,
2026-05-21 05:00,59,16.0,84.48,88.63,0.05,53.94,0.32,,,,
2026-05-21 06:00,59,15.84,83.78,88.2,0.04,52.72,0.31,,,,
2026-05-21 07:00,58,15.55,82.18,87.63,0.04,50.92,0.3,,,,
2026-05-21 08:00,58,15.22,80.6,86.9,0.04,48.96,0.3,,,,
2026-05-21 09:00,57,14.92,79.66,86.41,0.04,47.31,0.29,,,,
2026-05-21 10:00,56,14.66,79.63,86.28,0.04,46.19,0.29,,,,
2026-05-21 11:00,56,14.41,79.65,86.03,0.04,45.47,0.29,,,,
2026-05-21 12:00,56,14.29,80.36,85.98,0.04,45.59,0.29,,,,
2026-05-21 13:00,56,14.44,82.92,86.23,0.05,46.5,0.3,,,,
2026-05-21 14:00,57,14.75,85.96,86.7,0.07,47.71,0.31,,,,
2026-05-21 15:00,57,15.11,89.03,87.0,0.07,48.96,0.32,,,,
2026-05-21 16:00,58,15.46,91.7,87.3,0.07,49.92,0.32,,,,
2026-05-21 17:00,59,15.8,94.52,87.6,0.07,50.8,0.32,,,,
2026-05-21 18:00,60,16.22,97.46,87.72,0.07,51.63,0.32,,,,
2026-05-21 19:00,60,16.61,100.22,87.6,0.07,52.17,0.32,,,,
2026-05-21 20:00,61,17.02,103.03,87.43,0.06,52.58,0.31,,,,
2026-05-21 21:00,62,17.37,105.43,87.08,0.06,52.77,0.31,,,,
2026-05-21 22:00,63,17.64,107.61,86.8,0.06,52.92,0.31,,,,
2026-05-21 23:00,63,17.76,109.04,86.28,0.06,52.85,0.3,,,,
2026-05-22 00:00,63,17.72,109.16,85.85,0.06,52.48,0.29,,,,
2026-05-22 00:00,63,17.72,109.16,85.85,0.06,52.48,0.29,,,,
2026-05-22 01:00,62,17.54,106.97,85.17,0.06,51.77,0.28,,,,
2026-05-22 02:00,62,17.35,104.19,84.83,0.07,51.2,0.27,,,,
2026-05-22 03:00,62,17.15,102.03,84.59,0.06,50.82,0.26,,,,
2026-05-22 04:00,61,17.0,101.62,84.24,0.05,50.5,0.25,,,,
2026-05-22 05:00,61,17.05,103.02,84.27,0.04,50.39,0.23,,,,
2026-05-22 06:00,62,17.12,104.26,84.38,0.04,49.98,0.22,,,,
2026-05-22 07:00,62,17.18,105.29,84.47,0.03,49.25,0.21,,,,
2026-05-22 08:00,62,17.2,105.68,84.49,0.03,48.17,0.2,,,,
2026-05-22 09:00,62,17.21,105.87,84.52,0.03,47.07,0.2,,,,
2026-05-22 10:00,62,17.23,105.99,84.81,0.03,46.28,0.19,,,,
2026-05-22 11:00,62,17.21,105.79,84.99,0.03,45.76,0.19,,,,
2026-05-22 12:00,62,17.19,105.3,85.11,0.03,45.71,0.19,,,,
2026-05-22 13:00,62,17.23,104.94,85.63,0.04,46.11,0.2,,,,
2026-05-22 14:00,62,17.27,104.4,85.75,0.05,46.38,0.2,,,,
2026-05-22 15:00,62,17.34,104.06,85.58,0.06,46.56,0.2,,,,
2026-05-22 16:00,62,17.45,103.86,85.57,0.06,46.84,0.21,,,,
2026-05-22 17:00,63,17.59,103.74,85.59,0.06,47.38,0.21,,,,
2026-05-22 18:00,63,17.65,103.4,85.73,0.06,47.95,0.22,,,,
2026-05-22 19:00,62,17.55,102.38,85.58,0.06,48.26,0.23,,,,
2026-05-22 20:00,62,17.41,101.6,85.33,0.06,48.43,0.23,,,,
2026-05-22 21:00,62,17.28,101.09,85.19,0.06,48.56,0.24,,,,
2026-05-22 22:00,62,17.33,101.49,85.11,0.06,49.07,0.25,,,,
2026-05-22 23:00,63,17.72,104.15,85.53,0.06,50.46,0.25,,,,
2026-05-23 00:00,64,18.27,108.25,85.74,0.06,51.81,0.26,,,,
2026-05-23 00:00,64,18.27,108.25,85.74,0.06,51.81,0.26,,,,
2026-05-23 01:00,65,18.9,113.5,86.23,0.06,53.19,0.26,,,,
2026-05-23 02:00,66,19.42,117.89,86.49,0.07,54.3,0.26,,,,
2026-05-23 03:00,67,19.74,120.68,86.72,0.06,55.17,0.25,,,,
2026-05-23 04:00,67,19.81,121.42,86.77,0.05,55.58,0.24,,,,
2026-05-23 05:00,67,19.79,121.44,86.89,0.04,55.35,0.23,,,,
2026-05-23 06:00,67,19.71,121.0,86.8,0.04,54.3,0.21,,,,
2026-05-23 07:00,67,19.5,119.74,86.68,0.03,52.7,0.19,,,,
2026-05-23 08:00,66,19.09,116.89,86.35,0.03,50.91,0.18,,,,
2026-05-23 09:00,64,18.48,112.57,86.26,0.03,49.2,0.17,,,,
2026-05-23 10:00,63,17.76,107.44,86.17,0.03,47.7,0.16,,,,
2026-05-23 11:00,61,16.91,101.73,85.86,0.03,46.14,0.16,,,,
2026-05-23 12:00,59,15.97,95.49,85.54,0.03,45.03,0.16,,,,
2026-05-23 13:00,57,15.12,89.7,85.48,0.04,44.63,0.16,,,,
2026-05-23 14:00,56,14.4,84.95,85.4,0.06,44.55,0.17,,,,
2026-05-23 15:00,55,13.82,81.27,85.49,0.06,44.59,0.18,,,,
2026-05-23 16:00,54,13.35,78.18,85.56,0.06,44.94,0.18,,,,
2026-05-23 17:00,53,12.91,74.82,85.8,0.07,45.89,0.19,,,,
2026-05-23 18:00,52,12.36,70.62,86.11,0.07,46.99,0.19,,,,
2026-05-23 19:00,49,11.66,65.33,86.15,0.06,47.88,0.2,,,,
2026-05-23 20:00,46,10.96,60.22,86.27,0.06,48.57,0.2,,,,
2026-05-23 21:00,43,10.33,55.98,86.45,0.06,49.06,0.2,,,,
2026-05-23 22:00,41,9.86,53.04,86.74,0.06,49.57,0.21,,,,
2026-05-23 23:00,40,9.55,51.31,86.92,0.06,49.88,0.21,,,,
2026-05-24 00:00,39,9.28,49.98,86.69,0.06,49.66,0.21,,,,
2026-05-24 00:00,39,9.28,49.98,86.69,0.06,49.66,0.21,,,,
2026-05-24 01:00,38,9.04,48.93,86.5,0.06,49.2,0.21,,,,
2026-05-24 02:00,37,8.85,48.0,86.21,0.07,48.63,0.22,,,,
2026-05-24 03:00,36,8.65,46.88,86.09,0.06,48.06,0.22,,,,
2026-05-24 04:00,35,8.46,45.66,85.9,0.05,47.55,0.22,,,,
2026-05-24 05:00,35,8.34,44.73,85.8,0.05,46.97,0.22,,,,
2026-05-24 06:00,34,8.25,43.98,85.73,0.04,46.25,0.22,,,,
2026-05-24 07:00,34,8.18,43.36,85.66,0.04,45.42,0.22,,,,
2026-05-24 08:00,34,8.09,42.85,85.62,0.03,44.57,0.21,,,,
2026-05-24 09:00,33,7.99,42.52,85.6,0.03,43.63,0.2,,,,
2026-05-24 10:00,33,7.91,42.42,85.81,0.03,42.83,0.2,,,,
2026-05-24 11:00,32,7.73,41.36,85.79,0.03,41.75,0.2,,,,
2026-05-24 12:00,31,7.44,39.54,85.56,0.03,40.77,0.2,,,,
2026-05-24 13:00,30,7.16,37.78,85.47,0.04,40.1,0.21,,,,
2026-05-24 14:00,29,6.92,36.39,85.27,0.05,39.35,0.22,,,,
2026-05-24 15:00,28,6.8,35.46,85.12,0.06,38.63,0.24,,,,
2026-05-24 16:00,28,6.84,35.27,84.86,0.06,37.87,0.25,,,,
2026-05-24 17:00,30,7.11,36.04,84.68,0.07,37.36,0.27,,,,
2026-05-24 18:00,32,7.61,37.67,84.41,0.07,37.04,0.28,,,,
2026-05-24 19:00,34,8.26,39.91,84.27,0.07,37.2,0.3,,,,
2026-05-24 20:00,38,9.04,42.5,84.39,0.07,37.92,0.3,,,,
2026-05-24 21:00,42,9.97,45.52,84.85,0.07,38.72,0.3,,,,
2026-05-24 22:00,46,11.04,48.77,85.24,0.07,39.47,0.31,,,,
2026-05-24 23:00,51,12.15,51.75,85.59,0.07,39.99,0.32,,,,
2026-05-25 00:00,53,13.22,54.51,85.88,0.07,40.15,0.33,,,,
2026-05-25 00:00,55,14.01,58.17,86.27,0.07,41.09,0.33,,,,
2026-05-25 01:00,57,14.9,60.32,86.22,0.07,41.18,0.34,,,,
2026-05-25 02:00,58,15.44,61.23,85.85,0.08,40.97,0.34,,,,
2026-05-25 03:00,58,15.58,61.1,85.28,0.07,40.84,0.35,,,,
2026-05-25 04:00,58,15.42,60.58,84.7,0.06,41.1,0.34,,,,
2026-05-25 05:00,57,15.18,60.58,84.39,0.05,41.63,0.34,,,,
2026-05-25 06:00,57,15.03,60.75,83.95,0.05,41.71,0.34,,,,
2026-05-25 07:00,57,15.0,60.75,83.43,0.04,41.18,0.34,,,,
2026-05-25 08:00,57,15.16,60.6,83.03,0.04,40.11,0.34,,,,
2026-05-25 09:00,58,15.54,61.15,83.01,0.04,39.17,0.33,,,,
2026-05-25 10:00,60,16.31,63.0,83.29,0.04,38.8,0.33,,,,
2026-05-25 11:00,62,17.45,65.65,83.82,0.04,38.85,0.34,,,,
2026-05-25 12:00,65,18.75,69.1,84.41,0.04,39.21,0.34,,,,
2026-05-25 13:00,67,19.82,72.14,84.69,0.05,39.68,0.35,,,,
2026-05-25 14:00,68,20.23,72.89,84.27,0.07,39.64,0.36,,,,
2026-05-25 15:00,67,19.75,71.08,83.41,0.08,39.19,0.37,,,,
2026-05-25 16:00,64,18.44,67.4,82.34,0.09,38.69,0.37,,,,
2026-05-25 17:00,61,16.79,63.28,81.62,0.09,38.36,0.38,,,,
2026-05-25 18:00,58,15.24,59.8,81.13,0.09,38.19,0.38,,,,
2026-05-25 19:00,55,14.05,57.86,80.68,0.09,38.09,0.38,,,,
2026-05-25 20:00,54,13.32,57.16,80.47,0.09,37.92,0.38,,,,
2026-05-25 21:00,53,12.94,57.18,80.23,0.1,37.5,0.39,,,,
2026-05-25 22:00,53,12.92,58.93,80.14,0.1,37.28,0.4,,,,
2026-05-25 23:00,53,13.25,62.44,80.28,0.1,37.49,0.4,,,,
2026-05-26 00:00,55,13.89,67.32,80.58,0.11,38.2,0.4,,,,
2026-05-26 00:00,55,13.89,67.32,80.58,0.11,38.2,0.4,,,,
2026-05-26 01:00,56,14.67,72.08,80.77,0.11,38.91,0.41,,,,
2026-05-26 02:00,58,15.24,74.51,80.99,0.12,39.11,0.41,,,,
2026-05-26 03:00,58,15.45,74.61,81.05,0.11,38.79,0.42,,,,
2026-05-26 04:00,58,15.41,73.7,80.85,0.09,38.43,0.43,,,,
2026-05-26 05:00,58,15.41,73.63,80.9,0.08,38.41,0.43,,,,
2026-05-26 06:00,58,15.56,74.36,81.12,0.07,38.41,0.42,,,,
2026-05-26 07:00,59,15.72,74.54,81.59,0.06,38.12,0.42,,,,
2026-05-26 08:00,59,15.83,73.29,81.63,0.05,37.29,0.41,,,,
2026-05-26 09:00,59,15.92,71.0,81.78,0.05,36.37,0.4,,,,
2026-05-26 10:00,59,16.01,68.39,81.83,0.05,35.49,0.39,,,,
2026-05-26 11:00,59,15.97,66.04,81.47,0.05,34.84,0.39,,,,
2026-05-26 12:00,58,15.65,64.29,81.03,0.06,34.47,0.39,,,,
2026-05-26 13:00,57,15.12,63.0,80.5,0.07,34.4,0.39,,,,
2026-05-26 14:00,56,14.43,61.51,79.78,0.09,34.24,0.39,,,,
2026-05-26 15:00,54,13.76,59.96,78.82,0.1,34.03,0.39,,,,
2026-05-26 16:00,54,13.29,59.05,77.95,0.1,33.84,0.4,,,,
2026-05-26 17:00,53,13.04,58.91,77.45,0.1,33.82,0.4,,,,
2026-05-26 18:00,53,12.9,58.97,77.34,0.1,33.97,0.4,,,,
2026-05-26 19:00,52,12.77,58.89,77.32,0.1,34.14,0.4,,,,
2026-05-26 20:00,52,12.64,58.58,77.59,0.1,34.39,0.39,,,,
2026-05-26 21:00,52,12.48,58.02,77.73,0.1,34.53,0.39,,,,
2026-05-26 22:00,51,12.29,57.34,77.83,0.1,34.65,0.38,,,,
2026-05-26 23:00,51,12.11,56.89,77.72,0.11,34.61,0.38,,,,
2026-05-27 00:00,50,11.9,56.57,77.52,0.11,34.51,0.39,,,,
2026-05-27 00:00,50,11.9,56.57,77.52,0.11,34.51,0.39,,,,
2026-05-27 01:00,48,11.58,56.49,77.28,0.11,34.48,0.39,,,,
2026-05-27 02:00,47,11.22,56.66,77.29,0.12,34.59,0.38,,,,
2026-05-27 03:00,45,10.86,56.85,77.23,0.11,34.88,0.38,,,,
2026-05-27 04:00,44,10.55,56.8,77.01,0.09,35.1,0.37,,,,
2026-05-27 05:00,43,10.36,56.38,76.43,0.08,35.17,0.37,,,,
2026-05-27 06:00,43,10.32,56.03,75.9,0.07,35.01,0.37,,,,
2026-05-27 07:00,43,10.35,55.98,75.5,0.06,34.87,0.36,,,,
2026-05-27 08:00,43,10.35,55.73,75.37,0.06,34.6,0.36,,,,
2026-05-27 09:00,43,10.3,55.15,75.56,0.05,34.27,0.35,,,,
2026-05-27 10:00,43,10.31,54.57,75.8,0.05,34.03,0.34,,,,
2026-05-27 11:00,43,10.36,53.95,76.16,0.05,33.92,0.34,,,,
2026-05-27 12:00,44,10.48,53.7,76.48,0.05,34.03,0.34,,,,
